solid OpenSCAD_Model
  facet normal 0 -1 0
    outer loop
      vertex -37.75 -13.75 2.4
      vertex -36.349999999999994 -13.75 2.4
      vertex -36.349999999999994 -13.75 5.6
    endloop
  endfacet
  facet normal 0 -1 0
    outer loop
      vertex -37.75 -13.75 2.4
      vertex -36.349999999999994 -13.75 5.6
      vertex -37.75 -13.75 5.6
    endloop
  endfacet
  facet normal 1 0 0
    outer loop
      vertex -36.349999999999994 -13.75 2.4
      vertex -36.349999999999994 13.75 2.4
      vertex -36.349999999999994 -13.75 5.6
    endloop
  endfacet
  facet normal -1 0 0
    outer loop
      vertex -37.75 -13.75 2.4
      vertex -37.75 -13.75 5.6
      vertex -37.75 13.75 5.6
    endloop
  endfacet
  facet normal 0 0 1
    outer loop
      vertex -37.75 -13.75 5.6
      vertex -36.349999999999994 -13.75 5.6
      vertex -37.75 13.75 5.6
    endloop
  endfacet
  facet normal -1 0 0
    outer loop
      vertex -37.75 -13.75 2.4
      vertex -37.75 13.75 5.6
      vertex -37.75 13.75 2.4
    endloop
  endfacet
  facet normal 1 0 0
    outer loop
      vertex -36.349999999999994 -13.75 5.6
      vertex -36.349999999999994 13.75 2.4
      vertex -36.349999999999994 13.75 5.6
    endloop
  endfacet
  facet normal 0 0 1
    outer loop
      vertex -36.349999999999994 -13.75 5.6
      vertex -36.349999999999994 13.75 5.6
      vertex -37.75 13.75 5.6
    endloop
  endfacet
  facet normal 0 1 0
    outer loop
      vertex -37.75 13.75 2.4
      vertex -37.75 13.75 5.6
      vertex -36.349999999999994 13.75 2.4
    endloop
  endfacet
  facet normal 0 1 0
    outer loop
      vertex -36.349999999999994 13.75 2.4
      vertex -37.75 13.75 5.6
      vertex -36.349999999999994 13.75 5.6
    endloop
  endfacet
  facet normal 0 -1 0
    outer loop
      vertex 36.349999999999994 -13.75 2.4
      vertex 37.75 -13.75 2.4
      vertex 37.75 -13.75 5.6
    endloop
  endfacet
  facet normal 0 -1 0
    outer loop
      vertex 36.349999999999994 -13.75 2.4
      vertex 37.75 -13.75 5.6
      vertex 36.349999999999994 -13.75 5.6
    endloop
  endfacet
  facet normal 1 0 0
    outer loop
      vertex 37.75 -13.75 2.4
      vertex 37.75 13.75 2.4
      vertex 37.75 -13.75 5.6
    endloop
  endfacet
  facet normal -1 0 0
    outer loop
      vertex 36.349999999999994 -13.75 2.4
      vertex 36.349999999999994 -13.75 5.6
      vertex 36.349999999999994 13.75 5.6
    endloop
  endfacet
  facet normal 0 0 1
    outer loop
      vertex 36.349999999999994 -13.75 5.6
      vertex 37.75 -13.75 5.6
      vertex 36.349999999999994 13.75 5.6
    endloop
  endfacet
  facet normal -1 0 0
    outer loop
      vertex 36.349999999999994 -13.75 2.4
      vertex 36.349999999999994 13.75 5.6
      vertex 36.349999999999994 13.75 2.4
    endloop
  endfacet
  facet normal 1 0 0
    outer loop
      vertex 37.75 -13.75 5.6
      vertex 37.75 13.75 2.4
      vertex 37.75 13.75 5.6
    endloop
  endfacet
  facet normal 0 0 1
    outer loop
      vertex 37.75 -13.75 5.6
      vertex 37.75 13.75 5.6
      vertex 36.349999999999994 13.75 5.6
    endloop
  endfacet
  facet normal 0 1 0
    outer loop
      vertex 36.349999999999994 13.75 2.4
      vertex 36.349999999999994 13.75 5.6
      vertex 37.75 13.75 2.4
    endloop
  endfacet
  facet normal 0 1 0
    outer loop
      vertex 37.75 13.75 2.4
      vertex 36.349999999999994 13.75 5.6
      vertex 37.75 13.75 5.6
    endloop
  endfacet
  facet normal -1 0 0
    outer loop
      vertex -35.85 -7.35 2.4
      vertex -35.85 -6.15 5.6
      vertex -35.85 -6.15 2.4
    endloop
  endfacet
  facet normal 0 1 0
    outer loop
      vertex -34.65 -6.15 2.4
      vertex -34.65 -6.15 5.6
      vertex -22.35 -6.15 2.4
    endloop
  endfacet
  facet normal 0 -1 0
    outer loop
      vertex -35.85 -7.35 2.4
      vertex -21.15 -7.35 2.4
      vertex -21.15 -7.35 5.6
    endloop
  endfacet
  facet normal 1 0 0
    outer loop
      vertex -21.15 -7.35 2.4
      vertex -21.15 -6.15 2.4
      vertex -21.15 -7.35 5.6
    endloop
  endfacet
  facet normal -1 0 0
    outer loop
      vertex -35.85 -7.35 2.4
      vertex -35.85 -7.35 5.6
      vertex -35.85 -6.15 5.6
    endloop
  endfacet
  facet normal 0 -1 0
    outer loop
      vertex -35.85 -7.35 2.4
      vertex -21.15 -7.35 5.6
      vertex -35.85 -7.35 5.6
    endloop
  endfacet
  facet normal 0 0 1
    outer loop
      vertex -35.85 -7.35 5.6
      vertex -21.15 -7.35 5.6
      vertex -35.85 -6.15 5.6
    endloop
  endfacet
  facet normal 0 0 1
    outer loop
      vertex -35.85 -6.15 5.6
      vertex -21.15 -7.35 5.6
      vertex -34.65 -6.15 5.6
    endloop
  endfacet
  facet normal 0 1 0
    outer loop
      vertex -22.35 -6.15 2.4
      vertex -34.65 -6.15 5.6
      vertex -22.35 -6.15 5.6
    endloop
  endfacet
  facet normal 1 0 0
    outer loop
      vertex -21.15 -6.15 2.4
      vertex -21.15 -6.15 5.6
      vertex -21.15 -7.35 5.6
    endloop
  endfacet
  facet normal 0 0 1
    outer loop
      vertex -34.65 -6.15 5.6
      vertex -21.15 -7.35 5.6
      vertex -22.35 -6.15 5.6
    endloop
  endfacet
  facet normal 0 0 1
    outer loop
      vertex -21.15 -7.35 5.6
      vertex -21.15 -6.15 5.6
      vertex -22.35 -6.15 5.6
    endloop
  endfacet
  facet normal -1 0 0
    outer loop
      vertex -35.85 6.15 2.4
      vertex -35.85 7.35 5.6
      vertex -35.85 7.35 2.4
    endloop
  endfacet
  facet normal 0 1 0
    outer loop
      vertex -35.85 7.35 2.4
      vertex -35.85 7.35 5.6
      vertex -21.15 7.35 2.4
    endloop
  endfacet
  facet normal 0 -1 0
    outer loop
      vertex -34.65 6.15 2.4
      vertex -22.35 6.15 2.4
      vertex -22.35 6.15 5.6
    endloop
  endfacet
  facet normal 1 0 0
    outer loop
      vertex -21.15 6.15 2.4
      vertex -21.15 7.35 2.4
      vertex -21.15 6.15 5.6
    endloop
  endfacet
  facet normal -1 0 0
    outer loop
      vertex -35.85 6.15 2.4
      vertex -35.85 6.15 5.6
      vertex -35.85 7.35 5.6
    endloop
  endfacet
  facet normal 0 -1 0
    outer loop
      vertex -34.65 6.15 2.4
      vertex -22.35 6.15 5.6
      vertex -34.65 6.15 5.6
    endloop
  endfacet
  facet normal 0 0 1
    outer loop
      vertex -35.85 6.15 5.6
      vertex -34.65 6.15 5.6
      vertex -35.85 7.35 5.6
    endloop
  endfacet
  facet normal 0 0 1
    outer loop
      vertex -35.85 7.35 5.6
      vertex -34.65 6.15 5.6
      vertex -22.35 6.15 5.6
    endloop
  endfacet
  facet normal 0 1 0
    outer loop
      vertex -21.15 7.35 2.4
      vertex -35.85 7.35 5.6
      vertex -21.15 7.35 5.6
    endloop
  endfacet
  facet normal 1 0 0
    outer loop
      vertex -21.15 7.35 2.4
      vertex -21.15 7.35 5.6
      vertex -21.15 6.15 5.6
    endloop
  endfacet
  facet normal 0 0 1
    outer loop
      vertex -35.85 7.35 5.6
      vertex -22.35 6.15 5.6
      vertex -21.15 6.15 5.6
    endloop
  endfacet
  facet normal 0 0 1
    outer loop
      vertex -35.85 7.35 5.6
      vertex -21.15 6.15 5.6
      vertex -21.15 7.35 5.6
    endloop
  endfacet
  facet normal 1 0 0
    outer loop
      vertex -34.65 -6.15 2.4
      vertex -34.65 6.15 2.4
      vertex -34.65 -6.15 5.6
    endloop
  endfacet
  facet normal -1 0 0
    outer loop
      vertex -35.85 -6.15 2.4
      vertex -35.85 -6.15 5.6
      vertex -35.85 6.15 5.6
    endloop
  endfacet
  facet normal 0 0 1
    outer loop
      vertex -35.85 -6.15 5.6
      vertex -34.65 -6.15 5.6
      vertex -35.85 6.15 5.6
    endloop
  endfacet
  facet normal -1 0 0
    outer loop
      vertex -35.85 -6.15 2.4
      vertex -35.85 6.15 5.6
      vertex -35.85 6.15 2.4
    endloop
  endfacet
  facet normal 1 0 0
    outer loop
      vertex -34.65 -6.15 5.6
      vertex -34.65 6.15 2.4
      vertex -34.65 6.15 5.6
    endloop
  endfacet
  facet normal 0 0 1
    outer loop
      vertex -34.65 -6.15 5.6
      vertex -34.65 6.15 5.6
      vertex -35.85 6.15 5.6
    endloop
  endfacet
  facet normal 1 0 0
    outer loop
      vertex -21.15 -6.15 2.4
      vertex -21.15 6.15 2.4
      vertex -21.15 -6.15 5.6
    endloop
  endfacet
  facet normal -1 0 0
    outer loop
      vertex -22.35 -6.15 2.4
      vertex -22.35 -6.15 5.6
      vertex -22.35 6.15 5.6
    endloop
  endfacet
  facet normal 0 0 1
    outer loop
      vertex -22.35 -6.15 5.6
      vertex -21.15 -6.15 5.6
      vertex -22.35 6.15 5.6
    endloop
  endfacet
  facet normal -1 0 0
    outer loop
      vertex -22.35 -6.15 2.4
      vertex -22.35 6.15 5.6
      vertex -22.35 6.15 2.4
    endloop
  endfacet
  facet normal 1 0 0
    outer loop
      vertex -21.15 -6.15 5.6
      vertex -21.15 6.15 2.4
      vertex -21.15 6.15 5.6
    endloop
  endfacet
  facet normal 0 0 1
    outer loop
      vertex -21.15 -6.15 5.6
      vertex -21.15 6.15 5.6
      vertex -22.35 6.15 5.6
    endloop
  endfacet
  facet normal -1 0 0
    outer loop
      vertex -16.85 -7.35 2.4
      vertex -16.85 -6.15 5.6
      vertex -16.85 -6.15 2.4
    endloop
  endfacet
  facet normal 0 1 0
    outer loop
      vertex -15.65 -6.15 2.4
      vertex -15.65 -6.15 5.6
      vertex -3.35 -6.15 2.4
    endloop
  endfacet
  facet normal 0 -1 0
    outer loop
      vertex -16.85 -7.35 2.4
      vertex -2.1499999999999995 -7.35 2.4
      vertex -2.1499999999999995 -7.35 5.6
    endloop
  endfacet
  facet normal 1 3.700743415417191e-16 0
    outer loop
      vertex -2.1499999999999995 -7.35 2.4
      vertex -2.15 -6.15 2.4
      vertex -2.1499999999999995 -7.35 5.6
    endloop
  endfacet
  facet normal -1 0 0
    outer loop
      vertex -16.85 -7.35 2.4
      vertex -16.85 -7.35 5.6
      vertex -16.85 -6.15 5.6
    endloop
  endfacet
  facet normal 0 -1 0
    outer loop
      vertex -16.85 -7.35 2.4
      vertex -2.1499999999999995 -7.35 5.6
      vertex -16.85 -7.35 5.6
    endloop
  endfacet
  facet normal 0 0 1
    outer loop
      vertex -16.85 -7.35 5.6
      vertex -2.1499999999999995 -7.35 5.6
      vertex -16.85 -6.15 5.6
    endloop
  endfacet
  facet normal 0 0 1
    outer loop
      vertex -16.85 -6.15 5.6
      vertex -2.1499999999999995 -7.35 5.6
      vertex -15.65 -6.15 5.6
    endloop
  endfacet
  facet normal 0 1 0
    outer loop
      vertex -3.35 -6.15 2.4
      vertex -15.65 -6.15 5.6
      vertex -3.35 -6.15 5.6
    endloop
  endfacet
  facet normal 1 3.700743415417191e-16 0
    outer loop
      vertex -2.15 -6.15 2.4
      vertex -2.15 -6.15 5.6
      vertex -2.1499999999999995 -7.35 5.6
    endloop
  endfacet
  facet normal 0 0 1
    outer loop
      vertex -15.65 -6.15 5.6
      vertex -2.1499999999999995 -7.35 5.6
      vertex -3.35 -6.15 5.6
    endloop
  endfacet
  facet normal 0 0 1
    outer loop
      vertex -2.1499999999999995 -7.35 5.6
      vertex -2.15 -6.15 5.6
      vertex -3.35 -6.15 5.6
    endloop
  endfacet
  facet normal -1 0 0
    outer loop
      vertex -16.85 6.15 2.4
      vertex -16.85 7.35 5.6
      vertex -16.85 7.35 2.4
    endloop
  endfacet
  facet normal 0 1 0
    outer loop
      vertex -16.85 7.35 2.4
      vertex -16.85 7.35 5.6
      vertex -2.1499999999999995 7.35 2.4
    endloop
  endfacet
  facet normal 0 -1 0
    outer loop
      vertex -15.65 6.15 2.4
      vertex -3.35 6.15 2.4
      vertex -3.35 6.15 5.6
    endloop
  endfacet
  facet normal 1 -3.700743415417191e-16 0
    outer loop
      vertex -2.15 6.15 2.4
      vertex -2.1499999999999995 7.35 2.4
      vertex -2.15 6.15 5.6
    endloop
  endfacet
  facet normal -1 0 0
    outer loop
      vertex -16.85 6.15 2.4
      vertex -16.85 6.15 5.6
      vertex -16.85 7.35 5.6
    endloop
  endfacet
  facet normal 0 -1 0
    outer loop
      vertex -15.65 6.15 2.4
      vertex -3.35 6.15 5.6
      vertex -15.65 6.15 5.6
    endloop
  endfacet
  facet normal 0 0 1
    outer loop
      vertex -16.85 6.15 5.6
      vertex -15.65 6.15 5.6
      vertex -16.85 7.35 5.6
    endloop
  endfacet
  facet normal 0 0 1
    outer loop
      vertex -15.65 6.15 5.6
      vertex -3.35 6.15 5.6
      vertex -16.85 7.35 5.6
    endloop
  endfacet
  facet normal 0 1 0
    outer loop
      vertex -2.1499999999999995 7.35 2.4
      vertex -16.85 7.35 5.6
      vertex -2.1499999999999995 7.35 5.6
    endloop
  endfacet
  facet normal 1 -3.700743415417191e-16 0
    outer loop
      vertex -2.1499999999999995 7.35 2.4
      vertex -2.1499999999999995 7.35 5.6
      vertex -2.15 6.15 5.6
    endloop
  endfacet
  facet normal 0 0 1
    outer loop
      vertex -16.85 7.35 5.6
      vertex -3.35 6.15 5.6
      vertex -2.15 6.15 5.6
    endloop
  endfacet
  facet normal 0 0 1
    outer loop
      vertex -16.85 7.35 5.6
      vertex -2.15 6.15 5.6
      vertex -2.1499999999999995 7.35 5.6
    endloop
  endfacet
  facet normal 1 0 0
    outer loop
      vertex -15.65 -6.15 2.4
      vertex -15.65 6.15 2.4
      vertex -15.65 -6.15 5.6
    endloop
  endfacet
  facet normal -1 0 0
    outer loop
      vertex -16.85 -6.15 2.4
      vertex -16.85 -6.15 5.6
      vertex -16.85 6.15 5.6
    endloop
  endfacet
  facet normal 0 0 1
    outer loop
      vertex -16.85 -6.15 5.6
      vertex -15.65 -6.15 5.6
      vertex -16.85 6.15 5.6
    endloop
  endfacet
  facet normal -1 0 0
    outer loop
      vertex -16.85 -6.15 2.4
      vertex -16.85 6.15 5.6
      vertex -16.85 6.15 2.4
    endloop
  endfacet
  facet normal 1 0 0
    outer loop
      vertex -15.65 -6.15 5.6
      vertex -15.65 6.15 2.4
      vertex -15.65 6.15 5.6
    endloop
  endfacet
  facet normal 0 0 1
    outer loop
      vertex -15.65 -6.15 5.6
      vertex -15.65 6.15 5.6
      vertex -16.85 6.15 5.6
    endloop
  endfacet
  facet normal 1 0 0
    outer loop
      vertex -2.15 -6.15 2.4
      vertex -2.15 6.15 2.4
      vertex -2.15 -6.15 5.6
    endloop
  endfacet
  facet normal -1 0 0
    outer loop
      vertex -3.35 -6.15 2.4
      vertex -3.35 -6.15 5.6
      vertex -3.35 6.15 5.6
    endloop
  endfacet
  facet normal 0 0 1
    outer loop
      vertex -3.35 -6.15 5.6
      vertex -2.15 -6.15 5.6
      vertex -3.35 6.15 5.6
    endloop
  endfacet
  facet normal -1 0 0
    outer loop
      vertex -3.35 -6.15 2.4
      vertex -3.35 6.15 5.6
      vertex -3.35 6.15 2.4
    endloop
  endfacet
  facet normal 1 0 0
    outer loop
      vertex -2.15 -6.15 5.6
      vertex -2.15 6.15 2.4
      vertex -2.15 6.15 5.6
    endloop
  endfacet
  facet normal 0 0 1
    outer loop
      vertex -2.15 -6.15 5.6
      vertex -2.15 6.15 5.6
      vertex -3.35 6.15 5.6
    endloop
  endfacet
  facet normal -1 3.700743415417191e-16 0
    outer loop
      vertex 2.1499999999999995 -7.35 2.4
      vertex 2.15 -6.15 5.6
      vertex 2.15 -6.15 2.4
    endloop
  endfacet
  facet normal 0 1 0
    outer loop
      vertex 3.35 -6.15 2.4
      vertex 3.35 -6.15 5.6
      vertex 15.65 -6.15 2.4
    endloop
  endfacet
  facet normal 0 -1 0
    outer loop
      vertex 2.1499999999999995 -7.35 2.4
      vertex 16.85 -7.35 2.4
      vertex 16.85 -7.35 5.6
    endloop
  endfacet
  facet normal 1 0 0
    outer loop
      vertex 16.85 -7.35 2.4
      vertex 16.85 -6.15 2.4
      vertex 16.85 -7.35 5.6
    endloop
  endfacet
  facet normal -1 3.700743415417191e-16 0
    outer loop
      vertex 2.1499999999999995 -7.35 2.4
      vertex 2.1499999999999995 -7.35 5.6
      vertex 2.15 -6.15 5.6
    endloop
  endfacet
  facet normal 0 -1 0
    outer loop
      vertex 2.1499999999999995 -7.35 2.4
      vertex 16.85 -7.35 5.6
      vertex 2.1499999999999995 -7.35 5.6
    endloop
  endfacet
  facet normal 0 0 1
    outer loop
      vertex 2.1499999999999995 -7.35 5.6
      vertex 16.85 -7.35 5.6
      vertex 2.15 -6.15 5.6
    endloop
  endfacet
  facet normal 0 0 1
    outer loop
      vertex 2.15 -6.15 5.6
      vertex 16.85 -7.35 5.6
      vertex 3.35 -6.15 5.6
    endloop
  endfacet
  facet normal 0 1 0
    outer loop
      vertex 15.65 -6.15 2.4
      vertex 3.35 -6.15 5.6
      vertex 15.65 -6.15 5.6
    endloop
  endfacet
  facet normal 1 0 0
    outer loop
      vertex 16.85 -6.15 2.4
      vertex 16.85 -6.15 5.6
      vertex 16.85 -7.35 5.6
    endloop
  endfacet
  facet normal 0 0 1
    outer loop
      vertex 3.35 -6.15 5.6
      vertex 16.85 -7.35 5.6
      vertex 15.65 -6.15 5.6
    endloop
  endfacet
  facet normal 0 0 1
    outer loop
      vertex 16.85 -7.35 5.6
      vertex 16.85 -6.15 5.6
      vertex 15.65 -6.15 5.6
    endloop
  endfacet
  facet normal -1 -3.700743415417191e-16 0
    outer loop
      vertex 2.15 6.15 2.4
      vertex 2.1499999999999995 7.35 5.6
      vertex 2.1499999999999995 7.35 2.4
    endloop
  endfacet
  facet normal 0 1 0
    outer loop
      vertex 2.1499999999999995 7.35 2.4
      vertex 2.1499999999999995 7.35 5.6
      vertex 16.85 7.35 2.4
    endloop
  endfacet
  facet normal 0 -1 0
    outer loop
      vertex 3.35 6.15 2.4
      vertex 15.65 6.15 2.4
      vertex 15.65 6.15 5.6
    endloop
  endfacet
  facet normal 1 0 0
    outer loop
      vertex 16.85 6.15 2.4
      vertex 16.85 7.35 2.4
      vertex 16.85 6.15 5.6
    endloop
  endfacet
  facet normal -1 -3.700743415417191e-16 0
    outer loop
      vertex 2.15 6.15 2.4
      vertex 2.15 6.15 5.6
      vertex 2.1499999999999995 7.35 5.6
    endloop
  endfacet
  facet normal 0 -1 0
    outer loop
      vertex 3.35 6.15 2.4
      vertex 15.65 6.15 5.6
      vertex 3.35 6.15 5.6
    endloop
  endfacet
  facet normal 0 0 1
    outer loop
      vertex 2.15 6.15 5.6
      vertex 3.35 6.15 5.6
      vertex 2.1499999999999995 7.35 5.6
    endloop
  endfacet
  facet normal 0 0 1
    outer loop
      vertex 3.35 6.15 5.6
      vertex 15.65 6.15 5.6
      vertex 2.1499999999999995 7.35 5.6
    endloop
  endfacet
  facet normal 0 1 0
    outer loop
      vertex 16.85 7.35 2.4
      vertex 2.1499999999999995 7.35 5.6
      vertex 16.85 7.35 5.6
    endloop
  endfacet
  facet normal 1 0 0
    outer loop
      vertex 16.85 7.35 2.4
      vertex 16.85 7.35 5.6
      vertex 16.85 6.15 5.6
    endloop
  endfacet
  facet normal 0 0 1
    outer loop
      vertex 2.1499999999999995 7.35 5.6
      vertex 15.65 6.15 5.6
      vertex 16.85 6.15 5.6
    endloop
  endfacet
  facet normal 0 0 1
    outer loop
      vertex 2.1499999999999995 7.35 5.6
      vertex 16.85 6.15 5.6
      vertex 16.85 7.35 5.6
    endloop
  endfacet
  facet normal 1 0 0
    outer loop
      vertex 3.35 -6.15 2.4
      vertex 3.35 6.15 2.4
      vertex 3.35 -6.15 5.6
    endloop
  endfacet
  facet normal -1 0 0
    outer loop
      vertex 2.15 -6.15 2.4
      vertex 2.15 -6.15 5.6
      vertex 2.15 6.15 5.6
    endloop
  endfacet
  facet normal 0 0 1
    outer loop
      vertex 2.15 -6.15 5.6
      vertex 3.35 -6.15 5.6
      vertex 2.15 6.15 5.6
    endloop
  endfacet
  facet normal -1 0 0
    outer loop
      vertex 2.15 -6.15 2.4
      vertex 2.15 6.15 5.6
      vertex 2.15 6.15 2.4
    endloop
  endfacet
  facet normal 1 0 0
    outer loop
      vertex 3.35 -6.15 5.6
      vertex 3.35 6.15 2.4
      vertex 3.35 6.15 5.6
    endloop
  endfacet
  facet normal 0 0 1
    outer loop
      vertex 3.35 -6.15 5.6
      vertex 3.35 6.15 5.6
      vertex 2.15 6.15 5.6
    endloop
  endfacet
  facet normal 1 0 0
    outer loop
      vertex 16.85 -6.15 2.4
      vertex 16.85 6.15 2.4
      vertex 16.85 -6.15 5.6
    endloop
  endfacet
  facet normal -1 0 0
    outer loop
      vertex 15.65 -6.15 2.4
      vertex 15.65 -6.15 5.6
      vertex 15.65 6.15 5.6
    endloop
  endfacet
  facet normal 0 0 1
    outer loop
      vertex 15.65 -6.15 5.6
      vertex 16.85 -6.15 5.6
      vertex 15.65 6.15 5.6
    endloop
  endfacet
  facet normal -1 0 0
    outer loop
      vertex 15.65 -6.15 2.4
      vertex 15.65 6.15 5.6
      vertex 15.65 6.15 2.4
    endloop
  endfacet
  facet normal 1 0 0
    outer loop
      vertex 16.85 -6.15 5.6
      vertex 16.85 6.15 2.4
      vertex 16.85 6.15 5.6
    endloop
  endfacet
  facet normal 0 0 1
    outer loop
      vertex 16.85 -6.15 5.6
      vertex 16.85 6.15 5.6
      vertex 15.65 6.15 5.6
    endloop
  endfacet
  facet normal -1 0 0
    outer loop
      vertex 21.15 -7.35 2.4
      vertex 21.15 -6.15 5.6
      vertex 21.15 -6.15 2.4
    endloop
  endfacet
  facet normal 0 1 0
    outer loop
      vertex 22.35 -6.15 2.4
      vertex 22.35 -6.15 5.6
      vertex 34.65 -6.15 2.4
    endloop
  endfacet
  facet normal 0 -1 0
    outer loop
      vertex 21.15 -7.35 2.4
      vertex 35.85 -7.35 2.4
      vertex 35.85 -7.35 5.6
    endloop
  endfacet
  facet normal 1 0 0
    outer loop
      vertex 35.85 -7.35 2.4
      vertex 35.85 -6.15 2.4
      vertex 35.85 -7.35 5.6
    endloop
  endfacet
  facet normal -1 0 0
    outer loop
      vertex 21.15 -7.35 2.4
      vertex 21.15 -7.35 5.6
      vertex 21.15 -6.15 5.6
    endloop
  endfacet
  facet normal 0 -1 0
    outer loop
      vertex 21.15 -7.35 2.4
      vertex 35.85 -7.35 5.6
      vertex 21.15 -7.35 5.6
    endloop
  endfacet
  facet normal 0 0 1
    outer loop
      vertex 21.15 -7.35 5.6
      vertex 35.85 -7.35 5.6
      vertex 21.15 -6.15 5.6
    endloop
  endfacet
  facet normal 0 0 1
    outer loop
      vertex 21.15 -6.15 5.6
      vertex 35.85 -7.35 5.6
      vertex 22.35 -6.15 5.6
    endloop
  endfacet
  facet normal 0 1 0
    outer loop
      vertex 34.65 -6.15 2.4
      vertex 22.35 -6.15 5.6
      vertex 34.65 -6.15 5.6
    endloop
  endfacet
  facet normal 1 0 0
    outer loop
      vertex 35.85 -6.15 2.4
      vertex 35.85 -6.15 5.6
      vertex 35.85 -7.35 5.6
    endloop
  endfacet
  facet normal 0 0 1
    outer loop
      vertex 22.35 -6.15 5.6
      vertex 35.85 -7.35 5.6
      vertex 34.65 -6.15 5.6
    endloop
  endfacet
  facet normal 0 0 1
    outer loop
      vertex 34.65 -6.15 5.6
      vertex 35.85 -7.35 5.6
      vertex 35.85 -6.15 5.6
    endloop
  endfacet
  facet normal -1 0 0
    outer loop
      vertex 21.15 6.15 2.4
      vertex 21.15 7.35 5.6
      vertex 21.15 7.35 2.4
    endloop
  endfacet
  facet normal 0 1 0
    outer loop
      vertex 21.15 7.35 2.4
      vertex 21.15 7.35 5.6
      vertex 35.85 7.35 2.4
    endloop
  endfacet
  facet normal 0 -1 0
    outer loop
      vertex 22.35 6.15 2.4
      vertex 34.65 6.15 2.4
      vertex 34.65 6.15 5.6
    endloop
  endfacet
  facet normal 1 0 0
    outer loop
      vertex 35.85 6.15 2.4
      vertex 35.85 7.35 2.4
      vertex 35.85 6.15 5.6
    endloop
  endfacet
  facet normal -1 0 0
    outer loop
      vertex 21.15 6.15 2.4
      vertex 21.15 6.15 5.6
      vertex 21.15 7.35 5.6
    endloop
  endfacet
  facet normal 0 -1 0
    outer loop
      vertex 22.35 6.15 2.4
      vertex 34.65 6.15 5.6
      vertex 22.35 6.15 5.6
    endloop
  endfacet
  facet normal 0 0 1
    outer loop
      vertex 21.15 6.15 5.6
      vertex 22.35 6.15 5.6
      vertex 21.15 7.35 5.6
    endloop
  endfacet
  facet normal 0 0 1
    outer loop
      vertex 22.35 6.15 5.6
      vertex 34.65 6.15 5.6
      vertex 21.15 7.35 5.6
    endloop
  endfacet
  facet normal 0 1 0
    outer loop
      vertex 35.85 7.35 2.4
      vertex 21.15 7.35 5.6
      vertex 35.85 7.35 5.6
    endloop
  endfacet
  facet normal 1 0 0
    outer loop
      vertex 35.85 7.35 2.4
      vertex 35.85 7.35 5.6
      vertex 35.85 6.15 5.6
    endloop
  endfacet
  facet normal 0 0 1
    outer loop
      vertex 21.15 7.35 5.6
      vertex 34.65 6.15 5.6
      vertex 35.85 6.15 5.6
    endloop
  endfacet
  facet normal 0 0 1
    outer loop
      vertex 21.15 7.35 5.6
      vertex 35.85 6.15 5.6
      vertex 35.85 7.35 5.6
    endloop
  endfacet
  facet normal 1 0 0
    outer loop
      vertex 22.35 -6.15 2.4
      vertex 22.35 6.15 2.4
      vertex 22.35 -6.15 5.6
    endloop
  endfacet
  facet normal -1 0 0
    outer loop
      vertex 21.15 -6.15 2.4
      vertex 21.15 -6.15 5.6
      vertex 21.15 6.15 5.6
    endloop
  endfacet
  facet normal 0 0 1
    outer loop
      vertex 21.15 -6.15 5.6
      vertex 22.35 -6.15 5.6
      vertex 21.15 6.15 5.6
    endloop
  endfacet
  facet normal -1 0 0
    outer loop
      vertex 21.15 -6.15 2.4
      vertex 21.15 6.15 5.6
      vertex 21.15 6.15 2.4
    endloop
  endfacet
  facet normal 1 0 0
    outer loop
      vertex 22.35 -6.15 5.6
      vertex 22.35 6.15 2.4
      vertex 22.35 6.15 5.6
    endloop
  endfacet
  facet normal 0 0 1
    outer loop
      vertex 22.35 -6.15 5.6
      vertex 22.35 6.15 5.6
      vertex 21.15 6.15 5.6
    endloop
  endfacet
  facet normal 1 0 0
    outer loop
      vertex 35.85 -6.15 2.4
      vertex 35.85 6.15 2.4
      vertex 35.85 -6.15 5.6
    endloop
  endfacet
  facet normal -1 0 0
    outer loop
      vertex 34.65 -6.15 2.4
      vertex 34.65 -6.15 5.6
      vertex 34.65 6.15 5.6
    endloop
  endfacet
  facet normal 0 0 1
    outer loop
      vertex 34.65 -6.15 5.6
      vertex 35.85 -6.15 5.6
      vertex 34.65 6.15 5.6
    endloop
  endfacet
  facet normal -1 0 0
    outer loop
      vertex 34.65 -6.15 2.4
      vertex 34.65 6.15 5.6
      vertex 34.65 6.15 2.4
    endloop
  endfacet
  facet normal 1 0 0
    outer loop
      vertex 35.85 -6.15 5.6
      vertex 35.85 6.15 2.4
      vertex 35.85 6.15 5.6
    endloop
  endfacet
  facet normal 0 0 1
    outer loop
      vertex 35.85 -6.15 5.6
      vertex 35.85 6.15 5.6
      vertex 34.65 6.15 5.6
    endloop
  endfacet
  facet normal 0 0 -1
    outer loop
      vertex -28.8 -17.1 3.7
      vertex -28.8 -16.75 3.7
      vertex -25.2 -16.75 3.7
    endloop
  endfacet
  facet normal 0 0 -1
    outer loop
      vertex -28.8 -17.1 3.7
      vertex -25.2 -16.75 3.7
      vertex -25.2 -17.1 3.7
    endloop
  endfacet
  facet normal -1 0 0
    outer loop
      vertex -28.8 -17.1 3.7
      vertex -28.8 -17.1 4.7
      vertex -28.8 -16.75 3.7
    endloop
  endfacet
  facet normal 0 -1 0
    outer loop
      vertex -28.8 -17.1 3.7
      vertex -25.2 -17.1 3.7
      vertex -25.2 -17.1 4.7
    endloop
  endfacet
  facet normal 1 0 0
    outer loop
      vertex -25.2 -17.1 3.7
      vertex -25.2 -16.75 3.7
      vertex -25.2 -16.75 4.7
    endloop
  endfacet
  facet normal -1 0 0
    outer loop
      vertex -28.8 -16.75 3.7
      vertex -28.8 -17.1 4.7
      vertex -28.8 -16.75 4.7
    endloop
  endfacet
  facet normal 0 -1 0
    outer loop
      vertex -28.8 -17.1 3.7
      vertex -25.2 -17.1 4.7
      vertex -28.8 -17.1 4.7
    endloop
  endfacet
  facet normal 1 0 0
    outer loop
      vertex -25.2 -17.1 3.7
      vertex -25.2 -16.75 4.7
      vertex -25.2 -17.1 4.7
    endloop
  endfacet
  facet normal 0 0 1
    outer loop
      vertex -28.8 -17.1 4.7
      vertex -25.2 -17.1 4.7
      vertex -28.8 -16.75 4.7
    endloop
  endfacet
  facet normal 0 0 1
    outer loop
      vertex -28.8 -16.75 4.7
      vertex -25.2 -17.1 4.7
      vertex -25.2 -16.75 4.7
    endloop
  endfacet
  facet normal 0 0 -1
    outer loop
      vertex -28.8 16.75 3.7
      vertex -28.8 17.1 3.7
      vertex -25.2 17.1 3.7
    endloop
  endfacet
  facet normal 0 0 -1
    outer loop
      vertex -28.8 16.75 3.7
      vertex -25.2 17.1 3.7
      vertex -25.2 16.75 3.7
    endloop
  endfacet
  facet normal -1 0 0
    outer loop
      vertex -28.8 16.75 3.7
      vertex -28.8 16.75 4.7
      vertex -28.8 17.1 3.7
    endloop
  endfacet
  facet normal 0 1 0
    outer loop
      vertex -28.8 17.1 3.7
      vertex -28.8 17.1 4.7
      vertex -25.2 17.1 3.7
    endloop
  endfacet
  facet normal 1 0 0
    outer loop
      vertex -25.2 16.75 3.7
      vertex -25.2 17.1 3.7
      vertex -25.2 17.1 4.7
    endloop
  endfacet
  facet normal -1 0 0
    outer loop
      vertex -28.8 17.1 3.7
      vertex -28.8 16.75 4.7
      vertex -28.8 17.1 4.7
    endloop
  endfacet
  facet normal 0 1 0
    outer loop
      vertex -25.2 17.1 3.7
      vertex -28.8 17.1 4.7
      vertex -25.2 17.1 4.7
    endloop
  endfacet
  facet normal 1 0 0
    outer loop
      vertex -25.2 16.75 3.7
      vertex -25.2 17.1 4.7
      vertex -25.2 16.75 4.7
    endloop
  endfacet
  facet normal 0 0 1
    outer loop
      vertex -28.8 16.75 4.7
      vertex -25.2 16.75 4.7
      vertex -28.8 17.1 4.7
    endloop
  endfacet
  facet normal 0 0 1
    outer loop
      vertex -28.8 17.1 4.7
      vertex -25.2 16.75 4.7
      vertex -25.2 17.1 4.7
    endloop
  endfacet
  facet normal 0 0 -1
    outer loop
      vertex 25.2 -17.1 3.7
      vertex 25.2 -16.75 3.7
      vertex 28.8 -16.75 3.7
    endloop
  endfacet
  facet normal 0 0 -1
    outer loop
      vertex 25.2 -17.1 3.7
      vertex 28.8 -16.75 3.7
      vertex 28.8 -17.1 3.7
    endloop
  endfacet
  facet normal -1 0 0
    outer loop
      vertex 25.2 -17.1 3.7
      vertex 25.2 -17.1 4.7
      vertex 25.2 -16.75 3.7
    endloop
  endfacet
  facet normal 0 -1 0
    outer loop
      vertex 25.2 -17.1 3.7
      vertex 28.8 -17.1 3.7
      vertex 28.8 -17.1 4.7
    endloop
  endfacet
  facet normal 1 0 0
    outer loop
      vertex 28.8 -17.1 3.7
      vertex 28.8 -16.75 3.7
      vertex 28.8 -16.75 4.7
    endloop
  endfacet
  facet normal -1 0 0
    outer loop
      vertex 25.2 -16.75 3.7
      vertex 25.2 -17.1 4.7
      vertex 25.2 -16.75 4.7
    endloop
  endfacet
  facet normal 0 -1 0
    outer loop
      vertex 25.2 -17.1 3.7
      vertex 28.8 -17.1 4.7
      vertex 25.2 -17.1 4.7
    endloop
  endfacet
  facet normal 1 0 0
    outer loop
      vertex 28.8 -17.1 3.7
      vertex 28.8 -16.75 4.7
      vertex 28.8 -17.1 4.7
    endloop
  endfacet
  facet normal 0 0 1
    outer loop
      vertex 25.2 -17.1 4.7
      vertex 28.8 -17.1 4.7
      vertex 25.2 -16.75 4.7
    endloop
  endfacet
  facet normal 0 0 1
    outer loop
      vertex 25.2 -16.75 4.7
      vertex 28.8 -17.1 4.7
      vertex 28.8 -16.75 4.7
    endloop
  endfacet
  facet normal 0 0 -1
    outer loop
      vertex 25.2 16.75 3.7
      vertex 25.2 17.1 3.7
      vertex 28.8 17.1 3.7
    endloop
  endfacet
  facet normal 0 0 -1
    outer loop
      vertex 25.2 16.75 3.7
      vertex 28.8 17.1 3.7
      vertex 28.8 16.75 3.7
    endloop
  endfacet
  facet normal -1 0 0
    outer loop
      vertex 25.2 16.75 3.7
      vertex 25.2 16.75 4.7
      vertex 25.2 17.1 3.7
    endloop
  endfacet
  facet normal 0 1 0
    outer loop
      vertex 25.2 17.1 3.7
      vertex 25.2 17.1 4.7
      vertex 28.8 17.1 3.7
    endloop
  endfacet
  facet normal 1 0 0
    outer loop
      vertex 28.8 16.75 3.7
      vertex 28.8 17.1 3.7
      vertex 28.8 17.1 4.7
    endloop
  endfacet
  facet normal -1 0 0
    outer loop
      vertex 25.2 17.1 3.7
      vertex 25.2 16.75 4.7
      vertex 25.2 17.1 4.7
    endloop
  endfacet
  facet normal 0 1 0
    outer loop
      vertex 28.8 17.1 3.7
      vertex 25.2 17.1 4.7
      vertex 28.8 17.1 4.7
    endloop
  endfacet
  facet normal 1 0 0
    outer loop
      vertex 28.8 16.75 3.7
      vertex 28.8 17.1 4.7
      vertex 28.8 16.75 4.7
    endloop
  endfacet
  facet normal 0 0 1
    outer loop
      vertex 25.2 16.75 4.7
      vertex 28.8 16.75 4.7
      vertex 25.2 17.1 4.7
    endloop
  endfacet
  facet normal 0 0 1
    outer loop
      vertex 25.2 17.1 4.7
      vertex 28.8 16.75 4.7
      vertex 28.8 17.1 4.7
    endloop
  endfacet
  facet normal -0.5141027497065688 -0.8577286066956991 0
    outer loop
      vertex -37.77785116434097 -18.157348059117794 0
      vertex -37.35698368400335 -18.40960632264614 0
      vertex -37.77785116434097 -18.157348059117794 2.4
    endloop
  endfacet
  facet normal -0.5956993013048966 -0.8032075338446832 0
    outer loop
      vertex -38.171966418623924 -17.86505226790905 0
      vertex -37.77785116434097 -18.157348059117794 0
      vertex -38.171966418623924 -17.86505226790905 2.4
    endloop
  endfacet
  facet normal -0.7409511245144411 -0.6715589557743871 0
    outer loop
      vertex -38.86505226790905 -17.171966418623924 0
      vertex -38.5355339050293 -17.535533905029297 0
      vertex -38.86505226790905 -17.171966418623924 2.4
    endloop
  endfacet
  facet normal -0.8032075338446832 -0.5956993013048966 0
    outer loop
      vertex -38.86505226790905 -17.171966418623924 0
      vertex -39.157348059117794 -16.777851164340973 2.4
      vertex -39.157348059117794 -16.777851164340973 0
    endloop
  endfacet
  facet normal -0.6715589557743871 -0.7409511245144411 0
    outer loop
      vertex -38.171966418623924 -17.86505226790905 0
      vertex -38.5355339050293 -17.535533905029297 2.4
      vertex -38.5355339050293 -17.535533905029297 0
    endloop
  endfacet
  facet normal -0.42755509102775247 -0.9039892942597553 0
    outer loop
      vertex -37.35698368400335 -18.40960632264614 0
      vertex -36.91341716051102 -18.619397662580013 0
      vertex -37.35698368400335 -18.40960632264614 2.4
    endloop
  endfacet
  facet normal -0.24298018859287093 -0.9700312510179105 0
    outer loop
      vertex -36.45142338424921 -18.78470167517662 0
      vertex -35.97545161098242 -18.9039264023304 0
      vertex -36.45142338424921 -18.78470167517662 2.4
    endloop
  endfacet
  facet normal -0.33688984659619614 -0.941544067614677 0
    outer loop
      vertex -36.91341716051102 -18.619397662580013 0
      vertex -36.45142338424921 -18.78470167517662 0
      vertex -36.91341716051102 -18.619397662580013 2.4
    endloop
  endfacet
  facet normal -0.14673047607854153 -0.989176509724005 0
    outer loop
      vertex -35.97545161098242 -18.9039264023304 0
      vertex -35.49008569866419 -18.975923635065556 0
      vertex -35.97545161098242 -18.9039264023304 2.4
    endloop
  endfacet
  facet normal -0.049067671159865246 -0.9987954563607843 0
    outer loop
      vertex -35.49008569866419 -18.975923635065556 0
      vertex -35 -19 0
      vertex -35.49008569866419 -18.975923635065556 2.4
    endloop
  endfacet
  facet normal -0.9039892942597553 -0.42755509102775247 0
    outer loop
      vertex -39.40960632264614 -16.356983684003353 0
      vertex -39.61939766258001 -15.913417160511017 2.4
      vertex -39.61939766258001 -15.913417160511017 0
    endloop
  endfacet
  facet normal -0.8577286066956991 -0.5141027497065688 0
    outer loop
      vertex -39.157348059117794 -16.777851164340973 0
      vertex -39.40960632264614 -16.356983684003353 2.4
      vertex -39.40960632264614 -16.356983684003353 0
    endloop
  endfacet
  facet normal -0.941544067614677 -0.33688984659619614 0
    outer loop
      vertex -39.61939766258001 -15.913417160511017 0
      vertex -39.78470167517662 -15.45142338424921 2.4
      vertex -39.78470167517662 -15.45142338424921 0
    endloop
  endfacet
  facet normal -0.9700312510179105 -0.24298018859287093 0
    outer loop
      vertex -39.78470167517662 -15.45142338424921 0
      vertex -39.9039264023304 -14.975451610982418 2.4
      vertex -39.9039264023304 -14.975451610982418 0
    endloop
  endfacet
  facet normal -0.989176509724005 -0.14673047607854153 0
    outer loop
      vertex -39.9039264023304 -14.975451610982418 0
      vertex -39.975923635065556 -14.490085698664188 2.4
      vertex -39.975923635065556 -14.490085698664188 0
    endloop
  endfacet
  facet normal 0 0 -1
    outer loop
      vertex -39.9039264023304 -14.975451610982418 0
      vertex -29.888899996876717 -11.563720002770424 0
      vertex -29.888899996876717 -12.43716000020504 0
    endloop
  endfacet
  facet normal 0 0 -1
    outer loop
      vertex -39.9039264023304 -14.975451610982418 0
      vertex -29.888899996876717 -12.43716000020504 0
      vertex -27.10317999869585 -13.497720003128052 0
    endloop
  endfacet
  facet normal 0 0 -1
    outer loop
      vertex -39.9039264023304 -14.975451610982418 0
      vertex -27.10317999869585 -10.503119997680187 0
      vertex -29.888899996876717 -11.563720002770424 0
    endloop
  endfacet
  facet normal 0 0 -1
    outer loop
      vertex -39.9039264023304 -14.975451610982418 0
      vertex -39.975923635065556 -14.490085698664188 0
      vertex -11.451685505061958 -4.711785615807562 0
    endloop
  endfacet
  facet normal 0 0 -1
    outer loop
      vertex -39.975923635065556 -14.490085698664188 0
      vertex -40 -14 0
      vertex -11.904123357812587 -4.49779844817661 0
    endloop
  endfacet
  facet normal -0.9987954563607843 -0.049067671159865246 0
    outer loop
      vertex -39.975923635065556 -14.490085698664188 0
      vertex -40 -14 2.4
      vertex -40 -14 0
    endloop
  endfacet
  facet normal 0 0 -1
    outer loop
      vertex -39.9039264023304 -14.975451610982418 0
      vertex -11.451685505061958 -4.711785615807562 0
      vertex -27.10317999869585 -10.503119997680187 0
    endloop
  endfacet
  facet normal 0 0 -1
    outer loop
      vertex -39.9039264023304 -14.975451610982418 0
      vertex -27.10317999869585 -13.497720003128052 0
      vertex 6.49337999522686 -13.41031999886036 0
    endloop
  endfacet
  facet normal 0 0 -1
    outer loop
      vertex -27.10317999869585 -12.881999999284744 0
      vertex -10.208020001649857 -12.330600000917912 0
      vertex -27.10317999869585 -13.497720003128052 0
    endloop
  endfacet
  facet normal 0 0 -1
    outer loop
      vertex -29.362659998238087 -12.003159999847412 0
      vertex -10.208020001649857 -11.668719999492168 0
      vertex -27.10317999869585 -12.881999999284744 0
    endloop
  endfacet
  facet normal 0 0 -1
    outer loop
      vertex -27.10317999869585 -11.1216000020504 0
      vertex -10.208020001649857 -11.668719999492168 0
      vertex -29.362659998238087 -12.003159999847412 0
    endloop
  endfacet
  facet normal 0 0 -1
    outer loop
      vertex -27.10317999869585 -10.503119997680187 0
      vertex -10.208020001649857 -11.668719999492168 0
      vertex -27.10317999869585 -11.1216000020504 0
    endloop
  endfacet
  facet normal -0.5956993013048966 -0.8032075338446832 0
    outer loop
      vertex -37.77785116434097 -18.157348059117794 0
      vertex -37.77785116434097 -18.157348059117794 2.4
      vertex -38.171966418623924 -17.86505226790905 2.4
    endloop
  endfacet
  facet normal -0.8032075338446832 -0.5956993013048966 0
    outer loop
      vertex -38.86505226790905 -17.171966418623924 0
      vertex -38.86505226790905 -17.171966418623924 2.4
      vertex -39.157348059117794 -16.777851164340973 2.4
    endloop
  endfacet
  facet normal -0.8577286066956991 -0.5141027497065688 0
    outer loop
      vertex -39.157348059117794 -16.777851164340973 0
      vertex -39.157348059117794 -16.777851164340973 2.4
      vertex -39.40960632264614 -16.356983684003353 2.4
    endloop
  endfacet
  facet normal -0.6715589557743871 -0.7409511245144411 0
    outer loop
      vertex -38.171966418623924 -17.86505226790905 0
      vertex -38.171966418623924 -17.86505226790905 2.4
      vertex -38.5355339050293 -17.535533905029297 2.4
    endloop
  endfacet
  facet normal -0.7409511245144411 -0.6715589557743871 0
    outer loop
      vertex -38.5355339050293 -17.535533905029297 0
      vertex -38.5355339050293 -17.535533905029297 2.4
      vertex -38.86505226790905 -17.171966418623924 2.4
    endloop
  endfacet
  facet normal -0.42755509102775247 -0.9039892942597553 0
    outer loop
      vertex -36.91341716051102 -18.619397662580013 0
      vertex -36.91341716051102 -18.619397662580013 2.4
      vertex -37.35698368400335 -18.40960632264614 2.4
    endloop
  endfacet
  facet normal -0.33688984659619614 -0.941544067614677 0
    outer loop
      vertex -36.45142338424921 -18.78470167517662 0
      vertex -36.45142338424921 -18.78470167517662 2.4
      vertex -36.91341716051102 -18.619397662580013 2.4
    endloop
  endfacet
  facet normal -0.5141027497065688 -0.8577286066956991 0
    outer loop
      vertex -37.35698368400335 -18.40960632264614 0
      vertex -37.35698368400335 -18.40960632264614 2.4
      vertex -37.77785116434097 -18.157348059117794 2.4
    endloop
  endfacet
  facet normal -0.24298018859287093 -0.9700312510179105 0
    outer loop
      vertex -35.97545161098242 -18.9039264023304 0
      vertex -35.97545161098242 -18.9039264023304 2.4
      vertex -36.45142338424921 -18.78470167517662 2.4
    endloop
  endfacet
  facet normal -0.14673047607854153 -0.989176509724005 0
    outer loop
      vertex -35.49008569866419 -18.975923635065556 0
      vertex -35.49008569866419 -18.975923635065556 2.4
      vertex -35.97545161098242 -18.9039264023304 2.4
    endloop
  endfacet
  facet normal -0.049067671159865246 -0.9987954563607843 0
    outer loop
      vertex -35 -19 0
      vertex -35 -19 2.4
      vertex -35.49008569866419 -18.975923635065556 2.4
    endloop
  endfacet
  facet normal -0.9039892942597553 -0.42755509102775247 0
    outer loop
      vertex -39.40960632264614 -16.356983684003353 0
      vertex -39.40960632264614 -16.356983684003353 2.4
      vertex -39.61939766258001 -15.913417160511017 2.4
    endloop
  endfacet
  facet normal -0.941544067614677 -0.33688984659619614 0
    outer loop
      vertex -39.61939766258001 -15.913417160511017 0
      vertex -39.61939766258001 -15.913417160511017 2.4
      vertex -39.78470167517662 -15.45142338424921 2.4
    endloop
  endfacet
  facet normal -0.9700312510179105 -0.24298018859287093 0
    outer loop
      vertex -39.78470167517662 -15.45142338424921 0
      vertex -39.78470167517662 -15.45142338424921 2.4
      vertex -39.9039264023304 -14.975451610982418 2.4
    endloop
  endfacet
  facet normal -0.989176509724005 -0.14673047607854153 0
    outer loop
      vertex -39.9039264023304 -14.975451610982418 0
      vertex -39.9039264023304 -14.975451610982418 2.4
      vertex -39.975923635065556 -14.490085698664188 2.4
    endloop
  endfacet
  facet normal -0.9987954563607843 -0.049067671159865246 0
    outer loop
      vertex -39.975923635065556 -14.490085698664188 0
      vertex -39.975923635065556 -14.490085698664188 2.4
      vertex -40 -14 2.4
    endloop
  endfacet
  facet normal 0 0 1
    outer loop
      vertex -38.86505226790905 -17.171966418623924 2.4
      vertex -38.5355339050293 -17.535533905029297 2.4
      vertex -34.75 -16.75 2.4
    endloop
  endfacet
  facet normal 0 0 1
    outer loop
      vertex -38.86505226790905 -17.171966418623924 2.4
      vertex -34.75 -15.350000000000001 2.4
      vertex -39.157348059117794 -16.777851164340973 2.4
    endloop
  endfacet
  facet normal 0 0 1
    outer loop
      vertex -39.157348059117794 -16.777851164340973 2.4
      vertex -34.75 -15.350000000000001 2.4
      vertex -39.40960632264614 -16.356983684003353 2.4
    endloop
  endfacet
  facet normal 0 0 1
    outer loop
      vertex -39.40960632264614 -16.356983684003353 2.4
      vertex -34.75 -15.350000000000001 2.4
      vertex -39.61939766258001 -15.913417160511017 2.4
    endloop
  endfacet
  facet normal 0 0 1
    outer loop
      vertex -39.61939766258001 -15.913417160511017 2.4
      vertex -34.75 -15.350000000000001 2.4
      vertex -39.78470167517662 -15.45142338424921 2.4
    endloop
  endfacet
  facet normal 0 0 1
    outer loop
      vertex -39.9039264023304 -14.975451610982418 2.4
      vertex -37.75 -13.75 2.4
      vertex -39.975923635065556 -14.490085698664188 2.4
    endloop
  endfacet
  facet normal 0 0 1
    outer loop
      vertex -39.78470167517662 -15.45142338424921 2.4
      vertex -34.75 -15.350000000000001 2.4
      vertex -39.9039264023304 -14.975451610982418 2.4
    endloop
  endfacet
  facet normal 0 0 1
    outer loop
      vertex -38.86505226790905 -17.171966418623924 2.4
      vertex -34.75 -16.75 2.4
      vertex -34.75 -15.350000000000001 2.4
    endloop
  endfacet
  facet normal 0 0 1
    outer loop
      vertex -39.9039264023304 -14.975451610982418 2.4
      vertex -36.349999999999994 -13.75 2.4
      vertex -37.75 -13.75 2.4
    endloop
  endfacet
  facet normal 0 0 1
    outer loop
      vertex -39.9039264023304 -14.975451610982418 2.4
      vertex -16.85 -7.35 2.4
      vertex -36.349999999999994 -13.75 2.4
    endloop
  endfacet
  facet normal 0 0 -1
    outer loop
      vertex -40 -14 0
      vertex -32.74049502274298 -2.833408188399971 0
      vertex -32.44235331214996 -3.235405749234592 0
    endloop
  endfacet
  facet normal 0 0 -1
    outer loop
      vertex -40 -14 0
      vertex -32.99779844817661 -2.404123357812588 0
      vertex -32.74049502274298 -2.833408188399971 0
    endloop
  endfacet
  facet normal 0 0 -1
    outer loop
      vertex -40 -14 0
      vertex -33.211785615807564 -1.9516855050619577 0
      vertex -32.99779844817661 -2.404123357812588 0
    endloop
  endfacet
  facet normal 0 0 -1
    outer loop
      vertex -40 -14 0
      vertex -33.50200493005647 -0.994960642282254 0
      vertex -33.38039571223426 -1.4804518539977578 0
    endloop
  endfacet
  facet normal 0 0 -1
    outer loop
      vertex -40 -14 0
      vertex -33.38039571223426 -1.4804518539977578 0
      vertex -33.211785615807564 -1.9516855050619577 0
    endloop
  endfacet
  facet normal 0 0 -1
    outer loop
      vertex -40 -14 0
      vertex -33.575442106028206 -0.49988741568075906 0
      vertex -33.50200493005647 -0.994960642282254 0
    endloop
  endfacet
  facet normal 0 0 -1
    outer loop
      vertex -40 -14 0
      vertex -33.6 0 0
      vertex -33.575442106028206 -0.49988741568075906 0
    endloop
  endfacet
  facet normal 0 0 -1
    outer loop
      vertex -40 -14 0
      vertex -30.904123357812587 -4.49779844817661 0
      vertex -30.451685505061956 -4.711785615807562 0
    endloop
  endfacet
  facet normal 0 0 -1
    outer loop
      vertex -40 -14 0
      vertex -32.106244584051396 -3.6062445840513924 0
      vertex -31.73540574923459 -3.9423533121499585 0
    endloop
  endfacet
  facet normal 0 0 -1
    outer loop
      vertex -40 -14 0
      vertex -31.33340818839997 -4.24049502274298 0
      vertex -30.904123357812587 -4.49779844817661 0
    endloop
  endfacet
  facet normal 0 0 -1
    outer loop
      vertex -40 -14 0
      vertex -31.73540574923459 -3.9423533121499585 0
      vertex -31.33340818839997 -4.24049502274298 0
    endloop
  endfacet
  facet normal 0 0 -1
    outer loop
      vertex -40 -14 0
      vertex -30.451685505061956 -4.711785615807562 0
      vertex -29.980451853997756 -4.8803957122342645 0
    endloop
  endfacet
  facet normal 0 0 -1
    outer loop
      vertex -40 -14 0
      vertex -29.980451853997756 -4.8803957122342645 0
      vertex -29.494960642282255 -5.002004930056475 0
    endloop
  endfacet
  facet normal 0 0 -1
    outer loop
      vertex -40 -14 0
      vertex -29.494960642282255 -5.002004930056475 0
      vertex -28.99988741568076 -5.075442106028204 0
    endloop
  endfacet
  facet normal 0 0 -1
    outer loop
      vertex -40 -14 0
      vertex -28.99988741568076 -5.075442106028204 0
      vertex -28.5 -5.1 0
    endloop
  endfacet
  facet normal 0 0 -1
    outer loop
      vertex -40 -14 0
      vertex -28.5 -5.1 0
      vertex -28.00011258431924 -5.075442106028204 0
    endloop
  endfacet
  facet normal 0 0 -1
    outer loop
      vertex -40 -14 0
      vertex -32.44235331214996 -3.235405749234592 0
      vertex -32.106244584051396 -3.6062445840513924 0
    endloop
  endfacet
  facet normal 0 0 -1
    outer loop
      vertex -40 -14 0
      vertex -28.00011258431924 -5.075442106028204 0
      vertex -12.333408188399972 -4.24049502274298 0
    endloop
  endfacet
  facet normal 0 0 -1
    outer loop
      vertex -40 -14 0
      vertex -12.333408188399972 -4.24049502274298 0
      vertex -11.904123357812587 -4.49779844817661 0
    endloop
  endfacet
  facet normal 0 0 -1
    outer loop
      vertex -39.975923635065556 -14.490085698664188 0
      vertex -11.904123357812587 -4.49779844817661 0
      vertex -11.451685505061958 -4.711785615807562 0
    endloop
  endfacet
  facet normal 0 0 -1
    outer loop
      vertex -12.333408188399972 -4.24049502274298 0
      vertex -28.00011258431924 -5.075442106028204 0
      vertex -27.505039357717745 -5.002004930056475 0
    endloop
  endfacet
  facet normal 0 0 -1
    outer loop
      vertex -12.333408188399972 -4.24049502274298 0
      vertex -27.505039357717745 -5.002004930056475 0
      vertex -27.019548146002244 -4.8803957122342645 0
    endloop
  endfacet
  facet normal 0 0 -1
    outer loop
      vertex -12.333408188399972 -4.24049502274298 0
      vertex -27.019548146002244 -4.8803957122342645 0
      vertex -26.548314494938044 -4.711785615807562 0
    endloop
  endfacet
  facet normal 0 0 -1
    outer loop
      vertex -12.333408188399972 -4.24049502274298 0
      vertex -26.548314494938044 -4.711785615807562 0
      vertex -26.095876642187413 -4.49779844817661 0
    endloop
  endfacet
  facet normal 0 0 -1
    outer loop
      vertex -12.333408188399972 -4.24049502274298 0
      vertex -26.095876642187413 -4.49779844817661 0
      vertex -25.66659181160003 -4.24049502274298 0
    endloop
  endfacet
  facet normal 0 0 -1
    outer loop
      vertex -12.333408188399972 -4.24049502274298 0
      vertex -25.66659181160003 -4.24049502274298 0
      vertex -25.26459425076541 -3.9423533121499585 0
    endloop
  endfacet
  facet normal 0 0 -1
    outer loop
      vertex -25.26459425076541 -3.9423533121499585 0
      vertex -24.893755415948608 -3.6062445840513924 0
      vertex -12.735405749234591 -3.9423533121499585 0
    endloop
  endfacet
  facet normal 0 0 -1
    outer loop
      vertex -24.893755415948608 -3.6062445840513924 0
      vertex -24.557646687850042 -3.235405749234592 0
      vertex -13.106244584051392 -3.6062445840513924 0
    endloop
  endfacet
  facet normal 0 0 -1
    outer loop
      vertex -24.25950497725702 -2.833408188399971 0
      vertex -13.442353312149958 -3.235405749234592 0
      vertex -24.557646687850042 -3.235405749234592 0
    endloop
  endfacet
  facet normal 0 0 -1
    outer loop
      vertex -24.00220155182339 -2.404123357812588 0
      vertex -13.74049502274298 -2.833408188399971 0
      vertex -24.25950497725702 -2.833408188399971 0
    endloop
  endfacet
  facet normal 0 0 -1
    outer loop
      vertex -23.788214384192436 -1.9516855050619577 0
      vertex -13.99779844817661 -2.404123357812588 0
      vertex -24.00220155182339 -2.404123357812588 0
    endloop
  endfacet
  facet normal 0 0 -1
    outer loop
      vertex -23.619604287765736 -1.4804518539977578 0
      vertex -14.211785615807562 -1.9516855050619577 0
      vertex -23.788214384192436 -1.9516855050619577 0
    endloop
  endfacet
  facet normal 0 0 -1
    outer loop
      vertex -23.497995069943524 -0.994960642282254 0
      vertex -14.380395712234264 -1.4804518539977578 0
      vertex -23.619604287765736 -1.4804518539977578 0
    endloop
  endfacet
  facet normal 0 0 -1
    outer loop
      vertex -23.424557893971794 -0.49988741568075906 0
      vertex -14.502004930056476 -0.994960642282254 0
      vertex -23.497995069943524 -0.994960642282254 0
    endloop
  endfacet
  facet normal 0 0 -1
    outer loop
      vertex -23.4 0 0
      vertex -14.575442106028204 -0.49988741568075906 0
      vertex -23.424557893971794 -0.49988741568075906 0
    endloop
  endfacet
  facet normal 0 0 1
    outer loop
      vertex -36.349999999999994 -13.75 2.4
      vertex -35.85 -7.35 2.4
      vertex -35.85 -6.15 2.4
    endloop
  endfacet
  facet normal 0 0 1
    outer loop
      vertex -39.975923635065556 -14.490085698664188 2.4
      vertex -37.75 13.75 2.4
      vertex -40 -14 2.4
    endloop
  endfacet
  facet normal 0 0 1
    outer loop
      vertex -39.975923635065556 -14.490085698664188 2.4
      vertex -37.75 -13.75 2.4
      vertex -37.75 13.75 2.4
    endloop
  endfacet
  facet normal 0 0 1
    outer loop
      vertex -36.349999999999994 -13.75 2.4
      vertex -21.15 -7.35 2.4
      vertex -35.85 -7.35 2.4
    endloop
  endfacet
  facet normal 0 0 1
    outer loop
      vertex -34.65 -6.15 2.4
      vertex -31.33340818839997 -4.24049502274298 2.4
      vertex -31.73540574923459 -3.9423533121499585 2.4
    endloop
  endfacet
  facet normal 0 0 1
    outer loop
      vertex -34.65 -6.15 2.4
      vertex -29.494960642282255 -5.002004930056475 2.4
      vertex -29.980451853997756 -4.8803957122342645 2.4
    endloop
  endfacet
  facet normal 0 0 1
    outer loop
      vertex -34.65 -6.15 2.4
      vertex -30.451685505061956 -4.711785615807562 2.4
      vertex -30.904123357812587 -4.49779844817661 2.4
    endloop
  endfacet
  facet normal 0 0 1
    outer loop
      vertex -34.65 -6.15 2.4
      vertex -30.904123357812587 -4.49779844817661 2.4
      vertex -31.33340818839997 -4.24049502274298 2.4
    endloop
  endfacet
  facet normal 0 0 1
    outer loop
      vertex -34.65 -6.15 2.4
      vertex -29.980451853997756 -4.8803957122342645 2.4
      vertex -30.451685505061956 -4.711785615807562 2.4
    endloop
  endfacet
  facet normal -1 0 0
    outer loop
      vertex -40 -14 0
      vertex -40 -14 2.4
      vertex -40 14 2.4
    endloop
  endfacet
  facet normal 0 0 1
    outer loop
      vertex -36.349999999999994 -13.75 2.4
      vertex -35.85 -6.15 2.4
      vertex -35.85 6.15 2.4
    endloop
  endfacet
  facet normal 0 0 1
    outer loop
      vertex -36.349999999999994 -13.75 2.4
      vertex -35.85 6.15 2.4
      vertex -35.85 7.35 2.4
    endloop
  endfacet
  facet normal 0 0 1
    outer loop
      vertex -34.65 -6.15 2.4
      vertex -31.73540574923459 -3.9423533121499585 2.4
      vertex -32.106244584051396 -3.6062445840513924 2.4
    endloop
  endfacet
  facet normal 0 0 1
    outer loop
      vertex -34.65 -6.15 2.4
      vertex -32.106244584051396 -3.6062445840513924 2.4
      vertex -32.44235331214996 -3.235405749234592 2.4
    endloop
  endfacet
  facet normal 0 0 1
    outer loop
      vertex -34.65 -6.15 2.4
      vertex -32.44235331214996 -3.235405749234592 2.4
      vertex -32.74049502274298 -2.833408188399971 2.4
    endloop
  endfacet
  facet normal 0 0 1
    outer loop
      vertex -34.65 -6.15 2.4
      vertex -32.74049502274298 -2.833408188399971 2.4
      vertex -32.99779844817661 -2.404123357812588 2.4
    endloop
  endfacet
  facet normal 0 0 1
    outer loop
      vertex -34.65 -6.15 2.4
      vertex -33.38039571223426 -1.4804518539977578 2.4
      vertex -33.50200493005647 -0.994960642282254 2.4
    endloop
  endfacet
  facet normal 0 0 1
    outer loop
      vertex -34.65 -6.15 2.4
      vertex -33.50200493005647 -0.994960642282254 2.4
      vertex -33.575442106028206 -0.49988741568075906 2.4
    endloop
  endfacet
  facet normal 0 0 1
    outer loop
      vertex -34.65 -6.15 2.4
      vertex -32.99779844817661 -2.404123357812588 2.4
      vertex -33.211785615807564 -1.9516855050619577 2.4
    endloop
  endfacet
  facet normal 0 0 1
    outer loop
      vertex -34.65 -6.15 2.4
      vertex -33.211785615807564 -1.9516855050619577 2.4
      vertex -33.38039571223426 -1.4804518539977578 2.4
    endloop
  endfacet
  facet normal 0 0 1
    outer loop
      vertex -34.65 -6.15 2.4
      vertex -33.575442106028206 -0.49988741568075906 2.4
      vertex -33.6 0 2.4
    endloop
  endfacet
  facet normal 0 0 1
    outer loop
      vertex -34.65 -6.15 2.4
      vertex -33.6 0 2.4
      vertex -33.575442106028206 0.49988741568075906 2.4
    endloop
  endfacet
  facet normal 0 0 1
    outer loop
      vertex -34.65 -6.15 2.4
      vertex -33.575442106028206 0.49988741568075906 2.4
      vertex -33.50200493005647 0.994960642282254 2.4
    endloop
  endfacet
  facet normal 0 0 1
    outer loop
      vertex -34.65 -6.15 2.4
      vertex -22.35 -6.15 2.4
      vertex -29.494960642282255 -5.002004930056475 2.4
    endloop
  endfacet
  facet normal 0 0 1
    outer loop
      vertex -22.35 -6.15 2.4
      vertex -28.99988741568076 -5.075442106028204 2.4
      vertex -29.494960642282255 -5.002004930056475 2.4
    endloop
  endfacet
  facet normal 0 0 1
    outer loop
      vertex -22.35 -6.15 2.4
      vertex -28.5 -5.1 2.4
      vertex -28.99988741568076 -5.075442106028204 2.4
    endloop
  endfacet
  facet normal 0 0 1
    outer loop
      vertex -22.35 -6.15 2.4
      vertex -28.00011258431924 -5.075442106028204 2.4
      vertex -28.5 -5.1 2.4
    endloop
  endfacet
  facet normal 0 0 1
    outer loop
      vertex -22.35 -6.15 2.4
      vertex -27.505039357717745 -5.002004930056475 2.4
      vertex -28.00011258431924 -5.075442106028204 2.4
    endloop
  endfacet
  facet normal 0 0 1
    outer loop
      vertex -22.35 -6.15 2.4
      vertex -27.019548146002244 -4.8803957122342645 2.4
      vertex -27.505039357717745 -5.002004930056475 2.4
    endloop
  endfacet
  facet normal 0 0 1
    outer loop
      vertex -22.35 -6.15 2.4
      vertex -26.548314494938044 -4.711785615807562 2.4
      vertex -27.019548146002244 -4.8803957122342645 2.4
    endloop
  endfacet
  facet normal 0 0 1
    outer loop
      vertex -36.349999999999994 -13.75 2.4
      vertex -16.85 -6.15 2.4
      vertex -21.15 -7.35 2.4
    endloop
  endfacet
  facet normal 0 0 1
    outer loop
      vertex -36.349999999999994 -13.75 2.4
      vertex -16.85 -7.35 2.4
      vertex -16.85 -6.15 2.4
    endloop
  endfacet
  facet normal 0 0 1
    outer loop
      vertex -22.35 -6.15 2.4
      vertex -26.095876642187413 -4.49779844817661 2.4
      vertex -26.548314494938044 -4.711785615807562 2.4
    endloop
  endfacet
  facet normal 0 0 1
    outer loop
      vertex -22.35 -6.15 2.4
      vertex -25.66659181160003 -4.24049502274298 2.4
      vertex -26.095876642187413 -4.49779844817661 2.4
    endloop
  endfacet
  facet normal 0 0 1
    outer loop
      vertex -22.35 -6.15 2.4
      vertex -25.26459425076541 -3.9423533121499585 2.4
      vertex -25.66659181160003 -4.24049502274298 2.4
    endloop
  endfacet
  facet normal 0 0 1
    outer loop
      vertex -22.35 -6.15 2.4
      vertex -24.893755415948608 -3.606244584051393 2.4
      vertex -25.26459425076541 -3.9423533121499585 2.4
    endloop
  endfacet
  facet normal 0 0 1
    outer loop
      vertex -22.35 -6.15 2.4
      vertex -24.557646687850042 -3.235405749234592 2.4
      vertex -24.893755415948608 -3.606244584051393 2.4
    endloop
  endfacet
  facet normal 0 0 1
    outer loop
      vertex -22.35 -6.15 2.4
      vertex -24.25950497725702 -2.833408188399971 2.4
      vertex -24.557646687850042 -3.235405749234592 2.4
    endloop
  endfacet
  facet normal 0 0 1
    outer loop
      vertex -22.35 -6.15 2.4
      vertex -24.00220155182339 -2.404123357812588 2.4
      vertex -24.25950497725702 -2.833408188399971 2.4
    endloop
  endfacet
  facet normal 0 0 1
    outer loop
      vertex -22.35 -6.15 2.4
      vertex -23.788214384192436 -1.9516855050619577 2.4
      vertex -24.00220155182339 -2.404123357812588 2.4
    endloop
  endfacet
  facet normal 0 0 1
    outer loop
      vertex -22.35 -6.15 2.4
      vertex -23.619604287765736 -1.4804518539977578 2.4
      vertex -23.788214384192436 -1.9516855050619577 2.4
    endloop
  endfacet
  facet normal 0 0 1
    outer loop
      vertex -22.35 -6.15 2.4
      vertex -23.497995069943524 -0.994960642282254 2.4
      vertex -23.619604287765736 -1.4804518539977578 2.4
    endloop
  endfacet
  facet normal 0 0 1
    outer loop
      vertex -22.35 -6.15 2.4
      vertex -22.35 6.15 2.4
      vertex -23.497995069943524 -0.994960642282254 2.4
    endloop
  endfacet
  facet normal 0 0 -1
    outer loop
      vertex -38.171966418623924 -17.86505226790905 0
      vertex -38.5355339050293 -17.535533905029297 0
      vertex 39.157348059117794 -16.777851164340973 0
    endloop
  endfacet
  facet normal 0 0 -1
    outer loop
      vertex -38.86505226790905 -17.171966418623924 0
      vertex 39.40960632264614 -16.356983684003353 0
      vertex -38.5355339050293 -17.535533905029297 0
    endloop
  endfacet
  facet normal 0 0 -1
    outer loop
      vertex -35.49008569866419 -18.975923635065556 0
      vertex 36.45142338424921 -18.78470167517662 0
      vertex -35 -19 0
    endloop
  endfacet
  facet normal 0 0 -1
    outer loop
      vertex -35.97545161098242 -18.9039264023304 0
      vertex 36.91341716051102 -18.619397662580013 0
      vertex -35.49008569866419 -18.975923635065556 0
    endloop
  endfacet
  facet normal 0 0 -1
    outer loop
      vertex -36.45142338424921 -18.78470167517662 0
      vertex 37.35698368400335 -18.40960632264614 0
      vertex -35.97545161098242 -18.9039264023304 0
    endloop
  endfacet
  facet normal 0 0 -1
    outer loop
      vertex -36.91341716051102 -18.619397662580013 0
      vertex 37.77785116434097 -18.157348059117794 0
      vertex -36.45142338424921 -18.78470167517662 0
    endloop
  endfacet
  facet normal 0 0 -1
    outer loop
      vertex -37.35698368400335 -18.40960632264614 0
      vertex 38.171966418623924 -17.86505226790905 0
      vertex -36.91341716051102 -18.619397662580013 0
    endloop
  endfacet
  facet normal 0 0 -1
    outer loop
      vertex -37.77785116434097 -18.157348059117794 0
      vertex 38.5355339050293 -17.535533905029297 0
      vertex -37.35698368400335 -18.40960632264614 0
    endloop
  endfacet
  facet normal 0 0 -1
    outer loop
      vertex -38.171966418623924 -17.86505226790905 0
      vertex 38.86505226790905 -17.171966418623924 0
      vertex -37.77785116434097 -18.157348059117794 0
    endloop
  endfacet
  facet normal 0 0 -1
    outer loop
      vertex -38.86505226790905 -17.171966418623924 0
      vertex -39.157348059117794 -16.777851164340973 0
      vertex 39.61939766258001 -15.913417160511017 0
    endloop
  endfacet
  facet normal 0 0 -1
    outer loop
      vertex -39.157348059117794 -16.777851164340973 0
      vertex -39.40960632264614 -16.356983684003353 0
      vertex 39.78470167517662 -15.45142338424921 0
    endloop
  endfacet
  facet normal 0 0 -1
    outer loop
      vertex -39.40960632264614 -16.356983684003353 0
      vertex -39.61939766258001 -15.913417160511017 0
      vertex 39.9039264023304 -14.975451610982418 0
    endloop
  endfacet
  facet normal 0 0 -1
    outer loop
      vertex -39.61939766258001 -15.913417160511017 0
      vertex -39.78470167517662 -15.45142338424921 0
      vertex 39.975923635065556 -14.490085698664188 0
    endloop
  endfacet
  facet normal 0 0 -1
    outer loop
      vertex -39.78470167517662 -15.45142338424921 0
      vertex -39.9039264023304 -14.975451610982418 0
      vertex 40 -14 0
    endloop
  endfacet
  facet normal 0 -1 0
    outer loop
      vertex -35 -19 0
      vertex 35 -19 0
      vertex -35 -19 2.4
    endloop
  endfacet
  facet normal 0 0 -1
    outer loop
      vertex -27.10317999869585 -12.881999999284744 0
      vertex -10.208020001649857 -11.668719999492168 0
      vertex -10.208020001649857 -12.330600000917912 0
    endloop
  endfacet
  facet normal 0 0 -1
    outer loop
      vertex -27.10317999869585 -13.497720003128052 0
      vertex -10.208020001649857 -12.330600000917912 0
      vertex 6.49337999522686 -13.41031999886036 0
    endloop
  endfacet
  facet normal 0 0 -1
    outer loop
      vertex -27.10317999869585 -10.503119997680187 0
      vertex 6.49337999522686 -10.589319996535778 0
      vertex -10.208020001649857 -11.668719999492168 0
    endloop
  endfacet
  facet normal 0 0 -1
    outer loop
      vertex -39.9039264023304 -14.975451610982418 0
      vertex 11.6098193526268 -13.96157056093216 0
      vertex 11.803965717554092 -13.990369454026222 0
    endloop
  endfacet
  facet normal 0 0 -1
    outer loop
      vertex -39.9039264023304 -14.975451610982418 0
      vertex 11.803965717554092 -13.990369454026222 0
      vertex 12 -14 0
    endloop
  endfacet
  facet normal 0 0 -1
    outer loop
      vertex -39.9039264023304 -14.975451610982418 0
      vertex 6.49337999522686 -13.41031999886036 0
      vertex 11.6098193526268 -13.96157056093216 0
    endloop
  endfacet
  facet normal 0 0 -1
    outer loop
      vertex -8.797499999403954 -12.330600000917912 0
      vertex 6.49337999522686 -13.41031999886036 0
      vertex -10.208020001649857 -12.330600000917912 0
    endloop
  endfacet
  facet normal 0 0 -1
    outer loop
      vertex -8.797499999403954 -11.668719999492168 0
      vertex 5.411100000143051 -12.303640000522137 0
      vertex -8.797499999403954 -12.330600000917912 0
    endloop
  endfacet
  facet normal 0 0 -1
    outer loop
      vertex -10.208020001649857 -11.668719999492168 0
      vertex 6.49337999522686 -10.589319996535778 0
      vertex -8.797499999403954 -11.668719999492168 0
    endloop
  endfacet
  facet normal 0 0 1
    outer loop
      vertex -38.171966418623924 -17.86505226790905 2.4
      vertex 39.157348059117794 -16.777851164340973 2.4
      vertex -38.5355339050293 -17.535533905029297 2.4
    endloop
  endfacet
  facet normal 0 0 1
    outer loop
      vertex -35.49008569866419 -18.975923635065556 2.4
      vertex -35 -19 2.4
      vertex 36.45142338424921 -18.78470167517662 2.4
    endloop
  endfacet
  facet normal 0 0 1
    outer loop
      vertex -35.97545161098242 -18.9039264023304 2.4
      vertex -35.49008569866419 -18.975923635065556 2.4
      vertex 36.91341716051102 -18.619397662580013 2.4
    endloop
  endfacet
  facet normal 0 0 1
    outer loop
      vertex -36.45142338424921 -18.78470167517662 2.4
      vertex -35.97545161098242 -18.9039264023304 2.4
      vertex 37.35698368400335 -18.40960632264614 2.4
    endloop
  endfacet
  facet normal 0 0 1
    outer loop
      vertex -36.91341716051102 -18.619397662580013 2.4
      vertex -36.45142338424921 -18.78470167517662 2.4
      vertex 37.77785116434097 -18.157348059117794 2.4
    endloop
  endfacet
  facet normal 0 0 1
    outer loop
      vertex -37.35698368400335 -18.40960632264614 2.4
      vertex -36.91341716051102 -18.619397662580013 2.4
      vertex 38.171966418623924 -17.86505226790905 2.4
    endloop
  endfacet
  facet normal 0 0 1
    outer loop
      vertex -37.77785116434097 -18.157348059117794 2.4
      vertex -37.35698368400335 -18.40960632264614 2.4
      vertex 38.5355339050293 -17.535533905029297 2.4
    endloop
  endfacet
  facet normal 0 0 1
    outer loop
      vertex -38.171966418623924 -17.86505226790905 2.4
      vertex -37.77785116434097 -18.157348059117794 2.4
      vertex 38.86505226790905 -17.171966418623924 2.4
    endloop
  endfacet
  facet normal 0 0 1
    outer loop
      vertex -38.5355339050293 -17.535533905029297 2.4
      vertex 39.157348059117794 -16.777851164340973 2.4
      vertex -34.75 -16.75 2.4
    endloop
  endfacet
  facet normal 0 0 1
    outer loop
      vertex -39.9039264023304 -14.975451610982418 2.4
      vertex -34.75 -15.350000000000001 2.4
      vertex 40 -14 2.4
    endloop
  endfacet
  facet normal 0 0 1
    outer loop
      vertex -39.9039264023304 -14.975451610982418 2.4
      vertex -2.1499999999999995 -7.35 2.4
      vertex -16.85 -7.35 2.4
    endloop
  endfacet
  facet normal 0 0 1
    outer loop
      vertex -39.9039264023304 -14.975451610982418 2.4
      vertex 2.1499999999999995 -7.35 2.4
      vertex -2.1499999999999995 -7.35 2.4
    endloop
  endfacet
  facet normal 0 0 1
    outer loop
      vertex -39.9039264023304 -14.975451610982418 2.4
      vertex 16.85 -7.35 2.4
      vertex 2.1499999999999995 -7.35 2.4
    endloop
  endfacet
  facet normal 0 0 1
    outer loop
      vertex -39.9039264023304 -14.975451610982418 2.4
      vertex 21.15 -7.35 2.4
      vertex 16.85 -7.35 2.4
    endloop
  endfacet
  facet normal 0 0 -1
    outer loop
      vertex -27.10317999869585 -10.503119997680187 0
      vertex -11.451685505061958 -4.711785615807562 0
      vertex -10.980451853997758 -4.8803957122342645 0
    endloop
  endfacet
  facet normal 0 0 -1
    outer loop
      vertex -27.10317999869585 -10.503119997680187 0
      vertex -10.980451853997758 -4.8803957122342645 0
      vertex -10.494960642282255 -5.002004930056475 0
    endloop
  endfacet
  facet normal 0 0 -1
    outer loop
      vertex -27.10317999869585 -10.503119997680187 0
      vertex -10.494960642282255 -5.002004930056475 0
      vertex 6.49337999522686 -10.589319996535778 0
    endloop
  endfacet
  facet normal 0 0 -1
    outer loop
      vertex -24.893755415948608 -3.6062445840513924 0
      vertex -13.106244584051392 -3.6062445840513924 0
      vertex -12.735405749234591 -3.9423533121499585 0
    endloop
  endfacet
  facet normal 0 0 -1
    outer loop
      vertex -25.26459425076541 -3.9423533121499585 0
      vertex -12.735405749234591 -3.9423533121499585 0
      vertex -12.333408188399972 -4.24049502274298 0
    endloop
  endfacet
  facet normal 0 0 -1
    outer loop
      vertex -24.557646687850042 -3.235405749234592 0
      vertex -13.442353312149958 -3.235405749234592 0
      vertex -13.106244584051392 -3.6062445840513924 0
    endloop
  endfacet
  facet normal 0 0 -1
    outer loop
      vertex -24.25950497725702 -2.833408188399971 0
      vertex -13.74049502274298 -2.833408188399971 0
      vertex -13.442353312149958 -3.235405749234592 0
    endloop
  endfacet
  facet normal 0 0 -1
    outer loop
      vertex -24.00220155182339 -2.404123357812588 0
      vertex -13.99779844817661 -2.404123357812588 0
      vertex -13.74049502274298 -2.833408188399971 0
    endloop
  endfacet
  facet normal 0 0 -1
    outer loop
      vertex -23.424557893971794 -0.49988741568075906 0
      vertex -14.575442106028204 -0.49988741568075906 0
      vertex -14.502004930056476 -0.994960642282254 0
    endloop
  endfacet
  facet normal 0 0 -1
    outer loop
      vertex -23.4 0 0
      vertex -14.6 0 0
      vertex -14.575442106028204 -0.49988741568075906 0
    endloop
  endfacet
  facet normal 0 0 -1
    outer loop
      vertex -23.788214384192436 -1.9516855050619577 0
      vertex -14.211785615807562 -1.9516855050619577 0
      vertex -13.99779844817661 -2.404123357812588 0
    endloop
  endfacet
  facet normal 0 0 -1
    outer loop
      vertex -23.619604287765736 -1.4804518539977578 0
      vertex -14.380395712234264 -1.4804518539977578 0
      vertex -14.211785615807562 -1.9516855050619577 0
    endloop
  endfacet
  facet normal 0 0 -1
    outer loop
      vertex -23.497995069943524 -0.994960642282254 0
      vertex -14.502004930056476 -0.994960642282254 0
      vertex -14.380395712234264 -1.4804518539977578 0
    endloop
  endfacet
  facet normal 0 0 -1
    outer loop
      vertex -10.494960642282255 -5.002004930056475 0
      vertex -9.999887415680758 -5.075442106028204 0
      vertex 11.649999998509884 -9.149999998509884 0
    endloop
  endfacet
  facet normal 0 0 -1
    outer loop
      vertex -9.999887415680758 -5.075442106028204 0
      vertex -9.5 -5.1 0
      vertex 11.649999998509884 -9.149999998509884 0
    endloop
  endfacet
  facet normal 0 0 -1
    outer loop
      vertex -9.5 -5.1 0
      vertex -9.000112584319242 -5.075442106028204 0
      vertex 11.649999998509884 -9.149999998509884 0
    endloop
  endfacet
  facet normal 0 0 -1
    outer loop
      vertex -9.000112584319242 -5.075442106028204 0
      vertex -8.505039357717745 -5.002004930056475 0
      vertex 11.649999998509884 -9.149999998509884 0
    endloop
  endfacet
  facet normal 0 0 -1
    outer loop
      vertex -8.505039357717745 -5.002004930056475 0
      vertex -8.019548146002242 -4.8803957122342645 0
      vertex 11.649999998509884 -9.149999998509884 0
    endloop
  endfacet
  facet normal 0 0 -1
    outer loop
      vertex -8.019548146002242 -4.8803957122342645 0
      vertex -7.548314494938042 -4.711785615807562 0
      vertex 11.649999998509884 -9.149999998509884 0
    endloop
  endfacet
  facet normal 0 0 -1
    outer loop
      vertex -7.548314494938042 -4.711785615807562 0
      vertex -7.095876642187412 -4.49779844817661 0
      vertex 11.649999998509884 -9.149999998509884 0
    endloop
  endfacet
  facet normal 0 0 -1
    outer loop
      vertex -7.095876642187412 -4.49779844817661 0
      vertex -6.6665918116000284 -4.24049502274298 0
      vertex 11.649999998509884 -9.149999998509884 0
    endloop
  endfacet
  facet normal 0 0 -1
    outer loop
      vertex -6.6665918116000284 -4.24049502274298 0
      vertex -6.264594250765408 -3.9423533121499585 0
      vertex 11.649999998509884 -9.149999998509884 0
    endloop
  endfacet
  facet normal 0 0 -1
    outer loop
      vertex -6.264594250765408 -3.9423533121499585 0
      vertex -5.893755415948608 -3.6062445840513924 0
      vertex 6.264594250765408 -3.9423533121499585 0
    endloop
  endfacet
  facet normal 0 0 -1
    outer loop
      vertex -5.893755415948608 -3.6062445840513924 0
      vertex -5.557646687850042 -3.235405749234592 0
      vertex 5.893755415948608 -3.6062445840513924 0
    endloop
  endfacet
  facet normal 0 0 -1
    outer loop
      vertex -5.25950497725702 -2.833408188399971 0
      vertex 5.557646687850042 -3.235405749234592 0
      vertex -5.557646687850042 -3.235405749234592 0
    endloop
  endfacet
  facet normal 0 0 -1
    outer loop
      vertex -5.00220155182339 -2.404123357812588 0
      vertex 5.25950497725702 -2.833408188399971 0
      vertex -5.25950497725702 -2.833408188399971 0
    endloop
  endfacet
  facet normal 0 0 -1
    outer loop
      vertex -4.788214384192438 -1.9516855050619577 0
      vertex 5.00220155182339 -2.404123357812588 0
      vertex -5.00220155182339 -2.404123357812588 0
    endloop
  endfacet
  facet normal 0 0 -1
    outer loop
      vertex 4.497995069943525 0.994960642282254 0
      vertex -4.788214384192438 -1.9516855050619577 0
      vertex -4.6196042877657355 -1.4804518539977578 0
    endloop
  endfacet
  facet normal 0 0 -1
    outer loop
      vertex -4.497995069943525 -0.994960642282254 0
      vertex 4.6196042877657355 1.4804518539977578 0
      vertex -4.6196042877657355 -1.4804518539977578 0
    endloop
  endfacet
  facet normal 0 0 1
    outer loop
      vertex -15.65 -6.15 2.4
      vertex -12.333408188399972 -4.24049502274298 2.4
      vertex -12.735405749234591 -3.9423533121499585 2.4
    endloop
  endfacet
  facet normal 0 0 1
    outer loop
      vertex -15.65 -6.15 2.4
      vertex -11.904123357812587 -4.49779844817661 2.4
      vertex -12.333408188399972 -4.24049502274298 2.4
    endloop
  endfacet
  facet normal 0 0 1
    outer loop
      vertex -15.65 -6.15 2.4
      vertex -11.451685505061958 -4.711785615807562 2.4
      vertex -11.904123357812587 -4.49779844817661 2.4
    endloop
  endfacet
  facet normal 0 0 1
    outer loop
      vertex -15.65 -6.15 2.4
      vertex -10.980451853997758 -4.8803957122342645 2.4
      vertex -11.451685505061958 -4.711785615807562 2.4
    endloop
  endfacet
  facet normal 0 0 1
    outer loop
      vertex -15.65 -6.15 2.4
      vertex -10.494960642282255 -5.002004930056475 2.4
      vertex -10.980451853997758 -4.8803957122342645 2.4
    endloop
  endfacet
  facet normal 0 0 1
    outer loop
      vertex -15.65 -6.15 2.4
      vertex -9.999887415680758 -5.075442106028204 2.4
      vertex -10.494960642282255 -5.002004930056475 2.4
    endloop
  endfacet
  facet normal 0 0 1
    outer loop
      vertex -15.65 -6.15 2.4
      vertex -9.5 -5.1 2.4
      vertex -9.999887415680758 -5.075442106028204 2.4
    endloop
  endfacet
  facet normal 0 0 1
    outer loop
      vertex -15.65 -6.15 2.4
      vertex -9.000112584319242 -5.075442106028204 2.4
      vertex -9.5 -5.1 2.4
    endloop
  endfacet
  facet normal 0 0 1
    outer loop
      vertex -15.65 -6.15 2.4
      vertex -8.505039357717745 -5.002004930056475 2.4
      vertex -9.000112584319242 -5.075442106028204 2.4
    endloop
  endfacet
  facet normal 0 0 1
    outer loop
      vertex -21.15 -7.35 2.4
      vertex -16.85 6.15 2.4
      vertex -21.15 -6.15 2.4
    endloop
  endfacet
  facet normal 0 0 1
    outer loop
      vertex -21.15 -7.35 2.4
      vertex -16.85 -6.15 2.4
      vertex -16.85 6.15 2.4
    endloop
  endfacet
  facet normal 0 0 1
    outer loop
      vertex -15.65 -6.15 2.4
      vertex -14.502004930056476 -0.994960642282254 2.4
      vertex -15.65 6.15 2.4
    endloop
  endfacet
  facet normal 0 0 1
    outer loop
      vertex -15.65 -6.15 2.4
      vertex -12.735405749234591 -3.9423533121499585 2.4
      vertex -13.106244584051392 -3.6062445840513924 2.4
    endloop
  endfacet
  facet normal 0 0 1
    outer loop
      vertex -15.65 -6.15 2.4
      vertex -13.106244584051392 -3.6062445840513924 2.4
      vertex -13.442353312149958 -3.235405749234592 2.4
    endloop
  endfacet
  facet normal 0 0 1
    outer loop
      vertex -15.65 -6.15 2.4
      vertex -13.74049502274298 -2.833408188399971 2.4
      vertex -13.99779844817661 -2.404123357812588 2.4
    endloop
  endfacet
  facet normal 0 0 1
    outer loop
      vertex -15.65 -6.15 2.4
      vertex -13.442353312149958 -3.235405749234592 2.4
      vertex -13.74049502274298 -2.833408188399971 2.4
    endloop
  endfacet
  facet normal 0 0 1
    outer loop
      vertex -15.65 -6.15 2.4
      vertex -13.99779844817661 -2.404123357812588 2.4
      vertex -14.211785615807562 -1.9516855050619577 2.4
    endloop
  endfacet
  facet normal 0 0 1
    outer loop
      vertex -15.65 -6.15 2.4
      vertex -14.211785615807562 -1.9516855050619577 2.4
      vertex -14.380395712234264 -1.4804518539977578 2.4
    endloop
  endfacet
  facet normal 0 0 1
    outer loop
      vertex -15.65 -6.15 2.4
      vertex -14.380395712234264 -1.4804518539977578 2.4
      vertex -14.502004930056476 -0.994960642282254 2.4
    endloop
  endfacet
  facet normal 0 0 1
    outer loop
      vertex -15.65 -6.15 2.4
      vertex -3.35 -6.15 2.4
      vertex -8.505039357717745 -5.002004930056475 2.4
    endloop
  endfacet
  facet normal 0 0 1
    outer loop
      vertex -3.35 -6.15 2.4
      vertex -8.019548146002242 -4.8803957122342645 2.4
      vertex -8.505039357717745 -5.002004930056475 2.4
    endloop
  endfacet
  facet normal 0 0 1
    outer loop
      vertex -3.35 -6.15 2.4
      vertex -7.548314494938042 -4.711785615807562 2.4
      vertex -8.019548146002242 -4.8803957122342645 2.4
    endloop
  endfacet
  facet normal 0 0 1
    outer loop
      vertex -3.35 -6.15 2.4
      vertex -7.095876642187412 -4.49779844817661 2.4
      vertex -7.548314494938042 -4.711785615807562 2.4
    endloop
  endfacet
  facet normal 0 0 1
    outer loop
      vertex -3.35 -6.15 2.4
      vertex -6.6665918116000284 -4.24049502274298 2.4
      vertex -7.095876642187412 -4.49779844817661 2.4
    endloop
  endfacet
  facet normal 0 0 1
    outer loop
      vertex -3.35 -6.15 2.4
      vertex -6.264594250765408 -3.9423533121499585 2.4
      vertex -6.6665918116000284 -4.24049502274298 2.4
    endloop
  endfacet
  facet normal 0 0 1
    outer loop
      vertex -2.1499999999999995 -7.35 2.4
      vertex 2.1499999999999995 -7.35 2.4
      vertex -2.15 -6.15 2.4
    endloop
  endfacet
  facet normal 0 0 1
    outer loop
      vertex -3.35 -6.15 2.4
      vertex -5.893755415948608 -3.6062445840513924 2.4
      vertex -6.264594250765408 -3.9423533121499585 2.4
    endloop
  endfacet
  facet normal 0 0 1
    outer loop
      vertex -3.35 -6.15 2.4
      vertex -5.557646687850042 -3.235405749234592 2.4
      vertex -5.893755415948608 -3.6062445840513924 2.4
    endloop
  endfacet
  facet normal 0 0 1
    outer loop
      vertex -3.35 -6.15 2.4
      vertex -5.25950497725702 -2.833408188399971 2.4
      vertex -5.557646687850042 -3.235405749234592 2.4
    endloop
  endfacet
  facet normal 0 0 1
    outer loop
      vertex -3.35 -6.15 2.4
      vertex -5.00220155182339 -2.404123357812588 2.4
      vertex -5.25950497725702 -2.833408188399971 2.4
    endloop
  endfacet
  facet normal 0 0 1
    outer loop
      vertex -3.35 -6.15 2.4
      vertex -4.788214384192438 -1.9516855050619577 2.4
      vertex -5.00220155182339 -2.404123357812588 2.4
    endloop
  endfacet
  facet normal 0 0 1
    outer loop
      vertex -3.35 -6.15 2.4
      vertex -4.6196042877657355 -1.4804518539977578 2.4
      vertex -4.788214384192438 -1.9516855050619577 2.4
    endloop
  endfacet
  facet normal 0 0 1
    outer loop
      vertex -3.35 -6.15 2.4
      vertex -4.497995069943525 -0.994960642282254 2.4
      vertex -4.6196042877657355 -1.4804518539977578 2.4
    endloop
  endfacet
  facet normal 0 0 1
    outer loop
      vertex -3.35 -6.15 2.4
      vertex -4.424557893971796 -0.49988741568075906 2.4
      vertex -4.497995069943525 -0.994960642282254 2.4
    endloop
  endfacet
  facet normal 0 0 1
    outer loop
      vertex -3.35 -6.15 2.4
      vertex -4.4 0 2.4
      vertex -4.424557893971796 -0.49988741568075906 2.4
    endloop
  endfacet
  facet normal 0 0 1
    outer loop
      vertex -3.35 -6.15 2.4
      vertex -4.424557893971796 0.49988741568075906 2.4
      vertex -4.4 0 2.4
    endloop
  endfacet
  facet normal 0 0 1
    outer loop
      vertex -3.35 -6.15 2.4
      vertex -4.497995069943525 0.994960642282254 2.4
      vertex -4.424557893971796 0.49988741568075906 2.4
    endloop
  endfacet
  facet normal 0 0 -1
    outer loop
      vertex -40 -14 0
      vertex -40 14 0
      vertex -33.6 0 0
    endloop
  endfacet
  facet normal -1 0 0
    outer loop
      vertex -40 -14 0
      vertex -40 14 2.4
      vertex -40 14 0
    endloop
  endfacet
  facet normal 0 0 -1
    outer loop
      vertex -40 14 0
      vertex -33.575442106028206 0.49988741568075906 0
      vertex -33.6 0 0
    endloop
  endfacet
  facet normal 0 0 -1
    outer loop
      vertex -40 14 0
      vertex -33.50200493005647 0.994960642282254 0
      vertex -33.575442106028206 0.49988741568075906 0
    endloop
  endfacet
  facet normal 0 0 -1
    outer loop
      vertex -40 14 0
      vertex -33.38039571223426 1.4804518539977578 0
      vertex -33.50200493005647 0.994960642282254 0
    endloop
  endfacet
  facet normal 0 0 -1
    outer loop
      vertex -40 14 0
      vertex -33.211785615807564 1.9516855050619577 0
      vertex -33.38039571223426 1.4804518539977578 0
    endloop
  endfacet
  facet normal 0 0 -1
    outer loop
      vertex -40 14 0
      vertex -32.99779844817661 2.404123357812588 0
      vertex -33.211785615807564 1.9516855050619577 0
    endloop
  endfacet
  facet normal 0 0 -1
    outer loop
      vertex -40 14 0
      vertex -32.74049502274298 2.833408188399971 0
      vertex -32.99779844817661 2.404123357812588 0
    endloop
  endfacet
  facet normal 0 0 -1
    outer loop
      vertex -40 14 0
      vertex -32.44235331214996 3.235405749234592 0
      vertex -32.74049502274298 2.833408188399971 0
    endloop
  endfacet
  facet normal 0 0 -1
    outer loop
      vertex -40 14 0
      vertex -32.106244584051396 3.6062445840513924 0
      vertex -32.44235331214996 3.235405749234592 0
    endloop
  endfacet
  facet normal 0 0 -1
    outer loop
      vertex -40 14 0
      vertex -31.73540574923459 3.9423533121499585 0
      vertex -32.106244584051396 3.6062445840513924 0
    endloop
  endfacet
  facet normal 0 0 -1
    outer loop
      vertex -40 14 0
      vertex -31.33340818839997 4.24049502274298 0
      vertex -31.73540574923459 3.9423533121499585 0
    endloop
  endfacet
  facet normal 0 0 -1
    outer loop
      vertex -40 14 0
      vertex -30.904123357812587 4.49779844817661 0
      vertex -31.33340818839997 4.24049502274298 0
    endloop
  endfacet
  facet normal 0 0 -1
    outer loop
      vertex -40 14 0
      vertex -30.451685505061956 4.711785615807562 0
      vertex -30.904123357812587 4.49779844817661 0
    endloop
  endfacet
  facet normal 0 0 -1
    outer loop
      vertex -40 14 0
      vertex -29.980451853997756 4.8803957122342645 0
      vertex -30.451685505061956 4.711785615807562 0
    endloop
  endfacet
  facet normal 0 0 -1
    outer loop
      vertex -40 14 0
      vertex -29.494960642282255 5.002004930056475 0
      vertex -29.980451853997756 4.8803957122342645 0
    endloop
  endfacet
  facet normal 0 0 -1
    outer loop
      vertex -40 14 0
      vertex -28.99988741568076 5.075442106028204 0
      vertex -29.494960642282255 5.002004930056475 0
    endloop
  endfacet
  facet normal 0 0 -1
    outer loop
      vertex -40 14 0
      vertex -28.5 5.1 0
      vertex -28.99988741568076 5.075442106028204 0
    endloop
  endfacet
  facet normal 0 0 -1
    outer loop
      vertex -40 14 0
      vertex -28.00011258431924 5.075442106028204 0
      vertex -28.5 5.1 0
    endloop
  endfacet
  facet normal 0 0 -1
    outer loop
      vertex -40 14 0
      vertex -27.019548146002244 4.8803957122342645 0
      vertex -27.505039357717745 5.002004930056475 0
    endloop
  endfacet
  facet normal 0 0 -1
    outer loop
      vertex -40 14 0
      vertex -27.505039357717745 5.002004930056475 0
      vertex -28.00011258431924 5.075442106028204 0
    endloop
  endfacet
  facet normal 0 0 -1
    outer loop
      vertex -23.424557893971794 0.49988741568075906 0
      vertex -14.6 0 0
      vertex -23.4 0 0
    endloop
  endfacet
  facet normal 0 0 -1
    outer loop
      vertex -23.497995069943524 0.994960642282254 0
      vertex -14.575442106028204 0.49988741568075906 0
      vertex -23.424557893971794 0.49988741568075906 0
    endloop
  endfacet
  facet normal 0 0 -1
    outer loop
      vertex -23.619604287765736 1.4804518539977578 0
      vertex -14.502004930056476 0.994960642282254 0
      vertex -23.497995069943524 0.994960642282254 0
    endloop
  endfacet
  facet normal 0 0 -1
    outer loop
      vertex -23.788214384192436 1.9516855050619577 0
      vertex -14.380395712234264 1.4804518539977578 0
      vertex -23.619604287765736 1.4804518539977578 0
    endloop
  endfacet
  facet normal 0 0 -1
    outer loop
      vertex -24.00220155182339 2.404123357812588 0
      vertex -14.211785615807562 1.9516855050619577 0
      vertex -23.788214384192436 1.9516855050619577 0
    endloop
  endfacet
  facet normal 0 0 -1
    outer loop
      vertex -24.25950497725702 2.833408188399971 0
      vertex -13.99779844817661 2.404123357812588 0
      vertex -24.00220155182339 2.404123357812588 0
    endloop
  endfacet
  facet normal 0 0 -1
    outer loop
      vertex -24.557646687850042 3.235405749234592 0
      vertex -13.74049502274298 2.833408188399971 0
      vertex -24.25950497725702 2.833408188399971 0
    endloop
  endfacet
  facet normal 0 0 -1
    outer loop
      vertex -24.893755415948608 3.6062445840513924 0
      vertex -13.442353312149958 3.235405749234592 0
      vertex -24.557646687850042 3.235405749234592 0
    endloop
  endfacet
  facet normal 0 0 -1
    outer loop
      vertex -25.66659181160003 4.24049502274298 0
      vertex -26.095876642187413 4.49779844817661 0
      vertex -12.333408188399972 4.24049502274298 0
    endloop
  endfacet
  facet normal 0 0 -1
    outer loop
      vertex -26.095876642187413 4.49779844817661 0
      vertex -26.548314494938044 4.711785615807562 0
      vertex -11.904123357812587 4.49779844817661 0
    endloop
  endfacet
  facet normal 0 0 -1
    outer loop
      vertex -24.893755415948608 3.6062445840513924 0
      vertex -25.26459425076541 3.9423533121499585 0
      vertex -13.106244584051392 3.6062445840513924 0
    endloop
  endfacet
  facet normal 0 0 -1
    outer loop
      vertex -25.26459425076541 3.9423533121499585 0
      vertex -25.66659181160003 4.24049502274298 0
      vertex -12.735405749234591 3.9423533121499585 0
    endloop
  endfacet
  facet normal 0 0 -1
    outer loop
      vertex -40 14 0
      vertex -11.451685505061958 4.711785615807562 0
      vertex -27.019548146002244 4.8803957122342645 0
    endloop
  endfacet
  facet normal 0 0 -1
    outer loop
      vertex -26.548314494938044 4.711785615807562 0
      vertex -27.019548146002244 4.8803957122342645 0
      vertex -11.451685505061958 4.711785615807562 0
    endloop
  endfacet
  facet normal 0 0 -1
    outer loop
      vertex -40 14 0
      vertex -10.980451853997758 4.8803957122342645 0
      vertex -11.451685505061958 4.711785615807562 0
    endloop
  endfacet
  facet normal 0 0 -1
    outer loop
      vertex -40 14 0
      vertex -10.494960642282255 5.002004930056475 0
      vertex -10.980451853997758 4.8803957122342645 0
    endloop
  endfacet
  facet normal 0 0 -1
    outer loop
      vertex -40 14 0
      vertex -9.999887415680758 5.075442106028204 0
      vertex -10.494960642282255 5.002004930056475 0
    endloop
  endfacet
  facet normal 0 0 1
    outer loop
      vertex -40 -14 2.4
      vertex -37.75 13.75 2.4
      vertex -40 14 2.4
    endloop
  endfacet
  facet normal 0 0 1
    outer loop
      vertex -36.349999999999994 -13.75 2.4
      vertex -35.85 7.35 2.4
      vertex -36.349999999999994 13.75 2.4
    endloop
  endfacet
  facet normal 0 0 1
    outer loop
      vertex -34.65 -6.15 2.4
      vertex -33.50200493005647 0.994960642282254 2.4
      vertex -34.65 6.15 2.4
    endloop
  endfacet
  facet normal 0 0 1
    outer loop
      vertex -34.65 6.15 2.4
      vertex -33.50200493005647 0.994960642282254 2.4
      vertex -33.38039571223426 1.4804518539977578 2.4
    endloop
  endfacet
  facet normal 0 0 1
    outer loop
      vertex -34.65 6.15 2.4
      vertex -33.38039571223426 1.4804518539977578 2.4
      vertex -33.211785615807564 1.9516855050619577 2.4
    endloop
  endfacet
  facet normal 0 0 1
    outer loop
      vertex -34.65 6.15 2.4
      vertex -33.211785615807564 1.9516855050619577 2.4
      vertex -32.99779844817661 2.404123357812588 2.4
    endloop
  endfacet
  facet normal 0 0 1
    outer loop
      vertex -34.65 6.15 2.4
      vertex -32.99779844817661 2.404123357812588 2.4
      vertex -32.74049502274298 2.833408188399971 2.4
    endloop
  endfacet
  facet normal 0 0 1
    outer loop
      vertex -34.65 6.15 2.4
      vertex -32.74049502274298 2.833408188399971 2.4
      vertex -32.44235331214996 3.235405749234592 2.4
    endloop
  endfacet
  facet normal 0 0 1
    outer loop
      vertex -34.65 6.15 2.4
      vertex -32.44235331214996 3.235405749234592 2.4
      vertex -32.106244584051396 3.6062445840513946 2.4
    endloop
  endfacet
  facet normal 0 0 1
    outer loop
      vertex -34.65 6.15 2.4
      vertex -32.106244584051396 3.6062445840513946 2.4
      vertex -31.73540574923459 3.9423533121499585 2.4
    endloop
  endfacet
  facet normal 0 0 1
    outer loop
      vertex -34.65 6.15 2.4
      vertex -31.73540574923459 3.9423533121499585 2.4
      vertex -31.33340818839997 4.24049502274298 2.4
    endloop
  endfacet
  facet normal 0 0 1
    outer loop
      vertex -34.65 6.15 2.4
      vertex -31.33340818839997 4.24049502274298 2.4
      vertex -30.904123357812587 4.49779844817661 2.4
    endloop
  endfacet
  facet normal 0 0 1
    outer loop
      vertex -34.65 6.15 2.4
      vertex -30.904123357812587 4.49779844817661 2.4
      vertex -30.451685505061956 4.711785615807562 2.4
    endloop
  endfacet
  facet normal 0 0 1
    outer loop
      vertex -34.65 6.15 2.4
      vertex -30.451685505061956 4.711785615807562 2.4
      vertex -29.980451853997756 4.8803957122342645 2.4
    endloop
  endfacet
  facet normal 0 0 1
    outer loop
      vertex -34.65 6.15 2.4
      vertex -29.980451853997756 4.8803957122342645 2.4
      vertex -29.494960642282255 5.002004930056475 2.4
    endloop
  endfacet
  facet normal 0 0 1
    outer loop
      vertex -34.65 6.15 2.4
      vertex -29.494960642282255 5.002004930056475 2.4
      vertex -28.99988741568076 5.075442106028204 2.4
    endloop
  endfacet
  facet normal 0 0 1
    outer loop
      vertex -34.65 6.15 2.4
      vertex -28.99988741568076 5.075442106028204 2.4
      vertex -28.5 5.1 2.4
    endloop
  endfacet
  facet normal 0 0 1
    outer loop
      vertex -34.65 6.15 2.4
      vertex -28.5 5.1 2.4
      vertex -28.00011258431924 5.075442106028204 2.4
    endloop
  endfacet
  facet normal 0 0 1
    outer loop
      vertex -34.65 6.15 2.4
      vertex -28.00011258431924 5.075442106028204 2.4
      vertex -27.505039357717745 5.002004930056475 2.4
    endloop
  endfacet
  facet normal 0 0 1
    outer loop
      vertex -35.85 7.35 2.4
      vertex -21.15 7.35 2.4
      vertex -36.349999999999994 13.75 2.4
    endloop
  endfacet
  facet normal 0 0 1
    outer loop
      vertex -22.35 6.15 2.4
      vertex -23.424557893971794 -0.49988741568075906 2.4
      vertex -23.497995069943524 -0.994960642282254 2.4
    endloop
  endfacet
  facet normal 0 0 1
    outer loop
      vertex -22.35 6.15 2.4
      vertex -23.4 0 2.4
      vertex -23.424557893971794 -0.49988741568075906 2.4
    endloop
  endfacet
  facet normal 0 0 1
    outer loop
      vertex -22.35 6.15 2.4
      vertex -23.424557893971794 0.49988741568075906 2.4
      vertex -23.4 0 2.4
    endloop
  endfacet
  facet normal 0 0 1
    outer loop
      vertex -22.35 6.15 2.4
      vertex -23.619604287765736 1.4804518539977578 2.4
      vertex -23.497995069943524 0.994960642282254 2.4
    endloop
  endfacet
  facet normal 0 0 1
    outer loop
      vertex -22.35 6.15 2.4
      vertex -23.497995069943524 0.994960642282254 2.4
      vertex -23.424557893971794 0.49988741568075906 2.4
    endloop
  endfacet
  facet normal 0 0 1
    outer loop
      vertex -22.35 6.15 2.4
      vertex -23.788214384192436 1.9516855050619577 2.4
      vertex -23.619604287765736 1.4804518539977578 2.4
    endloop
  endfacet
  facet normal 0 0 1
    outer loop
      vertex -22.35 6.15 2.4
      vertex -24.00220155182339 2.404123357812588 2.4
      vertex -23.788214384192436 1.9516855050619577 2.4
    endloop
  endfacet
  facet normal 0 0 1
    outer loop
      vertex -22.35 6.15 2.4
      vertex -24.893755415948608 3.6062445840513924 2.4
      vertex -24.557646687850042 3.235405749234592 2.4
    endloop
  endfacet
  facet normal 0 0 1
    outer loop
      vertex -22.35 6.15 2.4
      vertex -25.26459425076541 3.9423533121499585 2.4
      vertex -24.893755415948608 3.6062445840513924 2.4
    endloop
  endfacet
  facet normal 0 0 1
    outer loop
      vertex -22.35 6.15 2.4
      vertex -24.25950497725702 2.833408188399971 2.4
      vertex -24.00220155182339 2.404123357812588 2.4
    endloop
  endfacet
  facet normal 0 0 1
    outer loop
      vertex -22.35 6.15 2.4
      vertex -24.557646687850042 3.235405749234592 2.4
      vertex -24.25950497725702 2.833408188399971 2.4
    endloop
  endfacet
  facet normal 0 0 1
    outer loop
      vertex -34.65 6.15 2.4
      vertex -27.505039357717745 5.002004930056475 2.4
      vertex -22.35 6.15 2.4
    endloop
  endfacet
  facet normal 0 0 1
    outer loop
      vertex -22.35 6.15 2.4
      vertex -27.019548146002244 4.8803957122342645 2.4
      vertex -26.548314494938044 4.711785615807562 2.4
    endloop
  endfacet
  facet normal 0 0 1
    outer loop
      vertex -22.35 6.15 2.4
      vertex -27.505039357717745 5.002004930056475 2.4
      vertex -27.019548146002244 4.8803957122342645 2.4
    endloop
  endfacet
  facet normal 0 0 1
    outer loop
      vertex -22.35 6.15 2.4
      vertex -26.095876642187413 4.49779844817661 2.4
      vertex -25.66659181160003 4.24049502274298 2.4
    endloop
  endfacet
  facet normal 0 0 1
    outer loop
      vertex -22.35 6.15 2.4
      vertex -25.66659181160003 4.24049502274298 2.4
      vertex -25.26459425076541 3.9423533121499585 2.4
    endloop
  endfacet
  facet normal 0 0 1
    outer loop
      vertex -22.35 6.15 2.4
      vertex -26.548314494938044 4.711785615807562 2.4
      vertex -26.095876642187413 4.49779844817661 2.4
    endloop
  endfacet
  facet normal 0 0 -1
    outer loop
      vertex -35.97545161098242 18.9039264023304 0
      vertex -35.49008569866419 18.975923635065556 0
      vertex -35 19 0
    endloop
  endfacet
  facet normal -0.9987954563607843 0.049067671159865246 0
    outer loop
      vertex -40 14 0
      vertex -39.975923635065556 14.490085698664188 2.4
      vertex -39.975923635065556 14.490085698664188 0
    endloop
  endfacet
  facet normal -0.989176509724005 0.14673047607854153 0
    outer loop
      vertex -39.975923635065556 14.490085698664188 0
      vertex -39.9039264023304 14.975451610982418 2.4
      vertex -39.9039264023304 14.975451610982418 0
    endloop
  endfacet
  facet normal -0.9700312510179105 0.24298018859287093 0
    outer loop
      vertex -39.9039264023304 14.975451610982418 0
      vertex -39.78470167517662 15.45142338424921 2.4
      vertex -39.78470167517662 15.45142338424921 0
    endloop
  endfacet
  facet normal -0.941544067614677 0.33688984659619614 0
    outer loop
      vertex -39.78470167517662 15.45142338424921 0
      vertex -39.61939766258001 15.913417160511017 2.4
      vertex -39.61939766258001 15.913417160511017 0
    endloop
  endfacet
  facet normal -0.9039892942597553 0.42755509102775247 0
    outer loop
      vertex -39.61939766258001 15.913417160511017 0
      vertex -39.40960632264614 16.356983684003353 2.4
      vertex -39.40960632264614 16.356983684003353 0
    endloop
  endfacet
  facet normal -0.8577286066956991 0.5141027497065688 0
    outer loop
      vertex -39.40960632264614 16.356983684003353 0
      vertex -39.157348059117794 16.777851164340973 2.4
      vertex -39.157348059117794 16.777851164340973 0
    endloop
  endfacet
  facet normal -0.8032075338446832 0.5956993013048966 0
    outer loop
      vertex -39.157348059117794 16.777851164340973 0
      vertex -38.86505226790905 17.171966418623924 2.4
      vertex -38.86505226790905 17.171966418623924 0
    endloop
  endfacet
  facet normal -0.7409511245144411 0.6715589557743871 0
    outer loop
      vertex -38.86505226790905 17.171966418623924 0
      vertex -38.5355339050293 17.535533905029297 2.4
      vertex -38.5355339050293 17.535533905029297 0
    endloop
  endfacet
  facet normal -0.6715589557743871 0.7409511245144411 0
    outer loop
      vertex -38.5355339050293 17.535533905029297 0
      vertex -38.171966418623924 17.86505226790905 2.4
      vertex -38.171966418623924 17.86505226790905 0
    endloop
  endfacet
  facet normal -0.5956993013048966 0.8032075338446832 0
    outer loop
      vertex -38.171966418623924 17.86505226790905 0
      vertex -37.77785116434097 18.157348059117794 2.4
      vertex -37.77785116434097 18.157348059117794 0
    endloop
  endfacet
  facet normal -0.5141027497065688 0.8577286066956991 0
    outer loop
      vertex -37.77785116434097 18.157348059117794 0
      vertex -37.35698368400335 18.40960632264614 2.4
      vertex -37.35698368400335 18.40960632264614 0
    endloop
  endfacet
  facet normal -0.42755509102775247 0.9039892942597553 0
    outer loop
      vertex -37.35698368400335 18.40960632264614 0
      vertex -36.91341716051102 18.619397662580013 2.4
      vertex -36.91341716051102 18.619397662580013 0
    endloop
  endfacet
  facet normal -0.33688984659619614 0.941544067614677 0
    outer loop
      vertex -36.91341716051102 18.619397662580013 0
      vertex -36.45142338424921 18.78470167517662 2.4
      vertex -36.45142338424921 18.78470167517662 0
    endloop
  endfacet
  facet normal -0.24298018859287093 0.9700312510179105 0
    outer loop
      vertex -36.45142338424921 18.78470167517662 0
      vertex -35.97545161098242 18.9039264023304 2.4
      vertex -35.97545161098242 18.9039264023304 0
    endloop
  endfacet
  facet normal -0.14673047607854153 0.989176509724005 0
    outer loop
      vertex -35.97545161098242 18.9039264023304 0
      vertex -35.49008569866419 18.975923635065556 2.4
      vertex -35.49008569866419 18.975923635065556 0
    endloop
  endfacet
  facet normal -0.049067671159865246 0.9987954563607843 0
    outer loop
      vertex -35.49008569866419 18.975923635065556 0
      vertex -35 19 2.4
      vertex -35 19 0
    endloop
  endfacet
  facet normal -0.9987954563607843 0.049067671159865246 0
    outer loop
      vertex -40 14 0
      vertex -40 14 2.4
      vertex -39.975923635065556 14.490085698664188 2.4
    endloop
  endfacet
  facet normal -0.989176509724005 0.14673047607854153 0
    outer loop
      vertex -39.975923635065556 14.490085698664188 0
      vertex -39.975923635065556 14.490085698664188 2.4
      vertex -39.9039264023304 14.975451610982418 2.4
    endloop
  endfacet
  facet normal -0.9700312510179105 0.24298018859287093 0
    outer loop
      vertex -39.9039264023304 14.975451610982418 0
      vertex -39.9039264023304 14.975451610982418 2.4
      vertex -39.78470167517662 15.45142338424921 2.4
    endloop
  endfacet
  facet normal -0.941544067614677 0.33688984659619614 0
    outer loop
      vertex -39.78470167517662 15.45142338424921 0
      vertex -39.78470167517662 15.45142338424921 2.4
      vertex -39.61939766258001 15.913417160511017 2.4
    endloop
  endfacet
  facet normal -0.9039892942597553 0.42755509102775247 0
    outer loop
      vertex -39.61939766258001 15.913417160511017 0
      vertex -39.61939766258001 15.913417160511017 2.4
      vertex -39.40960632264614 16.356983684003353 2.4
    endloop
  endfacet
  facet normal -0.8577286066956991 0.5141027497065688 0
    outer loop
      vertex -39.40960632264614 16.356983684003353 0
      vertex -39.40960632264614 16.356983684003353 2.4
      vertex -39.157348059117794 16.777851164340973 2.4
    endloop
  endfacet
  facet normal -0.8032075338446832 0.5956993013048966 0
    outer loop
      vertex -39.157348059117794 16.777851164340973 0
      vertex -39.157348059117794 16.777851164340973 2.4
      vertex -38.86505226790905 17.171966418623924 2.4
    endloop
  endfacet
  facet normal -0.7409511245144411 0.6715589557743871 0
    outer loop
      vertex -38.86505226790905 17.171966418623924 0
      vertex -38.86505226790905 17.171966418623924 2.4
      vertex -38.5355339050293 17.535533905029297 2.4
    endloop
  endfacet
  facet normal -0.6715589557743871 0.7409511245144411 0
    outer loop
      vertex -38.5355339050293 17.535533905029297 0
      vertex -38.5355339050293 17.535533905029297 2.4
      vertex -38.171966418623924 17.86505226790905 2.4
    endloop
  endfacet
  facet normal -0.5956993013048966 0.8032075338446832 0
    outer loop
      vertex -38.171966418623924 17.86505226790905 0
      vertex -38.171966418623924 17.86505226790905 2.4
      vertex -37.77785116434097 18.157348059117794 2.4
    endloop
  endfacet
  facet normal -0.5141027497065688 0.8577286066956991 0
    outer loop
      vertex -37.77785116434097 18.157348059117794 0
      vertex -37.77785116434097 18.157348059117794 2.4
      vertex -37.35698368400335 18.40960632264614 2.4
    endloop
  endfacet
  facet normal -0.42755509102775247 0.9039892942597553 0
    outer loop
      vertex -37.35698368400335 18.40960632264614 0
      vertex -37.35698368400335 18.40960632264614 2.4
      vertex -36.91341716051102 18.619397662580013 2.4
    endloop
  endfacet
  facet normal -0.33688984659619614 0.941544067614677 0
    outer loop
      vertex -36.91341716051102 18.619397662580013 0
      vertex -36.91341716051102 18.619397662580013 2.4
      vertex -36.45142338424921 18.78470167517662 2.4
    endloop
  endfacet
  facet normal -0.24298018859287093 0.9700312510179105 0
    outer loop
      vertex -36.45142338424921 18.78470167517662 0
      vertex -36.45142338424921 18.78470167517662 2.4
      vertex -35.97545161098242 18.9039264023304 2.4
    endloop
  endfacet
  facet normal -0.14673047607854153 0.989176509724005 0
    outer loop
      vertex -35.97545161098242 18.9039264023304 0
      vertex -35.97545161098242 18.9039264023304 2.4
      vertex -35.49008569866419 18.975923635065556 2.4
    endloop
  endfacet
  facet normal -0.049067671159865246 0.9987954563607843 0
    outer loop
      vertex -35.49008569866419 18.975923635065556 0
      vertex -35.49008569866419 18.975923635065556 2.4
      vertex -35 19 2.4
    endloop
  endfacet
  facet normal 0 0 1
    outer loop
      vertex -40 14 2.4
      vertex -34.75 15.350000000000001 2.4
      vertex -39.975923635065556 14.490085698664188 2.4
    endloop
  endfacet
  facet normal 0 0 1
    outer loop
      vertex -39.975923635065556 14.490085698664188 2.4
      vertex -34.75 15.350000000000001 2.4
      vertex -39.9039264023304 14.975451610982418 2.4
    endloop
  endfacet
  facet normal 0 0 1
    outer loop
      vertex -39.9039264023304 14.975451610982418 2.4
      vertex -34.75 15.350000000000001 2.4
      vertex -39.78470167517662 15.45142338424921 2.4
    endloop
  endfacet
  facet normal 0 0 1
    outer loop
      vertex -39.78470167517662 15.45142338424921 2.4
      vertex -34.75 16.75 2.4
      vertex -39.61939766258001 15.913417160511017 2.4
    endloop
  endfacet
  facet normal 0 0 1
    outer loop
      vertex -39.61939766258001 15.913417160511017 2.4
      vertex -34.75 16.75 2.4
      vertex -39.40960632264614 16.356983684003353 2.4
    endloop
  endfacet
  facet normal 0 0 1
    outer loop
      vertex -39.78470167517662 15.45142338424921 2.4
      vertex -34.75 15.350000000000001 2.4
      vertex -34.75 16.75 2.4
    endloop
  endfacet
  facet normal 0 0 1
    outer loop
      vertex -39.40960632264614 16.356983684003353 2.4
      vertex -34.75 16.75 2.4
      vertex -39.157348059117794 16.777851164340973 2.4
    endloop
  endfacet
  facet normal 0 0 1
    outer loop
      vertex -35.97545161098242 18.9039264023304 2.4
      vertex -35 19 2.4
      vertex -35.49008569866419 18.975923635065556 2.4
    endloop
  endfacet
  facet normal 0 0 -1
    outer loop
      vertex -23.424557893971794 0.49988741568075906 0
      vertex -14.575442106028204 0.49988741568075906 0
      vertex -14.6 0 0
    endloop
  endfacet
  facet normal 0 0 -1
    outer loop
      vertex -23.497995069943524 0.994960642282254 0
      vertex -14.502004930056476 0.994960642282254 0
      vertex -14.575442106028204 0.49988741568075906 0
    endloop
  endfacet
  facet normal 0 0 -1
    outer loop
      vertex -23.619604287765736 1.4804518539977578 0
      vertex -14.380395712234264 1.4804518539977578 0
      vertex -14.502004930056476 0.994960642282254 0
    endloop
  endfacet
  facet normal 0 0 -1
    outer loop
      vertex -23.788214384192436 1.9516855050619577 0
      vertex -14.211785615807562 1.9516855050619577 0
      vertex -14.380395712234264 1.4804518539977578 0
    endloop
  endfacet
  facet normal 0 0 -1
    outer loop
      vertex -24.00220155182339 2.404123357812588 0
      vertex -13.99779844817661 2.404123357812588 0
      vertex -14.211785615807562 1.9516855050619577 0
    endloop
  endfacet
  facet normal 0 0 -1
    outer loop
      vertex -24.25950497725702 2.833408188399971 0
      vertex -13.74049502274298 2.833408188399971 0
      vertex -13.99779844817661 2.404123357812588 0
    endloop
  endfacet
  facet normal 0 0 -1
    outer loop
      vertex -24.557646687850042 3.235405749234592 0
      vertex -13.442353312149958 3.235405749234592 0
      vertex -13.74049502274298 2.833408188399971 0
    endloop
  endfacet
  facet normal 0 0 -1
    outer loop
      vertex -24.893755415948608 3.6062445840513924 0
      vertex -13.106244584051392 3.6062445840513924 0
      vertex -13.442353312149958 3.235405749234592 0
    endloop
  endfacet
  facet normal 0 0 -1
    outer loop
      vertex -25.26459425076541 3.9423533121499585 0
      vertex -12.735405749234591 3.9423533121499585 0
      vertex -13.106244584051392 3.6062445840513924 0
    endloop
  endfacet
  facet normal 0 0 -1
    outer loop
      vertex -25.66659181160003 4.24049502274298 0
      vertex -12.333408188399972 4.24049502274298 0
      vertex -12.735405749234591 3.9423533121499585 0
    endloop
  endfacet
  facet normal 0 0 -1
    outer loop
      vertex -26.095876642187413 4.49779844817661 0
      vertex -11.904123357812587 4.49779844817661 0
      vertex -12.333408188399972 4.24049502274298 0
    endloop
  endfacet
  facet normal 0 0 -1
    outer loop
      vertex -26.548314494938044 4.711785615807562 0
      vertex -11.451685505061958 4.711785615807562 0
      vertex -11.904123357812587 4.49779844817661 0
    endloop
  endfacet
  facet normal 0 0 -1
    outer loop
      vertex -40 14 0
      vertex -9.5 5.1 0
      vertex -9.999887415680758 5.075442106028204 0
    endloop
  endfacet
  facet normal 0 0 -1
    outer loop
      vertex -40 14 0
      vertex -9.000112584319242 5.075442106028204 0
      vertex -9.5 5.1 0
    endloop
  endfacet
  facet normal 0 0 -1
    outer loop
      vertex -40 14 0
      vertex -8.019548146002242 4.8803957122342645 0
      vertex -8.505039357717745 5.002004930056475 0
    endloop
  endfacet
  facet normal 0 0 -1
    outer loop
      vertex -40 14 0
      vertex -8.505039357717745 5.002004930056475 0
      vertex -9.000112584319242 5.075442106028204 0
    endloop
  endfacet
  facet normal 0 0 -1
    outer loop
      vertex -40 14 0
      vertex 7.548314494938042 4.711785615807562 0
      vertex -8.019548146002242 4.8803957122342645 0
    endloop
  endfacet
  facet normal 0 0 -1
    outer loop
      vertex 4.788214384192438 1.9516855050619577 0
      vertex -4.497995069943525 -0.994960642282254 0
      vertex -4.424557893971796 -0.49988741568075906 0
    endloop
  endfacet
  facet normal 0 0 -1
    outer loop
      vertex 4.788214384192438 1.9516855050619577 0
      vertex -4.424557893971796 -0.49988741568075906 0
      vertex -4.4 0 0
    endloop
  endfacet
  facet normal 0 0 -1
    outer loop
      vertex 4.788214384192438 1.9516855050619577 0
      vertex -4.4 0 0
      vertex -4.424557893971796 0.49988741568075906 0
    endloop
  endfacet
  facet normal 0 0 -1
    outer loop
      vertex 4.788214384192438 1.9516855050619577 0
      vertex -4.424557893971796 0.49988741568075906 0
      vertex -4.497995069943525 0.994960642282254 0
    endloop
  endfacet
  facet normal 0 0 -1
    outer loop
      vertex 4.788214384192438 1.9516855050619577 0
      vertex -4.497995069943525 0.994960642282254 0
      vertex -4.6196042877657355 1.4804518539977578 0
    endloop
  endfacet
  facet normal 0 0 -1
    outer loop
      vertex 4.788214384192438 1.9516855050619577 0
      vertex -4.6196042877657355 1.4804518539977578 0
      vertex -4.788214384192438 1.9516855050619577 0
    endloop
  endfacet
  facet normal 0 0 -1
    outer loop
      vertex 4.788214384192438 1.9516855050619577 0
      vertex -4.788214384192438 1.9516855050619577 0
      vertex -5.00220155182339 2.404123357812588 0
    endloop
  endfacet
  facet normal 0 0 -1
    outer loop
      vertex -7.095876642187412 4.49779844817661 0
      vertex -7.548314494938042 4.711785615807562 0
      vertex 7.095876642187412 4.49779844817661 0
    endloop
  endfacet
  facet normal 0 0 -1
    outer loop
      vertex -5.25950497725702 2.833408188399971 0
      vertex 5.00220155182339 2.404123357812588 0
      vertex -5.00220155182339 2.404123357812588 0
    endloop
  endfacet
  facet normal 0 0 -1
    outer loop
      vertex -5.557646687850042 3.235405749234592 0
      vertex 5.25950497725702 2.833408188399971 0
      vertex -5.25950497725702 2.833408188399971 0
    endloop
  endfacet
  facet normal 0 0 -1
    outer loop
      vertex -5.893755415948608 3.6062445840513924 0
      vertex 5.557646687850042 3.235405749234592 0
      vertex -5.557646687850042 3.235405749234592 0
    endloop
  endfacet
  facet normal 0 0 -1
    outer loop
      vertex -5.893755415948608 3.6062445840513924 0
      vertex -6.264594250765408 3.9423533121499585 0
      vertex 5.893755415948608 3.6062445840513924 0
    endloop
  endfacet
  facet normal 0 0 -1
    outer loop
      vertex -6.264594250765408 3.9423533121499585 0
      vertex -6.6665918116000284 4.24049502274298 0
      vertex 6.264594250765408 3.9423533121499585 0
    endloop
  endfacet
  facet normal 0 0 -1
    outer loop
      vertex -6.6665918116000284 4.24049502274298 0
      vertex -7.095876642187412 4.49779844817661 0
      vertex 6.6665918116000284 4.24049502274298 0
    endloop
  endfacet
  facet normal 0 0 -1
    outer loop
      vertex -40 14 0
      vertex 8.019548146002242 4.8803957122342645 0
      vertex 7.548314494938042 4.711785615807562 0
    endloop
  endfacet
  facet normal 0 0 -1
    outer loop
      vertex -40 14 0
      vertex 8.505039357717745 5.002004930056475 0
      vertex 8.019548146002242 4.8803957122342645 0
    endloop
  endfacet
  facet normal 0 0 -1
    outer loop
      vertex -40 14 0
      vertex 9.000112584319242 5.075442106028204 0
      vertex 8.505039357717745 5.002004930056475 0
    endloop
  endfacet
  facet normal 0 0 -1
    outer loop
      vertex -40 14 0
      vertex 9.5 5.1 0
      vertex 9.000112584319242 5.075442106028204 0
    endloop
  endfacet
  facet normal 0 0 -1
    outer loop
      vertex -7.548314494938042 4.711785615807562 0
      vertex -8.019548146002242 4.8803957122342645 0
      vertex 7.548314494938042 4.711785615807562 0
    endloop
  endfacet
  facet normal 0 0 1
    outer loop
      vertex -21.15 -6.15 2.4
      vertex -16.85 6.15 2.4
      vertex -21.15 6.15 2.4
    endloop
  endfacet
  facet normal 0 0 1
    outer loop
      vertex -15.65 6.15 2.4
      vertex -14.502004930056476 -0.994960642282254 2.4
      vertex -14.575442106028204 -0.49988741568075906 2.4
    endloop
  endfacet
  facet normal 0 0 1
    outer loop
      vertex -15.65 6.15 2.4
      vertex -14.575442106028204 -0.49988741568075906 2.4
      vertex -14.6 0 2.4
    endloop
  endfacet
  facet normal 0 0 1
    outer loop
      vertex -15.65 6.15 2.4
      vertex -14.6 0 2.4
      vertex -14.575442106028204 0.49988741568075906 2.4
    endloop
  endfacet
  facet normal 0 0 1
    outer loop
      vertex -15.65 6.15 2.4
      vertex -14.575442106028204 0.49988741568075906 2.4
      vertex -14.502004930056476 0.994960642282254 2.4
    endloop
  endfacet
  facet normal 0 0 1
    outer loop
      vertex -15.65 6.15 2.4
      vertex -14.502004930056476 0.994960642282254 2.4
      vertex -14.380395712234264 1.4804518539977578 2.4
    endloop
  endfacet
  facet normal 0 0 1
    outer loop
      vertex -15.65 6.15 2.4
      vertex -14.380395712234264 1.4804518539977578 2.4
      vertex -14.211785615807562 1.9516855050619577 2.4
    endloop
  endfacet
  facet normal 0 0 1
    outer loop
      vertex -15.65 6.15 2.4
      vertex -14.211785615807562 1.9516855050619577 2.4
      vertex -13.99779844817661 2.404123357812588 2.4
    endloop
  endfacet
  facet normal 0 0 1
    outer loop
      vertex -15.65 6.15 2.4
      vertex -13.99779844817661 2.404123357812588 2.4
      vertex -13.74049502274298 2.833408188399971 2.4
    endloop
  endfacet
  facet normal 0 0 1
    outer loop
      vertex -15.65 6.15 2.4
      vertex -13.74049502274298 2.833408188399971 2.4
      vertex -13.442353312149958 3.235405749234592 2.4
    endloop
  endfacet
  facet normal 0 0 1
    outer loop
      vertex -15.65 6.15 2.4
      vertex -13.442353312149958 3.235405749234592 2.4
      vertex -13.106244584051392 3.6062445840513924 2.4
    endloop
  endfacet
  facet normal 0 0 1
    outer loop
      vertex -15.65 6.15 2.4
      vertex -13.106244584051392 3.6062445840513924 2.4
      vertex -12.735405749234591 3.9423533121499585 2.4
    endloop
  endfacet
  facet normal 0 0 1
    outer loop
      vertex -21.15 6.15 2.4
      vertex -16.85 6.15 2.4
      vertex -21.15 7.35 2.4
    endloop
  endfacet
  facet normal 0 0 1
    outer loop
      vertex -21.15 7.35 2.4
      vertex -16.85 6.15 2.4
      vertex -16.85 7.35 2.4
    endloop
  endfacet
  facet normal 0 0 1
    outer loop
      vertex -15.65 6.15 2.4
      vertex -12.735405749234591 3.9423533121499585 2.4
      vertex -12.333408188399972 4.24049502274298 2.4
    endloop
  endfacet
  facet normal 0 0 1
    outer loop
      vertex -15.65 6.15 2.4
      vertex -12.333408188399972 4.24049502274298 2.4
      vertex -11.904123357812587 4.49779844817661 2.4
    endloop
  endfacet
  facet normal 0 0 1
    outer loop
      vertex -15.65 6.15 2.4
      vertex -11.904123357812587 4.49779844817661 2.4
      vertex -11.451685505061958 4.711785615807562 2.4
    endloop
  endfacet
  facet normal 0 0 1
    outer loop
      vertex -15.65 6.15 2.4
      vertex -11.451685505061958 4.711785615807562 2.4
      vertex -10.980451853997758 4.8803957122342645 2.4
    endloop
  endfacet
  facet normal 0 0 1
    outer loop
      vertex -15.65 6.15 2.4
      vertex -10.980451853997758 4.8803957122342645 2.4
      vertex -10.494960642282255 5.002004930056475 2.4
    endloop
  endfacet
  facet normal 0 0 1
    outer loop
      vertex -3.35 6.15 2.4
      vertex -6.264594250765408 3.9423533121499585 2.4
      vertex -5.893755415948608 3.6062445840513924 2.4
    endloop
  endfacet
  facet normal 0 0 1
    outer loop
      vertex -3.35 -6.15 2.4
      vertex -3.35 6.15 2.4
      vertex -4.497995069943525 0.994960642282254 2.4
    endloop
  endfacet
  facet normal 0 0 1
    outer loop
      vertex -2.15 -6.15 2.4
      vertex 2.15 6.15 2.4
      vertex -2.15 6.15 2.4
    endloop
  endfacet
  facet normal 0 0 1
    outer loop
      vertex -3.35 6.15 2.4
      vertex -4.6196042877657355 1.4804518539977578 2.4
      vertex -4.497995069943525 0.994960642282254 2.4
    endloop
  endfacet
  facet normal 0 0 1
    outer loop
      vertex -3.35 6.15 2.4
      vertex -5.00220155182339 2.404123357812588 2.4
      vertex -4.788214384192438 1.9516855050619577 2.4
    endloop
  endfacet
  facet normal 0 0 1
    outer loop
      vertex -3.35 6.15 2.4
      vertex -4.788214384192438 1.9516855050619577 2.4
      vertex -4.6196042877657355 1.4804518539977578 2.4
    endloop
  endfacet
  facet normal 0 0 1
    outer loop
      vertex -3.35 6.15 2.4
      vertex -5.25950497725702 2.833408188399971 2.4
      vertex -5.00220155182339 2.404123357812588 2.4
    endloop
  endfacet
  facet normal 0 0 1
    outer loop
      vertex -3.35 6.15 2.4
      vertex -5.557646687850042 3.235405749234592 2.4
      vertex -5.25950497725702 2.833408188399971 2.4
    endloop
  endfacet
  facet normal 0 0 1
    outer loop
      vertex -3.35 6.15 2.4
      vertex -5.893755415948608 3.6062445840513924 2.4
      vertex -5.557646687850042 3.235405749234592 2.4
    endloop
  endfacet
  facet normal 0 0 1
    outer loop
      vertex -15.65 6.15 2.4
      vertex -10.494960642282255 5.002004930056475 2.4
      vertex -3.35 6.15 2.4
    endloop
  endfacet
  facet normal 0 0 1
    outer loop
      vertex -3.35 6.15 2.4
      vertex -10.494960642282255 5.002004930056475 2.4
      vertex -9.999887415680758 5.075442106028204 2.4
    endloop
  endfacet
  facet normal 0 0 1
    outer loop
      vertex -3.35 6.15 2.4
      vertex -9.999887415680758 5.075442106028204 2.4
      vertex -9.5 5.1 2.4
    endloop
  endfacet
  facet normal 0 0 1
    outer loop
      vertex -3.35 6.15 2.4
      vertex -8.019548146002242 4.8803957122342645 2.4
      vertex -7.548314494938042 4.711785615807562 2.4
    endloop
  endfacet
  facet normal 0 0 1
    outer loop
      vertex -3.35 6.15 2.4
      vertex -9.5 5.1 2.4
      vertex -9.000112584319242 5.075442106028204 2.4
    endloop
  endfacet
  facet normal 0 0 1
    outer loop
      vertex -3.35 6.15 2.4
      vertex -9.000112584319242 5.075442106028204 2.4
      vertex -8.505039357717745 5.002004930056475 2.4
    endloop
  endfacet
  facet normal 0 0 1
    outer loop
      vertex -3.35 6.15 2.4
      vertex -8.505039357717745 5.002004930056475 2.4
      vertex -8.019548146002242 4.8803957122342645 2.4
    endloop
  endfacet
  facet normal 0 0 1
    outer loop
      vertex -3.35 6.15 2.4
      vertex -7.095876642187412 4.49779844817661 2.4
      vertex -6.6665918116000284 4.24049502274298 2.4
    endloop
  endfacet
  facet normal 0 0 1
    outer loop
      vertex -3.35 6.15 2.4
      vertex -7.548314494938042 4.711785615807562 2.4
      vertex -7.095876642187412 4.49779844817661 2.4
    endloop
  endfacet
  facet normal 0 0 1
    outer loop
      vertex -3.35 6.15 2.4
      vertex -6.6665918116000284 4.24049502274298 2.4
      vertex -6.264594250765408 3.9423533121499585 2.4
    endloop
  endfacet
  facet normal 0 0 1
    outer loop
      vertex -2.15 6.15 2.4
      vertex 2.15 6.15 2.4
      vertex -2.1499999999999995 7.35 2.4
    endloop
  endfacet
  facet normal 0 0 -1
    outer loop
      vertex -40 14 0
      vertex -39.975923635065556 14.490085698664188 0
      vertex 39.78470167517662 15.45142338424921 0
    endloop
  endfacet
  facet normal 0 0 -1
    outer loop
      vertex -39.975923635065556 14.490085698664188 0
      vertex -39.9039264023304 14.975451610982418 0
      vertex 39.61939766258001 15.913417160511017 0
    endloop
  endfacet
  facet normal 0 0 -1
    outer loop
      vertex -39.9039264023304 14.975451610982418 0
      vertex -39.78470167517662 15.45142338424921 0
      vertex 39.40960632264614 16.356983684003353 0
    endloop
  endfacet
  facet normal 0 0 -1
    outer loop
      vertex -39.78470167517662 15.45142338424921 0
      vertex -39.61939766258001 15.913417160511017 0
      vertex 39.157348059117794 16.777851164340973 0
    endloop
  endfacet
  facet normal 0 0 -1
    outer loop
      vertex -39.61939766258001 15.913417160511017 0
      vertex -39.40960632264614 16.356983684003353 0
      vertex 38.86505226790905 17.171966418623924 0
    endloop
  endfacet
  facet normal 0 0 -1
    outer loop
      vertex -39.40960632264614 16.356983684003353 0
      vertex -39.157348059117794 16.777851164340973 0
      vertex 38.5355339050293 17.535533905029297 0
    endloop
  endfacet
  facet normal 0 0 -1
    outer loop
      vertex -39.157348059117794 16.777851164340973 0
      vertex -38.86505226790905 17.171966418623924 0
      vertex 38.171966418623924 17.86505226790905 0
    endloop
  endfacet
  facet normal 0 0 -1
    outer loop
      vertex -38.86505226790905 17.171966418623924 0
      vertex -38.5355339050293 17.535533905029297 0
      vertex 37.77785116434097 18.157348059117794 0
    endloop
  endfacet
  facet normal 0 0 -1
    outer loop
      vertex -38.5355339050293 17.535533905029297 0
      vertex -38.171966418623924 17.86505226790905 0
      vertex 37.35698368400335 18.40960632264614 0
    endloop
  endfacet
  facet normal 0 0 -1
    outer loop
      vertex -38.171966418623924 17.86505226790905 0
      vertex -37.77785116434097 18.157348059117794 0
      vertex 36.91341716051102 18.619397662580013 0
    endloop
  endfacet
  facet normal 0 0 -1
    outer loop
      vertex -37.77785116434097 18.157348059117794 0
      vertex -37.35698368400335 18.40960632264614 0
      vertex 36.45142338424921 18.78470167517662 0
    endloop
  endfacet
  facet normal 0 0 -1
    outer loop
      vertex -37.35698368400335 18.40960632264614 0
      vertex -36.91341716051102 18.619397662580013 0
      vertex 35.97545161098242 18.9039264023304 0
    endloop
  endfacet
  facet normal 0 0 -1
    outer loop
      vertex -36.91341716051102 18.619397662580013 0
      vertex -36.45142338424921 18.78470167517662 0
      vertex 35.49008569866419 18.975923635065556 0
    endloop
  endfacet
  facet normal 0 0 -1
    outer loop
      vertex -36.45142338424921 18.78470167517662 0
      vertex -35.97545161098242 18.9039264023304 0
      vertex 35 19 0
    endloop
  endfacet
  facet normal 0 0 -1
    outer loop
      vertex -35.97545161098242 18.9039264023304 0
      vertex -35 19 0
      vertex 35 19 0
    endloop
  endfacet
  facet normal 0 0 1
    outer loop
      vertex -40 14 2.4
      vertex -37.75 13.75 2.4
      vertex 39.9039264023304 14.975451610982418 2.4
    endloop
  endfacet
  facet normal 0 0 1
    outer loop
      vertex -37.75 13.75 2.4
      vertex -36.349999999999994 13.75 2.4
      vertex 39.9039264023304 14.975451610982418 2.4
    endloop
  endfacet
  facet normal 0 1 0
    outer loop
      vertex -35 19 0
      vertex -35 19 2.4
      vertex 35 19 2.4
    endloop
  endfacet
  facet normal 0 0 1
    outer loop
      vertex -40 14 2.4
      vertex 34.75 15.350000000000001 2.4
      vertex -34.75 15.350000000000001 2.4
    endloop
  endfacet
  facet normal 0 0 1
    outer loop
      vertex -39.157348059117794 16.777851164340973 2.4
      vertex -34.75 16.75 2.4
      vertex 34.75 16.75 2.4
    endloop
  endfacet
  facet normal 0 0 1
    outer loop
      vertex -39.157348059117794 16.777851164340973 2.4
      vertex 38.171966418623924 17.86505226790905 2.4
      vertex -38.86505226790905 17.171966418623924 2.4
    endloop
  endfacet
  facet normal 0 0 1
    outer loop
      vertex -38.86505226790905 17.171966418623924 2.4
      vertex 37.77785116434097 18.157348059117794 2.4
      vertex -38.5355339050293 17.535533905029297 2.4
    endloop
  endfacet
  facet normal 0 0 1
    outer loop
      vertex -38.5355339050293 17.535533905029297 2.4
      vertex 37.35698368400335 18.40960632264614 2.4
      vertex -38.171966418623924 17.86505226790905 2.4
    endloop
  endfacet
  facet normal 0 0 1
    outer loop
      vertex -38.171966418623924 17.86505226790905 2.4
      vertex 36.91341716051102 18.619397662580013 2.4
      vertex -37.77785116434097 18.157348059117794 2.4
    endloop
  endfacet
  facet normal 0 0 1
    outer loop
      vertex -37.77785116434097 18.157348059117794 2.4
      vertex 36.45142338424921 18.78470167517662 2.4
      vertex -37.35698368400335 18.40960632264614 2.4
    endloop
  endfacet
  facet normal 0 0 1
    outer loop
      vertex -37.35698368400335 18.40960632264614 2.4
      vertex 35.97545161098242 18.9039264023304 2.4
      vertex -36.91341716051102 18.619397662580013 2.4
    endloop
  endfacet
  facet normal 0 0 1
    outer loop
      vertex -36.91341716051102 18.619397662580013 2.4
      vertex 35.49008569866419 18.975923635065556 2.4
      vertex -36.45142338424921 18.78470167517662 2.4
    endloop
  endfacet
  facet normal 0 0 1
    outer loop
      vertex -36.45142338424921 18.78470167517662 2.4
      vertex 35 19 2.4
      vertex -35.97545161098242 18.9039264023304 2.4
    endloop
  endfacet
  facet normal 0 0 1
    outer loop
      vertex -35.97545161098242 18.9039264023304 2.4
      vertex 35 19 2.4
      vertex -35 19 2.4
    endloop
  endfacet
  facet normal 0 0 1
    outer loop
      vertex -21.15 7.35 2.4
      vertex 39.9039264023304 14.975451610982418 2.4
      vertex -36.349999999999994 13.75 2.4
    endloop
  endfacet
  facet normal 0 0 -1
    outer loop
      vertex -39.9039264023304 -14.975451610982418 0
      vertex 12 -14 0
      vertex 40 -14 0
    endloop
  endfacet
  facet normal 0 0 -1
    outer loop
      vertex -8.797499999403954 -12.330600000917912 0
      vertex 5.411100000143051 -12.303640000522137 0
      vertex 6.49337999522686 -13.41031999886036 0
    endloop
  endfacet
  facet normal 0 0 -1
    outer loop
      vertex -8.797499999403954 -11.668719999492168 0
      vertex 5.411100000143051 -11.696039997041225 0
      vertex 5.411100000143051 -12.303640000522137 0
    endloop
  endfacet
  facet normal 0 0 -1
    outer loop
      vertex -8.797499999403954 -11.668719999492168 0
      vertex 6.49337999522686 -10.589319996535778 0
      vertex 5.411100000143051 -11.696039997041225 0
    endloop
  endfacet
  facet normal 0 0 -1
    outer loop
      vertex 6.49337999522686 -12.303640000522137 0
      vertex 6.49337999522686 -13.41031999886036 0
      vertex 5.411100000143051 -12.303640000522137 0
    endloop
  endfacet
  facet normal 0 0 -1
    outer loop
      vertex 7.106419995427132 -12.303640000522137 0
      vertex 8.196819998323917 -12.303640000522137 0
      vertex 7.106419995427132 -13.41031999886036 0
    endloop
  endfacet
  facet normal 0 0 -1
    outer loop
      vertex 7.106419995427132 -13.41031999886036 0
      vertex 11.6098193526268 -13.96157056093216 0
      vertex 6.49337999522686 -13.41031999886036 0
    endloop
  endfacet
  facet normal 0 0 -1
    outer loop
      vertex 7.106419995427132 -13.41031999886036 0
      vertex 11.057206526398659 -13.763842530548573 0
      vertex 11.234633132815361 -13.847759068012238 0
    endloop
  endfacet
  facet normal 0 0 -1
    outer loop
      vertex 7.106419995427132 -13.41031999886036 0
      vertex 11.234633132815361 -13.847759068012238 0
      vertex 11.419430643320084 -13.913880668580532 0
    endloop
  endfacet
  facet normal 0 0 -1
    outer loop
      vertex 7.106419995427132 -13.41031999886036 0
      vertex 10.337060771882534 -13.111140467226505 0
      vertex 10.453979089856148 -13.268786571919918 0
    endloop
  endfacet
  facet normal 0 0 -1
    outer loop
      vertex 7.106419995427132 -13.41031999886036 0
      vertex 10.236157469451427 -12.942793473601341 0
      vertex 10.337060771882534 -13.111140467226505 0
    endloop
  endfacet
  facet normal 0 0 -1
    outer loop
      vertex 7.106419995427132 -13.41031999886036 0
      vertex 10.888859532773495 -13.662939228117466 0
      vertex 11.057206526398659 -13.763842530548573 0
    endloop
  endfacet
  facet normal 0 0 -1
    outer loop
      vertex 7.106419995427132 -13.41031999886036 0
      vertex 10.731213428080082 -13.546020910143852 0
      vertex 10.888859532773495 -13.662939228117466 0
    endloop
  endfacet
  facet normal 0 0 -1
    outer loop
      vertex 7.106419995427132 -13.41031999886036 0
      vertex 10.585786439478397 -13.414213560521603 0
      vertex 10.731213428080082 -13.546020910143852 0
    endloop
  endfacet
  facet normal 0 0 -1
    outer loop
      vertex 7.106419995427132 -13.41031999886036 0
      vertex 10.453979089856148 -13.268786571919918 0
      vertex 10.585786439478397 -13.414213560521603 0
    endloop
  endfacet
  facet normal 0 0 -1
    outer loop
      vertex 7.106419995427132 -13.41031999886036 0
      vertex 8.196819998323917 -12.303640000522137 0
      vertex 10.236157469451427 -12.942793473601341 0
    endloop
  endfacet
  facet normal 0 0 -1
    outer loop
      vertex 8.196819998323917 -12.303640000522137 0
      vertex 10.152240931987762 -12.765366867184639 0
      vertex 10.236157469451427 -12.942793473601341 0
    endloop
  endfacet
  facet normal 0 0 -1
    outer loop
      vertex 8.196819998323917 -12.303640000522137 0
      vertex 10.086119331419468 -12.580569356679916 0
      vertex 10.152240931987762 -12.765366867184639 0
    endloop
  endfacet
  facet normal 0 0 -1
    outer loop
      vertex 8.196819998323917 -11.696039997041225 0
      vertex 10 -12 0
      vertex 8.196819998323917 -12.303640000522137 0
    endloop
  endfacet
  facet normal 0 0 -1
    outer loop
      vertex 8.196819998323917 -12.303640000522137 0
      vertex 10.03842943906784 -12.3901806473732 0
      vertex 10.086119331419468 -12.580569356679916 0
    endloop
  endfacet
  facet normal 0 0 -1
    outer loop
      vertex 8.196819998323917 -12.303640000522137 0
      vertex 10.009630545973778 -12.196034282445908 0
      vertex 10.03842943906784 -12.3901806473732 0
    endloop
  endfacet
  facet normal 0 0 -1
    outer loop
      vertex 8.196819998323917 -12.303640000522137 0
      vertex 10 -12 0
      vertex 10.009630545973778 -12.196034282445908 0
    endloop
  endfacet
  facet normal 0 0 -1
    outer loop
      vertex 5.411100000143051 -11.696039997041225 0
      vertex 6.49337999522686 -10.589319996535778 0
      vertex 6.49337999522686 -11.696039997041225 0
    endloop
  endfacet
  facet normal 0 0 -1
    outer loop
      vertex 7.106419995427132 -11.696039997041225 0
      vertex 7.106419995427132 -10.589319996535778 0
      vertex 8.196819998323917 -11.696039997041225 0
    endloop
  endfacet
  facet normal 0 0 -1
    outer loop
      vertex 8.196819998323917 -11.696039997041225 0
      vertex 7.106419995427132 -10.589319996535778 0
      vertex 10.152240931987762 -11.234633132815361 0
    endloop
  endfacet
  facet normal 0 0 -1
    outer loop
      vertex 8.196819998323917 -11.696039997041225 0
      vertex 10.009630545973778 -11.803965717554092 0
      vertex 10 -12 0
    endloop
  endfacet
  facet normal 0 0 -1
    outer loop
      vertex 8.196819998323917 -11.696039997041225 0
      vertex 10.03842943906784 -11.6098193526268 0
      vertex 10.009630545973778 -11.803965717554092 0
    endloop
  endfacet
  facet normal 0 0 -1
    outer loop
      vertex 8.196819998323917 -11.696039997041225 0
      vertex 10.086119331419468 -11.419430643320084 0
      vertex 10.03842943906784 -11.6098193526268 0
    endloop
  endfacet
  facet normal 0 0 -1
    outer loop
      vertex 8.196819998323917 -11.696039997041225 0
      vertex 10.152240931987762 -11.234633132815361 0
      vertex 10.086119331419468 -11.419430643320084 0
    endloop
  endfacet
  facet normal 0 0 -1
    outer loop
      vertex 7.106419995427132 -10.589319996535778 0
      vertex 10.236157469451427 -11.057206526398659 0
      vertex 10.152240931987762 -11.234633132815361 0
    endloop
  endfacet
  facet normal 0 0 -1
    outer loop
      vertex 7.106419995427132 -10.589319996535778 0
      vertex 10.337060771882534 -10.888859532773495 0
      vertex 10.236157469451427 -11.057206526398659 0
    endloop
  endfacet
  facet normal 0 0 -1
    outer loop
      vertex 7.106419995427132 -10.589319996535778 0
      vertex 10.453979089856148 -10.731213428080082 0
      vertex 10.337060771882534 -10.888859532773495 0
    endloop
  endfacet
  facet normal 0 0 -1
    outer loop
      vertex 6.49337999522686 -10.589319996535778 0
      vertex 10.899999998509884 -10.3303834348917 0
      vertex 7.106419995427132 -10.589319996535778 0
    endloop
  endfacet
  facet normal 0 0 -1
    outer loop
      vertex 7.106419995427132 -10.589319996535778 0
      vertex 10.585786439478397 -10.585786439478397 0
      vertex 10.453979089856148 -10.731213428080082 0
    endloop
  endfacet
  facet normal 0 0 -1
    outer loop
      vertex 7.106419995427132 -10.589319996535778 0
      vertex 10.731213428080082 -10.453979089856148 0
      vertex 10.585786439478397 -10.585786439478397 0
    endloop
  endfacet
  facet normal 0 0 -1
    outer loop
      vertex 7.106419995427132 -10.589319996535778 0
      vertex 10.888859532773495 -10.337060771882534 0
      vertex 10.731213428080082 -10.453979089856148 0
    endloop
  endfacet
  facet normal 0 0 -1
    outer loop
      vertex 7.106419995427132 -10.589319996535778 0
      vertex 10.899999998509884 -10.3303834348917 0
      vertex 10.888859532773495 -10.337060771882534 0
    endloop
  endfacet
  facet normal 0 0 -1
    outer loop
      vertex 6.49337999522686 -10.589319996535778 0
      vertex 11.649999998509884 -9.149999998509884 0
      vertex 10.899999998509884 -10.3303834348917 0
    endloop
  endfacet
  facet normal 0 0 -1
    outer loop
      vertex -35 -19 0
      vertex 35.97545161098242 -18.9039264023304 0
      vertex 35 -19 0
    endloop
  endfacet
  facet normal 0 0 -1
    outer loop
      vertex -35 -19 0
      vertex 36.45142338424921 -18.78470167517662 0
      vertex 35.97545161098242 -18.9039264023304 0
    endloop
  endfacet
  facet normal 0 0 -1
    outer loop
      vertex -35.49008569866419 -18.975923635065556 0
      vertex 36.91341716051102 -18.619397662580013 0
      vertex 36.45142338424921 -18.78470167517662 0
    endloop
  endfacet
  facet normal 0 0 -1
    outer loop
      vertex -35.97545161098242 -18.9039264023304 0
      vertex 37.35698368400335 -18.40960632264614 0
      vertex 36.91341716051102 -18.619397662580013 0
    endloop
  endfacet
  facet normal 0 0 -1
    outer loop
      vertex -36.45142338424921 -18.78470167517662 0
      vertex 37.77785116434097 -18.157348059117794 0
      vertex 37.35698368400335 -18.40960632264614 0
    endloop
  endfacet
  facet normal 0 0 -1
    outer loop
      vertex -36.91341716051102 -18.619397662580013 0
      vertex 38.171966418623924 -17.86505226790905 0
      vertex 37.77785116434097 -18.157348059117794 0
    endloop
  endfacet
  facet normal 0 0 -1
    outer loop
      vertex -37.35698368400335 -18.40960632264614 0
      vertex 38.5355339050293 -17.535533905029297 0
      vertex 38.171966418623924 -17.86505226790905 0
    endloop
  endfacet
  facet normal 0 0 -1
    outer loop
      vertex -37.77785116434097 -18.157348059117794 0
      vertex 38.86505226790905 -17.171966418623924 0
      vertex 38.5355339050293 -17.535533905029297 0
    endloop
  endfacet
  facet normal 0 0 -1
    outer loop
      vertex -38.171966418623924 -17.86505226790905 0
      vertex 39.157348059117794 -16.777851164340973 0
      vertex 38.86505226790905 -17.171966418623924 0
    endloop
  endfacet
  facet normal 0 0 -1
    outer loop
      vertex -38.5355339050293 -17.535533905029297 0
      vertex 39.40960632264614 -16.356983684003353 0
      vertex 39.157348059117794 -16.777851164340973 0
    endloop
  endfacet
  facet normal 0 0 -1
    outer loop
      vertex -38.86505226790905 -17.171966418623924 0
      vertex 39.61939766258001 -15.913417160511017 0
      vertex 39.40960632264614 -16.356983684003353 0
    endloop
  endfacet
  facet normal 0 0 -1
    outer loop
      vertex -39.157348059117794 -16.777851164340973 0
      vertex 39.78470167517662 -15.45142338424921 0
      vertex 39.61939766258001 -15.913417160511017 0
    endloop
  endfacet
  facet normal 0 0 -1
    outer loop
      vertex -39.40960632264614 -16.356983684003353 0
      vertex 39.9039264023304 -14.975451610982418 0
      vertex 39.78470167517662 -15.45142338424921 0
    endloop
  endfacet
  facet normal 0 0 -1
    outer loop
      vertex -39.61939766258001 -15.913417160511017 0
      vertex 39.975923635065556 -14.490085698664188 0
      vertex 39.9039264023304 -14.975451610982418 0
    endloop
  endfacet
  facet normal 0 0 -1
    outer loop
      vertex -39.78470167517662 -15.45142338424921 0
      vertex 40 -14 0
      vertex 39.975923635065556 -14.490085698664188 0
    endloop
  endfacet
  facet normal 0 0 -1
    outer loop
      vertex 7.106419995427132 -13.41031999886036 0
      vertex 11.419430643320084 -13.913880668580532 0
      vertex 11.6098193526268 -13.96157056093216 0
    endloop
  endfacet
  facet normal 0 0 -1
    outer loop
      vertex 11.363614402711391 -13.19059370458126 0
      vertex 11.73662806302309 -13.324060127139091 0
      vertex 11.483377367258072 -13.247237369418144 0
    endloop
  endfacet
  facet normal 0 0 -1
    outer loop
      vertex 11.249980188906193 -13.122483976185322 0
      vertex 11.867676861584187 -13.34349937736988 0
      vertex 11.363614402711391 -13.19059370458126 0
    endloop
  endfacet
  facet normal 0 0 -1
    outer loop
      vertex 11.045405842363834 -12.954594157636166 0
      vertex 11.867676861584187 -13.34349937736988 0
      vertex 11.143569067120552 -13.043564110994339 0
    endloop
  endfacet
  facet normal 0 0 -1
    outer loop
      vertex 11.143569067120552 -13.043564110994339 0
      vertex 11.867676861584187 -13.34349937736988 0
      vertex 11.249980188906193 -13.122483976185322 0
    endloop
  endfacet
  facet normal 0 0 -1
    outer loop
      vertex 11.483377367258072 -13.247237369418144 0
      vertex 11.73662806302309 -13.324060127139091 0
      vertex 11.608115687966347 -13.291869454085827 0
    endloop
  endfacet
  facet normal 0 0 -1
    outer loop
      vertex 11.363614402711391 -13.19059370458126 0
      vertex 11.867676861584187 -13.34349937736988 0
      vertex 11.73662806302309 -13.324060127139091 0
    endloop
  endfacet
  facet normal 0 0 -1
    outer loop
      vertex 10.877516023814678 -12.750019811093807 0
      vertex 11.867676861584187 -13.34349937736988 0
      vertex 10.956435889005661 -12.856430932879448 0
    endloop
  endfacet
  facet normal 0 0 -1
    outer loop
      vertex 10.80940629541874 -12.636385597288609 0
      vertex 11.867676861584187 -13.34349937736988 0
      vertex 10.877516023814678 -12.750019811093807 0
    endloop
  endfacet
  facet normal 0 0 -1
    outer loop
      vertex 10.752762630581856 -12.516622632741928 0
      vertex 11.867676861584187 -13.34349937736988 0
      vertex 10.80940629541874 -12.636385597288609 0
    endloop
  endfacet
  facet normal 0 0 -1
    outer loop
      vertex 10.675939872860909 -12.26337193697691 0
      vertex 11.867676861584187 -13.34349937736988 0
      vertex 10.708130545914173 -12.391884312033653 0
    endloop
  endfacet
  facet normal 0 0 -1
    outer loop
      vertex 10.752762630581856 -12.516622632741928 0
      vertex 10.708130545914173 -12.391884312033653 0
      vertex 11.867676861584187 -13.34349937736988 0
    endloop
  endfacet
  facet normal 0 0 -1
    outer loop
      vertex 10.675939872860909 -12.26337193697691 0
      vertex 10.65650062263012 -12.132323138415813 0
      vertex 11.867676861584187 -13.34349937736988 0
    endloop
  endfacet
  facet normal 0 0 -1
    outer loop
      vertex 10.649999998509884 -12 0
      vertex 11.867676861584187 -13.34349937736988 0
      vertex 10.65650062263012 -12.132323138415813 0
    endloop
  endfacet
  facet normal 0 0 -1
    outer loop
      vertex 10.649999998509884 -12 0
      vertex 10.65650062263012 -11.867676861584187 0
      vertex 11.867676861584187 -13.34349937736988 0
    endloop
  endfacet
  facet normal 0 0 -1
    outer loop
      vertex 10.675939872860909 -11.73662806302309 0
      vertex 11.867676861584187 -13.34349937736988 0
      vertex 10.65650062263012 -11.867676861584187 0
    endloop
  endfacet
  facet normal 0 0 -1
    outer loop
      vertex 10.675939872860909 -11.73662806302309 0
      vertex 10.708130545914173 -11.608115687966347 0
      vertex 11.867676861584187 -13.34349937736988 0
    endloop
  endfacet
  facet normal 0 0 -1
    outer loop
      vertex 11.867676861584187 -13.34349937736988 0
      vertex 10.708130545914173 -11.608115687966347 0
      vertex 10.752762630581856 -11.483377367258072 0
    endloop
  endfacet
  facet normal 0 0 -1
    outer loop
      vertex 11.867676861584187 -13.34349937736988 0
      vertex 10.752762630581856 -11.483377367258072 0
      vertex 10.80940629541874 -11.363614402711391 0
    endloop
  endfacet
  facet normal 0 0 -1
    outer loop
      vertex 11.867676861584187 -13.34349937736988 0
      vertex 10.80940629541874 -11.363614402711391 0
      vertex 10.877516023814678 -11.249980188906193 0
    endloop
  endfacet
  facet normal 0 0 -1
    outer loop
      vertex 11.867676861584187 -13.34349937736988 0
      vertex 10.877516023814678 -11.249980188906193 0
      vertex 10.956435889005661 -11.143569067120552 0
    endloop
  endfacet
  facet normal 0 0 -1
    outer loop
      vertex 10.956435889005661 -12.856430932879448 0
      vertex 11.867676861584187 -13.34349937736988 0
      vertex 11.045405842363834 -12.954594157636166 0
    endloop
  endfacet
  facet normal 0 0 -1
    outer loop
      vertex 11.867676861584187 -13.34349937736988 0
      vertex 12.61649765074253 -10.799999997019768 0
      vertex 12 -13.350000001490116 0
    endloop
  endfacet
  facet normal 0 0 -1
    outer loop
      vertex 12 -13.350000001490116 0
      vertex 12.61649765074253 -10.799999997019768 0
      vertex 12.132323138415813 -13.34349937736988 0
    endloop
  endfacet
  facet normal 0 0 -1
    outer loop
      vertex 12.132323138415813 -13.34349937736988 0
      vertex 12.61649765074253 -10.799999997019768 0
      vertex 12.26337193697691 -13.324060127139091 0
    endloop
  endfacet
  facet normal 0 0 -1
    outer loop
      vertex 12.26337193697691 -13.324060127139091 0
      vertex 12.61649765074253 -10.799999997019768 0
      vertex 12.391884312033653 -13.291869454085827 0
    endloop
  endfacet
  facet normal 0 0 -1
    outer loop
      vertex 11.867676861584187 -13.34349937736988 0
      vertex 11.38350234925747 -10.799999997019768 0
      vertex 11.649999998509884 -11.649999998509884 0
    endloop
  endfacet
  facet normal 0 0 -1
    outer loop
      vertex 12.350000001490116 -11.649999998509884 0
      vertex 11.867676861584187 -13.34349937736988 0
      vertex 11.649999998509884 -11.649999998509884 0
    endloop
  endfacet
  facet normal 0 0 -1
    outer loop
      vertex 11.867676861584187 -13.34349937736988 0
      vertex 12.350000001490116 -11.649999998509884 0
      vertex 12.61649765074253 -10.799999997019768 0
    endloop
  endfacet
  facet normal 0 0 -1
    outer loop
      vertex 13.19059370458126 -12.636385597288609 0
      vertex 13.324060127139091 -12.26337193697691 0
      vertex 13.247237369418144 -12.516622632741928 0
    endloop
  endfacet
  facet normal 0 0 -1
    outer loop
      vertex 12.391884312033653 -13.291869454085827 0
      vertex 12.61649765074253 -10.799999997019768 0
      vertex 12.516622632741928 -13.247237369418144 0
    endloop
  endfacet
  facet normal 0 0 -1
    outer loop
      vertex 12.516622632741928 -13.247237369418144 0
      vertex 12.61649765074253 -10.799999997019768 0
      vertex 12.636385597288609 -13.19059370458126 0
    endloop
  endfacet
  facet normal 0 0 -1
    outer loop
      vertex 12.636385597288609 -13.19059370458126 0
      vertex 12.61649765074253 -10.799999997019768 0
      vertex 12.750019811093807 -13.122483976185322 0
    endloop
  endfacet
  facet normal 0 0 -1
    outer loop
      vertex 12.750019811093807 -13.122483976185322 0
      vertex 12.61649765074253 -10.799999997019768 0
      vertex 12.856430932879448 -13.043564110994339 0
    endloop
  endfacet
  facet normal 0 0 -1
    outer loop
      vertex 12.856430932879448 -13.043564110994339 0
      vertex 12.61649765074253 -10.799999997019768 0
      vertex 12.954594157636166 -12.954594157636166 0
    endloop
  endfacet
  facet normal 0 0 -1
    outer loop
      vertex 12.954594157636166 -12.954594157636166 0
      vertex 12.61649765074253 -10.799999997019768 0
      vertex 13.043564110994339 -12.856430932879448 0
    endloop
  endfacet
  facet normal 0 0 -1
    outer loop
      vertex 13.043564110994339 -12.856430932879448 0
      vertex 12.61649765074253 -10.799999997019768 0
      vertex 13.122483976185322 -12.750019811093807 0
    endloop
  endfacet
  facet normal 0 0 -1
    outer loop
      vertex 13.122483976185322 -12.750019811093807 0
      vertex 12.61649765074253 -10.799999997019768 0
      vertex 13.19059370458126 -12.636385597288609 0
    endloop
  endfacet
  facet normal 0 0 -1
    outer loop
      vertex 13.247237369418144 -12.516622632741928 0
      vertex 13.324060127139091 -12.26337193697691 0
      vertex 13.291869454085827 -12.391884312033653 0
    endloop
  endfacet
  facet normal 0 0 -1
    outer loop
      vertex 13.19059370458126 -12.636385597288609 0
      vertex 13.34349937736988 -12.132323138415813 0
      vertex 13.324060127139091 -12.26337193697691 0
    endloop
  endfacet
  facet normal 0 0 -1
    outer loop
      vertex 13.19059370458126 -12.636385597288609 0
      vertex 13.350000001490116 -12 0
      vertex 13.34349937736988 -12.132323138415813 0
    endloop
  endfacet
  facet normal 0 0 -1
    outer loop
      vertex 13.19059370458126 -12.636385597288609 0
      vertex 13.34349937736988 -11.867676861584187 0
      vertex 13.350000001490116 -12 0
    endloop
  endfacet
  facet normal 0 0 -1
    outer loop
      vertex 13.19059370458126 -12.636385597288609 0
      vertex 13.324060127139091 -11.73662806302309 0
      vertex 13.34349937736988 -11.867676861584187 0
    endloop
  endfacet
  facet normal 0 0 -1
    outer loop
      vertex 13.19059370458126 -12.636385597288609 0
      vertex 13.291869454085827 -11.608115687966347 0
      vertex 13.324060127139091 -11.73662806302309 0
    endloop
  endfacet
  facet normal 0 0 -1
    outer loop
      vertex 13.19059370458126 -12.636385597288609 0
      vertex 13.247237369418144 -11.483377367258072 0
      vertex 13.291869454085827 -11.608115687966347 0
    endloop
  endfacet
  facet normal 0 0 -1
    outer loop
      vertex 11.867676861584187 -13.34349937736988 0
      vertex 10.956435889005661 -11.143569067120552 0
      vertex 11.045405842363834 -11.045405842363834 0
    endloop
  endfacet
  facet normal 0 0 -1
    outer loop
      vertex 11.867676861584187 -13.34349937736988 0
      vertex 11.045405842363834 -11.045405842363834 0
      vertex 11.143569067120552 -10.956435889005661 0
    endloop
  endfacet
  facet normal 0 0 -1
    outer loop
      vertex 11.867676861584187 -13.34349937736988 0
      vertex 11.143569067120552 -10.956435889005661 0
      vertex 11.249980188906193 -10.877516023814678 0
    endloop
  endfacet
  facet normal 0 0 -1
    outer loop
      vertex 11.867676861584187 -13.34349937736988 0
      vertex 11.249980188906193 -10.877516023814678 0
      vertex 11.363614402711391 -10.80940629541874 0
    endloop
  endfacet
  facet normal 0 0 -1
    outer loop
      vertex 11.867676861584187 -13.34349937736988 0
      vertex 11.363614402711391 -10.80940629541874 0
      vertex 11.38350234925747 -10.799999997019768 0
    endloop
  endfacet
  facet normal 0 0 -1
    outer loop
      vertex 10.899999998509884 -10.799999997019768 0
      vertex 10.899999998509884 -10.3303834348917 0
      vertex 11.38350234925747 -10.799999997019768 0
    endloop
  endfacet
  facet normal 0 0 -1
    outer loop
      vertex 11.649999998509884 -11.649999998509884 0
      vertex 11.38350234925747 -10.799999997019768 0
      vertex 11.649999998509884 -9.149999998509884 0
    endloop
  endfacet
  facet normal 0 0 -1
    outer loop
      vertex 12.350000001490116 -11.649999998509884 0
      vertex 12.350000001490116 -9.149999998509884 0
      vertex 12.61649765074253 -10.799999997019768 0
    endloop
  endfacet
  facet normal 0 0 -1
    outer loop
      vertex 11.38350234925747 -10.799999997019768 0
      vertex 10.899999998509884 -10.3303834348917 0
      vertex 11.649999998509884 -9.149999998509884 0
    endloop
  endfacet
  facet normal 0 0 -1
    outer loop
      vertex 13.19059370458126 -12.636385597288609 0
      vertex 13.043564110994339 -11.143569067120552 0
      vertex 13.122483976185322 -11.249980188906193 0
    endloop
  endfacet
  facet normal 0 0 -1
    outer loop
      vertex 13.19059370458126 -12.636385597288609 0
      vertex 12.954594157636166 -11.045405842363834 0
      vertex 13.043564110994339 -11.143569067120552 0
    endloop
  endfacet
  facet normal 0 0 -1
    outer loop
      vertex 13.19059370458126 -12.636385597288609 0
      vertex 12.636385597288609 -10.80940629541874 0
      vertex 12.750019811093807 -10.877516023814678 0
    endloop
  endfacet
  facet normal 0 0 -1
    outer loop
      vertex 13.19059370458126 -12.636385597288609 0
      vertex 12.750019811093807 -10.877516023814678 0
      vertex 12.856430932879448 -10.956435889005661 0
    endloop
  endfacet
  facet normal 0 0 -1
    outer loop
      vertex 13.19059370458126 -12.636385597288609 0
      vertex 12.856430932879448 -10.956435889005661 0
      vertex 12.954594157636166 -11.045405842363834 0
    endloop
  endfacet
  facet normal 0 0 -1
    outer loop
      vertex 13.19059370458126 -12.636385597288609 0
      vertex 12.61649765074253 -10.799999997019768 0
      vertex 12.636385597288609 -10.80940629541874 0
    endloop
  endfacet
  facet normal 0 0 -1
    outer loop
      vertex 13.19059370458126 -12.636385597288609 0
      vertex 13.19059370458126 -11.363614402711391 0
      vertex 13.247237369418144 -11.483377367258072 0
    endloop
  endfacet
  facet normal 0 0 -1
    outer loop
      vertex 13.19059370458126 -12.636385597288609 0
      vertex 13.122483976185322 -11.249980188906193 0
      vertex 13.19059370458126 -11.363614402711391 0
    endloop
  endfacet
  facet normal 0 0 -1
    outer loop
      vertex 12.61649765074253 -10.799999997019768 0
      vertex 13.100000001490116 -10.3303834348917 0
      vertex 13.100000001490116 -10.799999997019768 0
    endloop
  endfacet
  facet normal 0 0 -1
    outer loop
      vertex 12.350000001490116 -9.149999998509884 0
      vertex 13.100000001490116 -10.3303834348917 0
      vertex 12.61649765074253 -10.799999997019768 0
    endloop
  endfacet
  facet normal 0 0 -1
    outer loop
      vertex 12.3901806473732 -13.96157056093216 0
      vertex 27.111100003123283 -13.497720003128052 0
      vertex 12.196034282445908 -13.990369454026222 0
    endloop
  endfacet
  facet normal 0 0 -1
    outer loop
      vertex 12.580569356679916 -13.913880668580532 0
      vertex 27.111100003123283 -13.497720003128052 0
      vertex 12.3901806473732 -13.96157056093216 0
    endloop
  endfacet
  facet normal 0 0 -1
    outer loop
      vertex 12.765366867184639 -13.847759068012238 0
      vertex 27.111100003123283 -13.497720003128052 0
      vertex 12.580569356679916 -13.913880668580532 0
    endloop
  endfacet
  facet normal 0 0 -1
    outer loop
      vertex 12.942793473601341 -13.763842530548573 0
      vertex 27.111100003123283 -13.497720003128052 0
      vertex 12.765366867184639 -13.847759068012238 0
    endloop
  endfacet
  facet normal 0 0 -1
    outer loop
      vertex 13.111140467226505 -13.662939228117466 0
      vertex 27.111100003123283 -13.497720003128052 0
      vertex 12.942793473601341 -13.763842530548573 0
    endloop
  endfacet
  facet normal 0 0 -1
    outer loop
      vertex 13.268786571919918 -13.546020910143852 0
      vertex 27.111100003123283 -13.497720003128052 0
      vertex 13.111140467226505 -13.662939228117466 0
    endloop
  endfacet
  facet normal 0 0 -1
    outer loop
      vertex 13.414213560521603 -13.414213560521603 0
      vertex 27.111100003123283 -13.497720003128052 0
      vertex 13.268786571919918 -13.546020910143852 0
    endloop
  endfacet
  facet normal 0 0 -1
    outer loop
      vertex 13.546020910143852 -13.268786571919918 0
      vertex 27.111100003123283 -13.497720003128052 0
      vertex 13.414213560521603 -13.414213560521603 0
    endloop
  endfacet
  facet normal 0 0 -1
    outer loop
      vertex 13.662939228117466 -13.111140467226505 0
      vertex 27.111100003123283 -13.497720003128052 0
      vertex 13.546020910143852 -13.268786571919918 0
    endloop
  endfacet
  facet normal 0 0 -1
    outer loop
      vertex 13.763842530548573 -12.942793473601341 0
      vertex 27.111100003123283 -13.497720003128052 0
      vertex 13.662939228117466 -13.111140467226505 0
    endloop
  endfacet
  facet normal 0 0 -1
    outer loop
      vertex 13.847759068012238 -12.765366867184639 0
      vertex 27.111100003123283 -13.497720003128052 0
      vertex 13.763842530548573 -12.942793473601341 0
    endloop
  endfacet
  facet normal 0 0 -1
    outer loop
      vertex 13.913880668580532 -12.580569356679916 0
      vertex 27.111100003123283 -13.497720003128052 0
      vertex 13.847759068012238 -12.765366867184639 0
    endloop
  endfacet
  facet normal 0 0 -1
    outer loop
      vertex 13.96157056093216 -12.3901806473732 0
      vertex 27.111100003123283 -13.497720003128052 0
      vertex 13.913880668580532 -12.580569356679916 0
    endloop
  endfacet
  facet normal 0 0 -1
    outer loop
      vertex 13.990369454026222 -12.196034282445908 0
      vertex 27.111100003123283 -12.881999999284744 0
      vertex 13.96157056093216 -12.3901806473732 0
    endloop
  endfacet
  facet normal 0 0 -1
    outer loop
      vertex 14 -12 0
      vertex 27.111100003123283 -12.881999999284744 0
      vertex 13.990369454026222 -12.196034282445908 0
    endloop
  endfacet
  facet normal 0 0 -1
    outer loop
      vertex 13.990369454026222 -11.803965717554092 0
      vertex 27.111100003123283 -12.881999999284744 0
      vertex 14 -12 0
    endloop
  endfacet
  facet normal 0 0 -1
    outer loop
      vertex 13.96157056093216 -11.6098193526268 0
      vertex 27.111100003123283 -10.503119997680187 0
      vertex 13.990369454026222 -11.803965717554092 0
    endloop
  endfacet
  facet normal 0 0 -1
    outer loop
      vertex 13.546020910143852 -10.731213428080082 0
      vertex 27.111100003123283 -10.503119997680187 0
      vertex 13.662939228117466 -10.888859532773495 0
    endloop
  endfacet
  facet normal 0 0 -1
    outer loop
      vertex 13.96157056093216 -11.6098193526268 0
      vertex 13.913880668580532 -11.419430643320084 0
      vertex 27.111100003123283 -10.503119997680187 0
    endloop
  endfacet
  facet normal 0 0 -1
    outer loop
      vertex 13.847759068012238 -11.234633132815361 0
      vertex 27.111100003123283 -10.503119997680187 0
      vertex 13.913880668580532 -11.419430643320084 0
    endloop
  endfacet
  facet normal 0 0 -1
    outer loop
      vertex 13.763842530548573 -11.057206526398659 0
      vertex 27.111100003123283 -10.503119997680187 0
      vertex 13.847759068012238 -11.234633132815361 0
    endloop
  endfacet
  facet normal 0 0 -1
    outer loop
      vertex 13.662939228117466 -10.888859532773495 0
      vertex 27.111100003123283 -10.503119997680187 0
      vertex 13.763842530548573 -11.057206526398659 0
    endloop
  endfacet
  facet normal 0 0 -1
    outer loop
      vertex 13.414213560521603 -10.585786439478397 0
      vertex 27.111100003123283 -10.503119997680187 0
      vertex 13.546020910143852 -10.731213428080082 0
    endloop
  endfacet
  facet normal 0 0 -1
    outer loop
      vertex 13.268786571919918 -10.453979089856148 0
      vertex 27.111100003123283 -10.503119997680187 0
      vertex 13.414213560521603 -10.585786439478397 0
    endloop
  endfacet
  facet normal 0 0 -1
    outer loop
      vertex 13.111140467226505 -10.337060771882534 0
      vertex 27.111100003123283 -10.503119997680187 0
      vertex 13.268786571919918 -10.453979089856148 0
    endloop
  endfacet
  facet normal 0 0 -1
    outer loop
      vertex 13.100000001490116 -10.3303834348917 0
      vertex 27.111100003123283 -10.503119997680187 0
      vertex 13.111140467226505 -10.337060771882534 0
    endloop
  endfacet
  facet normal 0 0 1
    outer loop
      vertex -39.9039264023304 -14.975451610982418 2.4
      vertex 36.349999999999994 -13.75 2.4
      vertex 21.15 -7.35 2.4
    endloop
  endfacet
  facet normal 0 -1 0
    outer loop
      vertex -35 -19 2.4
      vertex 35 -19 0
      vertex 35 -19 2.4
    endloop
  endfacet
  facet normal 0 0 1
    outer loop
      vertex -35 -19 2.4
      vertex 35 -19 2.4
      vertex 35.97545161098242 -18.9039264023304 2.4
    endloop
  endfacet
  facet normal 0 0 1
    outer loop
      vertex -35 -19 2.4
      vertex 35.97545161098242 -18.9039264023304 2.4
      vertex 36.45142338424921 -18.78470167517662 2.4
    endloop
  endfacet
  facet normal 0 0 1
    outer loop
      vertex -35.49008569866419 -18.975923635065556 2.4
      vertex 36.45142338424921 -18.78470167517662 2.4
      vertex 36.91341716051102 -18.619397662580013 2.4
    endloop
  endfacet
  facet normal 0 0 1
    outer loop
      vertex -35.97545161098242 -18.9039264023304 2.4
      vertex 36.91341716051102 -18.619397662580013 2.4
      vertex 37.35698368400335 -18.40960632264614 2.4
    endloop
  endfacet
  facet normal 0 0 1
    outer loop
      vertex -36.45142338424921 -18.78470167517662 2.4
      vertex 37.35698368400335 -18.40960632264614 2.4
      vertex 37.77785116434097 -18.157348059117794 2.4
    endloop
  endfacet
  facet normal 0 0 1
    outer loop
      vertex -36.91341716051102 -18.619397662580013 2.4
      vertex 37.77785116434097 -18.157348059117794 2.4
      vertex 38.171966418623924 -17.86505226790905 2.4
    endloop
  endfacet
  facet normal 0 0 1
    outer loop
      vertex -37.35698368400335 -18.40960632264614 2.4
      vertex 38.171966418623924 -17.86505226790905 2.4
      vertex 38.5355339050293 -17.535533905029297 2.4
    endloop
  endfacet
  facet normal 0 0 1
    outer loop
      vertex -37.77785116434097 -18.157348059117794 2.4
      vertex 38.5355339050293 -17.535533905029297 2.4
      vertex 38.86505226790905 -17.171966418623924 2.4
    endloop
  endfacet
  facet normal 0 0 1
    outer loop
      vertex -38.171966418623924 -17.86505226790905 2.4
      vertex 38.86505226790905 -17.171966418623924 2.4
      vertex 39.157348059117794 -16.777851164340973 2.4
    endloop
  endfacet
  facet normal 0 0 1
    outer loop
      vertex -34.75 -16.75 2.4
      vertex 39.157348059117794 -16.777851164340973 2.4
      vertex 34.75 -16.75 2.4
    endloop
  endfacet
  facet normal 0 0 1
    outer loop
      vertex -34.75 -15.350000000000001 2.4
      vertex 34.75 -15.350000000000001 2.4
      vertex 40 -14 2.4
    endloop
  endfacet
  facet normal 0 0 1
    outer loop
      vertex -39.9039264023304 -14.975451610982418 2.4
      vertex 37.75 -13.75 2.4
      vertex 36.349999999999994 -13.75 2.4
    endloop
  endfacet
  facet normal 0 0 1
    outer loop
      vertex -39.9039264023304 -14.975451610982418 2.4
      vertex 40 -14 2.4
      vertex 37.75 -13.75 2.4
    endloop
  endfacet
  facet normal 0 0 -1
    outer loop
      vertex -10.494960642282255 -5.002004930056475 0
      vertex 11.649999998509884 -9.149999998509884 0
      vertex 6.49337999522686 -10.589319996535778 0
    endloop
  endfacet
  facet normal 0 0 -1
    outer loop
      vertex -6.264594250765408 -3.9423533121499585 0
      vertex 6.6665918116000284 -4.24049502274298 0
      vertex 11.649999998509884 -9.149999998509884 0
    endloop
  endfacet
  facet normal 0 0 -1
    outer loop
      vertex 11.649999998509884 -9.149999998509884 0
      vertex 6.6665918116000284 -4.24049502274298 0
      vertex 7.095876642187412 -4.49779844817661 0
    endloop
  endfacet
  facet normal 0 0 -1
    outer loop
      vertex 11.649999998509884 -9.149999998509884 0
      vertex 7.548314494938042 -4.711785615807562 0
      vertex 8.019548146002242 -4.8803957122342645 0
    endloop
  endfacet
  facet normal 0 0 -1
    outer loop
      vertex 11.649999998509884 -9.149999998509884 0
      vertex 7.095876642187412 -4.49779844817661 0
      vertex 7.548314494938042 -4.711785615807562 0
    endloop
  endfacet
  facet normal 0 0 -1
    outer loop
      vertex 11.649999998509884 -9.149999998509884 0
      vertex 8.019548146002242 -4.8803957122342645 0
      vertex 8.505039357717745 -5.002004930056475 0
    endloop
  endfacet
  facet normal 0 0 -1
    outer loop
      vertex 11.649999998509884 -9.149999998509884 0
      vertex 8.505039357717745 -5.002004930056475 0
      vertex 9.000112584319242 -5.075442106028204 0
    endloop
  endfacet
  facet normal 0 0 -1
    outer loop
      vertex -6.264594250765408 -3.9423533121499585 0
      vertex 6.264594250765408 -3.9423533121499585 0
      vertex 6.6665918116000284 -4.24049502274298 0
    endloop
  endfacet
  facet normal 0 0 -1
    outer loop
      vertex -5.893755415948608 -3.6062445840513924 0
      vertex 5.893755415948608 -3.6062445840513924 0
      vertex 6.264594250765408 -3.9423533121499585 0
    endloop
  endfacet
  facet normal 0 0 -1
    outer loop
      vertex -5.557646687850042 -3.235405749234592 0
      vertex 5.557646687850042 -3.235405749234592 0
      vertex 5.893755415948608 -3.6062445840513924 0
    endloop
  endfacet
  facet normal 0 0 -1
    outer loop
      vertex -5.25950497725702 -2.833408188399971 0
      vertex 5.25950497725702 -2.833408188399971 0
      vertex 5.557646687850042 -3.235405749234592 0
    endloop
  endfacet
  facet normal 0 0 -1
    outer loop
      vertex -5.00220155182339 -2.404123357812588 0
      vertex 5.00220155182339 -2.404123357812588 0
      vertex 5.25950497725702 -2.833408188399971 0
    endloop
  endfacet
  facet normal 0 0 -1
    outer loop
      vertex -4.788214384192438 -1.9516855050619577 0
      vertex 4.788214384192438 -1.9516855050619577 0
      vertex 5.00220155182339 -2.404123357812588 0
    endloop
  endfacet
  facet normal 0 0 -1
    outer loop
      vertex -4.788214384192438 -1.9516855050619577 0
      vertex 4.6196042877657355 -1.4804518539977578 0
      vertex 4.788214384192438 -1.9516855050619577 0
    endloop
  endfacet
  facet normal 0 0 -1
    outer loop
      vertex -4.788214384192438 -1.9516855050619577 0
      vertex 4.497995069943525 -0.994960642282254 0
      vertex 4.6196042877657355 -1.4804518539977578 0
    endloop
  endfacet
  facet normal 0 0 -1
    outer loop
      vertex -4.788214384192438 -1.9516855050619577 0
      vertex 4.424557893971796 -0.49988741568075906 0
      vertex 4.497995069943525 -0.994960642282254 0
    endloop
  endfacet
  facet normal 0 0 -1
    outer loop
      vertex -4.788214384192438 -1.9516855050619577 0
      vertex 4.4 0 0
      vertex 4.424557893971796 -0.49988741568075906 0
    endloop
  endfacet
  facet normal 0 0 -1
    outer loop
      vertex -4.788214384192438 -1.9516855050619577 0
      vertex 4.424557893971796 0.49988741568075906 0
      vertex 4.4 0 0
    endloop
  endfacet
  facet normal 0 0 -1
    outer loop
      vertex -4.788214384192438 -1.9516855050619577 0
      vertex 4.497995069943525 0.994960642282254 0
      vertex 4.424557893971796 0.49988741568075906 0
    endloop
  endfacet
  facet normal 0 0 -1
    outer loop
      vertex 12.350000001490116 -9.149999998509884 0
      vertex 11.649999998509884 -9.149999998509884 0
      vertex 11.451685505061958 -4.711785615807562 0
    endloop
  endfacet
  facet normal 0 0 -1
    outer loop
      vertex 11.649999998509884 -9.149999998509884 0
      vertex 9.000112584319242 -5.075442106028204 0
      vertex 9.5 -5.1 0
    endloop
  endfacet
  facet normal 0 0 -1
    outer loop
      vertex 11.649999998509884 -9.149999998509884 0
      vertex 9.5 -5.1 0
      vertex 9.999887415680758 -5.075442106028204 0
    endloop
  endfacet
  facet normal 0 0 -1
    outer loop
      vertex 11.649999998509884 -9.149999998509884 0
      vertex 9.999887415680758 -5.075442106028204 0
      vertex 10.494960642282255 -5.002004930056475 0
    endloop
  endfacet
  facet normal 0 0 -1
    outer loop
      vertex 11.649999998509884 -9.149999998509884 0
      vertex 10.494960642282255 -5.002004930056475 0
      vertex 10.980451853997758 -4.8803957122342645 0
    endloop
  endfacet
  facet normal 0 0 -1
    outer loop
      vertex 11.649999998509884 -9.149999998509884 0
      vertex 10.980451853997758 -4.8803957122342645 0
      vertex 11.451685505061958 -4.711785615807562 0
    endloop
  endfacet
  facet normal 0 0 -1
    outer loop
      vertex 12.350000001490116 -9.149999998509884 0
      vertex 11.451685505061958 -4.711785615807562 0
      vertex 11.904123357812587 -4.49779844817661 0
    endloop
  endfacet
  facet normal 0 0 -1
    outer loop
      vertex 12.350000001490116 -9.149999998509884 0
      vertex 11.904123357812587 -4.49779844817661 0
      vertex 12.333408188399972 -4.24049502274298 0
    endloop
  endfacet
  facet normal 0 0 -1
    outer loop
      vertex 12.350000001490116 -9.149999998509884 0
      vertex 27.505039357717745 -5.002004930056475 0
      vertex 13.100000001490116 -10.3303834348917 0
    endloop
  endfacet
  facet normal 0 0 -1
    outer loop
      vertex 12.350000001490116 -9.149999998509884 0
      vertex 12.333408188399972 -4.24049502274298 0
      vertex 25.66659181160003 -4.24049502274298 0
    endloop
  endfacet
  facet normal 0 0 -1
    outer loop
      vertex 12.333408188399972 -4.24049502274298 0
      vertex 12.735405749234591 -3.9423533121499585 0
      vertex 25.66659181160003 -4.24049502274298 0
    endloop
  endfacet
  facet normal 0 0 -1
    outer loop
      vertex 12.735405749234591 -3.9423533121499585 0
      vertex 13.106244584051392 -3.6062445840513924 0
      vertex 25.26459425076541 -3.9423533121499585 0
    endloop
  endfacet
  facet normal 0 0 -1
    outer loop
      vertex 13.106244584051392 -3.6062445840513924 0
      vertex 13.442353312149958 -3.235405749234592 0
      vertex 24.893755415948608 -3.6062445840513924 0
    endloop
  endfacet
  facet normal 0 0 -1
    outer loop
      vertex 13.74049502274298 -2.833408188399971 0
      vertex 24.557646687850042 -3.235405749234592 0
      vertex 13.442353312149958 -3.235405749234592 0
    endloop
  endfacet
  facet normal 0 0 -1
    outer loop
      vertex 13.99779844817661 -2.404123357812588 0
      vertex 24.25950497725702 -2.833408188399971 0
      vertex 13.74049502274298 -2.833408188399971 0
    endloop
  endfacet
  facet normal 0 0 -1
    outer loop
      vertex 14.211785615807562 -1.9516855050619577 0
      vertex 24.00220155182339 -2.404123357812588 0
      vertex 13.99779844817661 -2.404123357812588 0
    endloop
  endfacet
  facet normal 0 0 -1
    outer loop
      vertex 14.380395712234264 -1.4804518539977578 0
      vertex 23.788214384192436 -1.9516855050619577 0
      vertex 14.211785615807562 -1.9516855050619577 0
    endloop
  endfacet
  facet normal 0 0 -1
    outer loop
      vertex 14.502004930056476 -0.994960642282254 0
      vertex 23.619604287765736 -1.4804518539977578 0
      vertex 14.380395712234264 -1.4804518539977578 0
    endloop
  endfacet
  facet normal 0 0 -1
    outer loop
      vertex 14.575442106028204 -0.49988741568075906 0
      vertex 23.497995069943524 -0.994960642282254 0
      vertex 14.502004930056476 -0.994960642282254 0
    endloop
  endfacet
  facet normal 0 0 -1
    outer loop
      vertex 14.6 0 0
      vertex 23.424557893971794 -0.49988741568075906 0
      vertex 14.575442106028204 -0.49988741568075906 0
    endloop
  endfacet
  facet normal 0 0 1
    outer loop
      vertex -2.15 -6.15 2.4
      vertex 2.1499999999999995 -7.35 2.4
      vertex 2.15 -6.15 2.4
    endloop
  endfacet
  facet normal 0 0 1
    outer loop
      vertex 3.35 -6.15 2.4
      vertex 6.6665918116000284 -4.24049502274298 2.4
      vertex 6.264594250765408 -3.9423533121499585 2.4
    endloop
  endfacet
  facet normal 0 0 1
    outer loop
      vertex 3.35 -6.15 2.4
      vertex 7.548314494938042 -4.711785615807562 2.4
      vertex 7.095876642187412 -4.49779844817661 2.4
    endloop
  endfacet
  facet normal 0 0 1
    outer loop
      vertex 3.35 -6.15 2.4
      vertex 7.095876642187412 -4.49779844817661 2.4
      vertex 6.6665918116000284 -4.24049502274298 2.4
    endloop
  endfacet
  facet normal 0 0 1
    outer loop
      vertex 3.35 -6.15 2.4
      vertex 8.505039357717745 -5.002004930056475 2.4
      vertex 8.019548146002242 -4.8803957122342645 2.4
    endloop
  endfacet
  facet normal 0 0 1
    outer loop
      vertex 3.35 -6.15 2.4
      vertex 9.000112584319242 -5.075442106028204 2.4
      vertex 8.505039357717745 -5.002004930056475 2.4
    endloop
  endfacet
  facet normal 0 0 1
    outer loop
      vertex 3.35 -6.15 2.4
      vertex 9.5 -5.1 2.4
      vertex 9.000112584319242 -5.075442106028204 2.4
    endloop
  endfacet
  facet normal 0 0 1
    outer loop
      vertex 3.35 -6.15 2.4
      vertex 8.019548146002242 -4.8803957122342645 2.4
      vertex 7.548314494938042 -4.711785615807562 2.4
    endloop
  endfacet
  facet normal 0 0 1
    outer loop
      vertex 3.35 -6.15 2.4
      vertex 9.999887415680758 -5.075442106028204 2.4
      vertex 9.5 -5.1 2.4
    endloop
  endfacet
  facet normal 0 0 1
    outer loop
      vertex 3.35 -6.15 2.4
      vertex 10.494960642282255 -5.002004930056475 2.4
      vertex 9.999887415680758 -5.075442106028204 2.4
    endloop
  endfacet
  facet normal 0 0 1
    outer loop
      vertex 3.35 -6.15 2.4
      vertex 15.65 -6.15 2.4
      vertex 10.494960642282255 -5.002004930056475 2.4
    endloop
  endfacet
  facet normal 0 0 1
    outer loop
      vertex 3.35 -6.15 2.4
      vertex 5.893755415948608 -3.6062445840513924 2.4
      vertex 5.557646687850042 -3.235405749234592 2.4
    endloop
  endfacet
  facet normal 0 0 1
    outer loop
      vertex 3.35 -6.15 2.4
      vertex 5.557646687850042 -3.235405749234592 2.4
      vertex 5.25950497725702 -2.833408188399971 2.4
    endloop
  endfacet
  facet normal 0 0 1
    outer loop
      vertex 3.35 -6.15 2.4
      vertex 5.25950497725702 -2.833408188399971 2.4
      vertex 5.00220155182339 -2.404123357812588 2.4
    endloop
  endfacet
  facet normal 0 0 1
    outer loop
      vertex 3.35 -6.15 2.4
      vertex 4.788214384192438 -1.9516855050619577 2.4
      vertex 4.6196042877657355 -1.4804518539977578 2.4
    endloop
  endfacet
  facet normal 0 0 1
    outer loop
      vertex 3.35 -6.15 2.4
      vertex 5.00220155182339 -2.404123357812588 2.4
      vertex 4.788214384192438 -1.9516855050619577 2.4
    endloop
  endfacet
  facet normal 0 0 1
    outer loop
      vertex 3.35 -6.15 2.4
      vertex 4.6196042877657355 -1.4804518539977578 2.4
      vertex 4.497995069943525 -0.994960642282254 2.4
    endloop
  endfacet
  facet normal 0 0 1
    outer loop
      vertex -2.15 -6.15 2.4
      vertex 2.15 -6.15 2.4
      vertex 2.15 6.15 2.4
    endloop
  endfacet
  facet normal 0 0 1
    outer loop
      vertex 3.35 -6.15 2.4
      vertex 4.497995069943525 -0.994960642282254 2.4
      vertex 3.35 6.15 2.4
    endloop
  endfacet
  facet normal 0 0 1
    outer loop
      vertex 3.35 -6.15 2.4
      vertex 6.264594250765408 -3.9423533121499585 2.4
      vertex 5.893755415948608 -3.6062445840513924 2.4
    endloop
  endfacet
  facet normal 0 0 1
    outer loop
      vertex 15.65 -6.15 2.4
      vertex 10.980451853997758 -4.8803957122342645 2.4
      vertex 10.494960642282255 -5.002004930056475 2.4
    endloop
  endfacet
  facet normal 0 0 1
    outer loop
      vertex 15.65 -6.15 2.4
      vertex 11.451685505061958 -4.711785615807562 2.4
      vertex 10.980451853997758 -4.8803957122342645 2.4
    endloop
  endfacet
  facet normal 0 0 1
    outer loop
      vertex 15.65 -6.15 2.4
      vertex 11.904123357812587 -4.49779844817661 2.4
      vertex 11.451685505061958 -4.711785615807562 2.4
    endloop
  endfacet
  facet normal 0 0 1
    outer loop
      vertex 15.65 -6.15 2.4
      vertex 12.333408188399972 -4.24049502274298 2.4
      vertex 11.904123357812587 -4.49779844817661 2.4
    endloop
  endfacet
  facet normal 0 0 1
    outer loop
      vertex 15.65 -6.15 2.4
      vertex 12.735405749234591 -3.9423533121499585 2.4
      vertex 12.333408188399972 -4.24049502274298 2.4
    endloop
  endfacet
  facet normal 0 0 1
    outer loop
      vertex 16.85 -7.35 2.4
      vertex 21.15 -7.35 2.4
      vertex 16.85 -6.15 2.4
    endloop
  endfacet
  facet normal 0 0 1
    outer loop
      vertex 16.85 -6.15 2.4
      vertex 21.15 -7.35 2.4
      vertex 21.15 -6.15 2.4
    endloop
  endfacet
  facet normal 0 0 1
    outer loop
      vertex 15.65 -6.15 2.4
      vertex 13.106244584051392 -3.6062445840513924 2.4
      vertex 12.735405749234591 -3.9423533121499585 2.4
    endloop
  endfacet
  facet normal 0 0 1
    outer loop
      vertex 15.65 -6.15 2.4
      vertex 13.442353312149958 -3.235405749234592 2.4
      vertex 13.106244584051392 -3.6062445840513924 2.4
    endloop
  endfacet
  facet normal 0 0 1
    outer loop
      vertex 15.65 -6.15 2.4
      vertex 13.74049502274298 -2.833408188399971 2.4
      vertex 13.442353312149958 -3.235405749234592 2.4
    endloop
  endfacet
  facet normal 0 0 1
    outer loop
      vertex 15.65 -6.15 2.4
      vertex 13.99779844817661 -2.404123357812588 2.4
      vertex 13.74049502274298 -2.833408188399971 2.4
    endloop
  endfacet
  facet normal 0 0 1
    outer loop
      vertex 15.65 -6.15 2.4
      vertex 14.211785615807562 -1.9516855050619577 2.4
      vertex 13.99779844817661 -2.404123357812588 2.4
    endloop
  endfacet
  facet normal 0 0 1
    outer loop
      vertex 15.65 -6.15 2.4
      vertex 14.380395712234264 -1.4804518539977578 2.4
      vertex 14.211785615807562 -1.9516855050619577 2.4
    endloop
  endfacet
  facet normal 0 0 1
    outer loop
      vertex 15.65 -6.15 2.4
      vertex 14.502004930056476 -0.994960642282254 2.4
      vertex 14.380395712234264 -1.4804518539977578 2.4
    endloop
  endfacet
  facet normal 0 0 1
    outer loop
      vertex 15.65 -6.15 2.4
      vertex 14.575442106028204 -0.49988741568075906 2.4
      vertex 14.502004930056476 -0.994960642282254 2.4
    endloop
  endfacet
  facet normal 0 0 1
    outer loop
      vertex 15.65 -6.15 2.4
      vertex 14.6 0 2.4
      vertex 14.575442106028204 -0.49988741568075906 2.4
    endloop
  endfacet
  facet normal 0 0 1
    outer loop
      vertex 15.65 -6.15 2.4
      vertex 14.575442106028204 0.49988741568075906 2.4
      vertex 14.6 0 2.4
    endloop
  endfacet
  facet normal 0 0 1
    outer loop
      vertex 15.65 -6.15 2.4
      vertex 14.502004930056476 0.994960642282254 2.4
      vertex 14.575442106028204 0.49988741568075906 2.4
    endloop
  endfacet
  facet normal 0 0 1
    outer loop
      vertex 16.85 -6.15 2.4
      vertex 21.15 -6.15 2.4
      vertex 21.15 6.15 2.4
    endloop
  endfacet
  facet normal 0 0 -1
    outer loop
      vertex 40 -14 0
      vertex 12 -14 0
      vertex 12.196034282445908 -13.990369454026222 0
    endloop
  endfacet
  facet normal 0 0 -1
    outer loop
      vertex 13.96157056093216 -12.3901806473732 0
      vertex 27.111100003123283 -12.881999999284744 0
      vertex 27.111100003123283 -13.497720003128052 0
    endloop
  endfacet
  facet normal 0 0 -1
    outer loop
      vertex 13.990369454026222 -11.803965717554092 0
      vertex 27.111100003123283 -11.1216000020504 0
      vertex 27.111100003123283 -12.881999999284744 0
    endloop
  endfacet
  facet normal 0 0 -1
    outer loop
      vertex 13.990369454026222 -11.803965717554092 0
      vertex 27.111100003123283 -10.503119997680187 0
      vertex 27.111100003123283 -11.1216000020504 0
    endloop
  endfacet
  facet normal 0 0 -1
    outer loop
      vertex 40 -14 0
      vertex 12.196034282445908 -13.990369454026222 0
      vertex 27.111100003123283 -13.497720003128052 0
    endloop
  endfacet
  facet normal 0 0 -1
    outer loop
      vertex 27.111100003123283 -12.881999999284744 0
      vertex 27.111100003123283 -11.1216000020504 0
      vertex 29.367899999022484 -12.003159999847412 0
    endloop
  endfacet
  facet normal 0 0 -1
    outer loop
      vertex 35 -19 0
      vertex 35.97545161098242 -18.9039264023304 0
      vertex 35.49008569866419 -18.975923635065556 0
    endloop
  endfacet
  facet normal 0.049067671159865246 -0.9987954563607843 0
    outer loop
      vertex 35 -19 0
      vertex 35.49008569866419 -18.975923635065556 0
      vertex 35 -19 2.4
    endloop
  endfacet
  facet normal 0.14673047607854153 -0.989176509724005 0
    outer loop
      vertex 35.49008569866419 -18.975923635065556 0
      vertex 35.97545161098242 -18.9039264023304 0
      vertex 35.49008569866419 -18.975923635065556 2.4
    endloop
  endfacet
  facet normal 0.24298018859287093 -0.9700312510179105 0
    outer loop
      vertex 35.97545161098242 -18.9039264023304 0
      vertex 36.45142338424921 -18.78470167517662 0
      vertex 35.97545161098242 -18.9039264023304 2.4
    endloop
  endfacet
  facet normal 0.33688984659619614 -0.941544067614677 0
    outer loop
      vertex 36.45142338424921 -18.78470167517662 0
      vertex 36.91341716051102 -18.619397662580013 0
      vertex 36.45142338424921 -18.78470167517662 2.4
    endloop
  endfacet
  facet normal 0.42755509102775247 -0.9039892942597553 0
    outer loop
      vertex 36.91341716051102 -18.619397662580013 0
      vertex 37.35698368400335 -18.40960632264614 0
      vertex 36.91341716051102 -18.619397662580013 2.4
    endloop
  endfacet
  facet normal 0.5141027497065688 -0.8577286066956991 0
    outer loop
      vertex 37.35698368400335 -18.40960632264614 0
      vertex 37.77785116434097 -18.157348059117794 0
      vertex 37.35698368400335 -18.40960632264614 2.4
    endloop
  endfacet
  facet normal 0.5956993013048966 -0.8032075338446832 0
    outer loop
      vertex 37.77785116434097 -18.157348059117794 0
      vertex 38.171966418623924 -17.86505226790905 0
      vertex 37.77785116434097 -18.157348059117794 2.4
    endloop
  endfacet
  facet normal 0.6715589557743871 -0.7409511245144411 0
    outer loop
      vertex 38.171966418623924 -17.86505226790905 0
      vertex 38.5355339050293 -17.535533905029297 0
      vertex 38.171966418623924 -17.86505226790905 2.4
    endloop
  endfacet
  facet normal 0.7409511245144411 -0.6715589557743871 0
    outer loop
      vertex 38.5355339050293 -17.535533905029297 0
      vertex 38.86505226790905 -17.171966418623924 0
      vertex 38.5355339050293 -17.535533905029297 2.4
    endloop
  endfacet
  facet normal 0.8032075338446832 -0.5956993013048966 0
    outer loop
      vertex 38.86505226790905 -17.171966418623924 0
      vertex 39.157348059117794 -16.777851164340973 0
      vertex 38.86505226790905 -17.171966418623924 2.4
    endloop
  endfacet
  facet normal 0.8577286066956991 -0.5141027497065688 0
    outer loop
      vertex 39.157348059117794 -16.777851164340973 0
      vertex 39.40960632264614 -16.356983684003353 0
      vertex 39.157348059117794 -16.777851164340973 2.4
    endloop
  endfacet
  facet normal 0.9039892942597553 -0.42755509102775247 0
    outer loop
      vertex 39.40960632264614 -16.356983684003353 0
      vertex 39.61939766258001 -15.913417160511017 0
      vertex 39.40960632264614 -16.356983684003353 2.4
    endloop
  endfacet
  facet normal 0.941544067614677 -0.33688984659619614 0
    outer loop
      vertex 39.61939766258001 -15.913417160511017 0
      vertex 39.78470167517662 -15.45142338424921 0
      vertex 39.61939766258001 -15.913417160511017 2.4
    endloop
  endfacet
  facet normal 0.9700312510179105 -0.24298018859287093 0
    outer loop
      vertex 39.78470167517662 -15.45142338424921 0
      vertex 39.9039264023304 -14.975451610982418 0
      vertex 39.78470167517662 -15.45142338424921 2.4
    endloop
  endfacet
  facet normal 0.989176509724005 -0.14673047607854153 0
    outer loop
      vertex 39.9039264023304 -14.975451610982418 0
      vertex 39.975923635065556 -14.490085698664188 0
      vertex 39.9039264023304 -14.975451610982418 2.4
    endloop
  endfacet
  facet normal 0.9987954563607843 -0.049067671159865246 0
    outer loop
      vertex 39.975923635065556 -14.490085698664188 0
      vertex 40 -14 0
      vertex 39.975923635065556 -14.490085698664188 2.4
    endloop
  endfacet
  facet normal 0 0 -1
    outer loop
      vertex 40 -14 0
      vertex 27.111100003123283 -13.497720003128052 0
      vertex 29.89682000130415 -12.43716000020504 0
    endloop
  endfacet
  facet normal 0 0 -1
    outer loop
      vertex 40 -14 0
      vertex 29.89682000130415 -12.43716000020504 0
      vertex 29.89682000130415 -11.563720002770424 0
    endloop
  endfacet
  facet normal 0 0 -1
    outer loop
      vertex 40 -14 0
      vertex 29.89682000130415 -11.563720002770424 0
      vertex 27.505039357717745 -5.002004930056475 0
    endloop
  endfacet
  facet normal 0.049067671159865246 -0.9987954563607843 0
    outer loop
      vertex 35.49008569866419 -18.975923635065556 0
      vertex 35.49008569866419 -18.975923635065556 2.4
      vertex 35 -19 2.4
    endloop
  endfacet
  facet normal 0.14673047607854153 -0.989176509724005 0
    outer loop
      vertex 35.97545161098242 -18.9039264023304 0
      vertex 35.97545161098242 -18.9039264023304 2.4
      vertex 35.49008569866419 -18.975923635065556 2.4
    endloop
  endfacet
  facet normal 0.24298018859287093 -0.9700312510179105 0
    outer loop
      vertex 36.45142338424921 -18.78470167517662 0
      vertex 36.45142338424921 -18.78470167517662 2.4
      vertex 35.97545161098242 -18.9039264023304 2.4
    endloop
  endfacet
  facet normal 0.33688984659619614 -0.941544067614677 0
    outer loop
      vertex 36.91341716051102 -18.619397662580013 0
      vertex 36.91341716051102 -18.619397662580013 2.4
      vertex 36.45142338424921 -18.78470167517662 2.4
    endloop
  endfacet
  facet normal 0.42755509102775247 -0.9039892942597553 0
    outer loop
      vertex 37.35698368400335 -18.40960632264614 0
      vertex 37.35698368400335 -18.40960632264614 2.4
      vertex 36.91341716051102 -18.619397662580013 2.4
    endloop
  endfacet
  facet normal 0.5141027497065688 -0.8577286066956991 0
    outer loop
      vertex 37.77785116434097 -18.157348059117794 0
      vertex 37.77785116434097 -18.157348059117794 2.4
      vertex 37.35698368400335 -18.40960632264614 2.4
    endloop
  endfacet
  facet normal 0.5956993013048966 -0.8032075338446832 0
    outer loop
      vertex 38.171966418623924 -17.86505226790905 0
      vertex 38.171966418623924 -17.86505226790905 2.4
      vertex 37.77785116434097 -18.157348059117794 2.4
    endloop
  endfacet
  facet normal 0.6715589557743871 -0.7409511245144411 0
    outer loop
      vertex 38.5355339050293 -17.535533905029297 0
      vertex 38.5355339050293 -17.535533905029297 2.4
      vertex 38.171966418623924 -17.86505226790905 2.4
    endloop
  endfacet
  facet normal 0.7409511245144411 -0.6715589557743871 0
    outer loop
      vertex 38.86505226790905 -17.171966418623924 0
      vertex 38.86505226790905 -17.171966418623924 2.4
      vertex 38.5355339050293 -17.535533905029297 2.4
    endloop
  endfacet
  facet normal 0.8032075338446832 -0.5956993013048966 0
    outer loop
      vertex 39.157348059117794 -16.777851164340973 0
      vertex 39.157348059117794 -16.777851164340973 2.4
      vertex 38.86505226790905 -17.171966418623924 2.4
    endloop
  endfacet
  facet normal 0.8577286066956991 -0.5141027497065688 0
    outer loop
      vertex 39.40960632264614 -16.356983684003353 0
      vertex 39.40960632264614 -16.356983684003353 2.4
      vertex 39.157348059117794 -16.777851164340973 2.4
    endloop
  endfacet
  facet normal 0.9039892942597553 -0.42755509102775247 0
    outer loop
      vertex 39.61939766258001 -15.913417160511017 0
      vertex 39.61939766258001 -15.913417160511017 2.4
      vertex 39.40960632264614 -16.356983684003353 2.4
    endloop
  endfacet
  facet normal 0.941544067614677 -0.33688984659619614 0
    outer loop
      vertex 39.78470167517662 -15.45142338424921 0
      vertex 39.78470167517662 -15.45142338424921 2.4
      vertex 39.61939766258001 -15.913417160511017 2.4
    endloop
  endfacet
  facet normal 0.9700312510179105 -0.24298018859287093 0
    outer loop
      vertex 39.9039264023304 -14.975451610982418 0
      vertex 39.9039264023304 -14.975451610982418 2.4
      vertex 39.78470167517662 -15.45142338424921 2.4
    endloop
  endfacet
  facet normal 0.989176509724005 -0.14673047607854153 0
    outer loop
      vertex 39.975923635065556 -14.490085698664188 0
      vertex 39.975923635065556 -14.490085698664188 2.4
      vertex 39.9039264023304 -14.975451610982418 2.4
    endloop
  endfacet
  facet normal 0 0 1
    outer loop
      vertex 35 -19 2.4
      vertex 35.49008569866419 -18.975923635065556 2.4
      vertex 35.97545161098242 -18.9039264023304 2.4
    endloop
  endfacet
  facet normal 0 0 1
    outer loop
      vertex 34.75 -16.75 2.4
      vertex 39.157348059117794 -16.777851164340973 2.4
      vertex 39.40960632264614 -16.356983684003353 2.4
    endloop
  endfacet
  facet normal 0 0 1
    outer loop
      vertex 34.75 -16.75 2.4
      vertex 39.78470167517662 -15.45142338424921 2.4
      vertex 34.75 -15.350000000000001 2.4
    endloop
  endfacet
  facet normal 0 0 1
    outer loop
      vertex 34.75 -16.75 2.4
      vertex 39.40960632264614 -16.356983684003353 2.4
      vertex 39.61939766258001 -15.913417160511017 2.4
    endloop
  endfacet
  facet normal 0 0 1
    outer loop
      vertex 34.75 -16.75 2.4
      vertex 39.61939766258001 -15.913417160511017 2.4
      vertex 39.78470167517662 -15.45142338424921 2.4
    endloop
  endfacet
  facet normal 0 0 1
    outer loop
      vertex 34.75 -15.350000000000001 2.4
      vertex 39.78470167517662 -15.45142338424921 2.4
      vertex 39.9039264023304 -14.975451610982418 2.4
    endloop
  endfacet
  facet normal 0 0 1
    outer loop
      vertex 34.75 -15.350000000000001 2.4
      vertex 39.9039264023304 -14.975451610982418 2.4
      vertex 39.975923635065556 -14.490085698664188 2.4
    endloop
  endfacet
  facet normal 0 0 1
    outer loop
      vertex 34.75 -15.350000000000001 2.4
      vertex 39.975923635065556 -14.490085698664188 2.4
      vertex 40 -14 2.4
    endloop
  endfacet
  facet normal 0.9987954563607843 -0.049067671159865246 0
    outer loop
      vertex 40 -14 0
      vertex 40 -14 2.4
      vertex 39.975923635065556 -14.490085698664188 2.4
    endloop
  endfacet
  facet normal 0 0 -1
    outer loop
      vertex 13.100000001490116 -10.3303834348917 0
      vertex 27.505039357717745 -5.002004930056475 0
      vertex 27.111100003123283 -10.503119997680187 0
    endloop
  endfacet
  facet normal 0 0 -1
    outer loop
      vertex 12.350000001490116 -9.149999998509884 0
      vertex 25.66659181160003 -4.24049502274298 0
      vertex 26.095876642187413 -4.49779844817661 0
    endloop
  endfacet
  facet normal 0 0 -1
    outer loop
      vertex 12.350000001490116 -9.149999998509884 0
      vertex 26.095876642187413 -4.49779844817661 0
      vertex 26.548314494938044 -4.711785615807562 0
    endloop
  endfacet
  facet normal 0 0 -1
    outer loop
      vertex 12.350000001490116 -9.149999998509884 0
      vertex 26.548314494938044 -4.711785615807562 0
      vertex 27.019548146002244 -4.8803957122342645 0
    endloop
  endfacet
  facet normal 0 0 -1
    outer loop
      vertex 12.350000001490116 -9.149999998509884 0
      vertex 27.019548146002244 -4.8803957122342645 0
      vertex 27.505039357717745 -5.002004930056475 0
    endloop
  endfacet
  facet normal 0 0 -1
    outer loop
      vertex 29.89682000130415 -11.563720002770424 0
      vertex 27.111100003123283 -10.503119997680187 0
      vertex 27.505039357717745 -5.002004930056475 0
    endloop
  endfacet
  facet normal 0 0 -1
    outer loop
      vertex 25.26459425076541 -3.9423533121499585 0
      vertex 25.66659181160003 -4.24049502274298 0
      vertex 12.735405749234591 -3.9423533121499585 0
    endloop
  endfacet
  facet normal 0 0 -1
    outer loop
      vertex 13.106244584051392 -3.6062445840513924 0
      vertex 24.893755415948608 -3.6062445840513924 0
      vertex 25.26459425076541 -3.9423533121499585 0
    endloop
  endfacet
  facet normal 0 0 -1
    outer loop
      vertex 24.893755415948608 -3.6062445840513924 0
      vertex 13.442353312149958 -3.235405749234592 0
      vertex 24.557646687850042 -3.235405749234592 0
    endloop
  endfacet
  facet normal 0 0 -1
    outer loop
      vertex 24.557646687850042 -3.235405749234592 0
      vertex 13.74049502274298 -2.833408188399971 0
      vertex 24.25950497725702 -2.833408188399971 0
    endloop
  endfacet
  facet normal 0 0 -1
    outer loop
      vertex 24.25950497725702 -2.833408188399971 0
      vertex 13.99779844817661 -2.404123357812588 0
      vertex 24.00220155182339 -2.404123357812588 0
    endloop
  endfacet
  facet normal 0 0 -1
    outer loop
      vertex 24.00220155182339 -2.404123357812588 0
      vertex 14.211785615807562 -1.9516855050619577 0
      vertex 23.788214384192436 -1.9516855050619577 0
    endloop
  endfacet
  facet normal 0 0 -1
    outer loop
      vertex 23.788214384192436 -1.9516855050619577 0
      vertex 14.380395712234264 -1.4804518539977578 0
      vertex 23.619604287765736 -1.4804518539977578 0
    endloop
  endfacet
  facet normal 0 0 -1
    outer loop
      vertex 23.619604287765736 -1.4804518539977578 0
      vertex 14.502004930056476 -0.994960642282254 0
      vertex 23.497995069943524 -0.994960642282254 0
    endloop
  endfacet
  facet normal 0 0 -1
    outer loop
      vertex 23.497995069943524 -0.994960642282254 0
      vertex 14.575442106028204 -0.49988741568075906 0
      vertex 23.424557893971794 -0.49988741568075906 0
    endloop
  endfacet
  facet normal 0 0 -1
    outer loop
      vertex 14.6 0 0
      vertex 23.4 0 0
      vertex 23.424557893971794 -0.49988741568075906 0
    endloop
  endfacet
  facet normal 0 0 -1
    outer loop
      vertex 40 -14 0
      vertex 27.505039357717745 -5.002004930056475 0
      vertex 28.00011258431924 -5.075442106028204 0
    endloop
  endfacet
  facet normal 0 0 -1
    outer loop
      vertex 40 -14 0
      vertex 28.00011258431924 -5.075442106028204 0
      vertex 28.5 -5.1 0
    endloop
  endfacet
  facet normal 0 0 -1
    outer loop
      vertex 40 -14 0
      vertex 28.5 -5.1 0
      vertex 28.99988741568076 -5.075442106028204 0
    endloop
  endfacet
  facet normal 0 0 -1
    outer loop
      vertex 40 -14 0
      vertex 28.99988741568076 -5.075442106028204 0
      vertex 29.494960642282255 -5.002004930056475 0
    endloop
  endfacet
  facet normal 0 0 -1
    outer loop
      vertex 40 -14 0
      vertex 29.494960642282255 -5.002004930056475 0
      vertex 29.980451853997756 -4.8803957122342645 0
    endloop
  endfacet
  facet normal 0 0 -1
    outer loop
      vertex 40 -14 0
      vertex 29.980451853997756 -4.8803957122342645 0
      vertex 30.451685505061956 -4.711785615807562 0
    endloop
  endfacet
  facet normal 0 0 -1
    outer loop
      vertex 40 -14 0
      vertex 30.451685505061956 -4.711785615807562 0
      vertex 30.904123357812587 -4.49779844817661 0
    endloop
  endfacet
  facet normal 0 0 -1
    outer loop
      vertex 40 -14 0
      vertex 30.904123357812587 -4.49779844817661 0
      vertex 31.33340818839997 -4.24049502274298 0
    endloop
  endfacet
  facet normal 0 0 -1
    outer loop
      vertex 40 -14 0
      vertex 31.33340818839997 -4.24049502274298 0
      vertex 31.73540574923459 -3.9423533121499585 0
    endloop
  endfacet
  facet normal 0 0 -1
    outer loop
      vertex 40 -14 0
      vertex 31.73540574923459 -3.9423533121499585 0
      vertex 32.106244584051396 -3.6062445840513924 0
    endloop
  endfacet
  facet normal 0 0 -1
    outer loop
      vertex 40 -14 0
      vertex 32.106244584051396 -3.6062445840513924 0
      vertex 32.44235331214996 -3.235405749234592 0
    endloop
  endfacet
  facet normal 0 0 -1
    outer loop
      vertex 40 -14 0
      vertex 32.44235331214996 -3.235405749234592 0
      vertex 32.74049502274298 -2.833408188399971 0
    endloop
  endfacet
  facet normal 0 0 -1
    outer loop
      vertex 40 -14 0
      vertex 32.74049502274298 -2.833408188399971 0
      vertex 32.99779844817661 -2.404123357812588 0
    endloop
  endfacet
  facet normal 0 0 -1
    outer loop
      vertex 40 -14 0
      vertex 32.99779844817661 -2.404123357812588 0
      vertex 33.211785615807564 -1.9516855050619577 0
    endloop
  endfacet
  facet normal 0 0 -1
    outer loop
      vertex 40 -14 0
      vertex 33.211785615807564 -1.9516855050619577 0
      vertex 33.38039571223426 -1.4804518539977578 0
    endloop
  endfacet
  facet normal 0 0 -1
    outer loop
      vertex 40 -14 0
      vertex 33.38039571223426 -1.4804518539977578 0
      vertex 33.50200493005647 -0.994960642282254 0
    endloop
  endfacet
  facet normal 0 0 -1
    outer loop
      vertex 40 -14 0
      vertex 33.50200493005647 -0.994960642282254 0
      vertex 33.575442106028206 -0.49988741568075906 0
    endloop
  endfacet
  facet normal 0 0 -1
    outer loop
      vertex 40 -14 0
      vertex 33.575442106028206 -0.49988741568075906 0
      vertex 33.6 0 0
    endloop
  endfacet
  facet normal 0 0 -1
    outer loop
      vertex 40 -14 0
      vertex 33.6 0 0
      vertex 33.575442106028206 0.49988741568075906 0
    endloop
  endfacet
  facet normal 0 0 -1
    outer loop
      vertex 40 -14 0
      vertex 33.575442106028206 0.49988741568075906 0
      vertex 33.50200493005647 0.994960642282254 0
    endloop
  endfacet
  facet normal 0 0 -1
    outer loop
      vertex 40 -14 0
      vertex 33.50200493005647 0.994960642282254 0
      vertex 33.38039571223426 1.4804518539977578 0
    endloop
  endfacet
  facet normal 1 0 0
    outer loop
      vertex 40 -14 0
      vertex 40 14 0
      vertex 40 -14 2.4
    endloop
  endfacet
  facet normal 0 0 1
    outer loop
      vertex 22.35 -6.15 2.4
      vertex 26.548314494938044 -4.711785615807562 2.4
      vertex 26.095876642187413 -4.49779844817661 2.4
    endloop
  endfacet
  facet normal 0 0 1
    outer loop
      vertex 22.35 -6.15 2.4
      vertex 25.66659181160003 -4.24049502274298 2.4
      vertex 25.26459425076541 -3.9423533121499585 2.4
    endloop
  endfacet
  facet normal 0 0 1
    outer loop
      vertex 22.35 -6.15 2.4
      vertex 26.095876642187413 -4.49779844817661 2.4
      vertex 25.66659181160003 -4.24049502274298 2.4
    endloop
  endfacet
  facet normal 0 0 1
    outer loop
      vertex 22.35 -6.15 2.4
      vertex 27.505039357717745 -5.002004930056475 2.4
      vertex 27.019548146002244 -4.8803957122342645 2.4
    endloop
  endfacet
  facet normal 0 0 1
    outer loop
      vertex 22.35 -6.15 2.4
      vertex 27.019548146002244 -4.8803957122342645 2.4
      vertex 26.548314494938044 -4.711785615807562 2.4
    endloop
  endfacet
  facet normal 0 0 1
    outer loop
      vertex 22.35 -6.15 2.4
      vertex 34.65 -6.15 2.4
      vertex 27.505039357717745 -5.002004930056475 2.4
    endloop
  endfacet
  facet normal 0 0 1
    outer loop
      vertex 22.35 -6.15 2.4
      vertex 24.557646687850042 -3.235405749234592 2.4
      vertex 24.25950497725702 -2.833408188399971 2.4
    endloop
  endfacet
  facet normal 0 0 1
    outer loop
      vertex 22.35 -6.15 2.4
      vertex 24.25950497725702 -2.833408188399971 2.4
      vertex 24.00220155182339 -2.404123357812588 2.4
    endloop
  endfacet
  facet normal 0 0 1
    outer loop
      vertex 22.35 -6.15 2.4
      vertex 25.26459425076541 -3.9423533121499585 2.4
      vertex 24.893755415948608 -3.6062445840513924 2.4
    endloop
  endfacet
  facet normal 0 0 1
    outer loop
      vertex 22.35 -6.15 2.4
      vertex 24.893755415948608 -3.6062445840513924 2.4
      vertex 24.557646687850042 -3.235405749234592 2.4
    endloop
  endfacet
  facet normal 0 0 1
    outer loop
      vertex 22.35 -6.15 2.4
      vertex 24.00220155182339 -2.404123357812588 2.4
      vertex 23.788214384192436 -1.9516855050619577 2.4
    endloop
  endfacet
  facet normal 0 0 1
    outer loop
      vertex 22.35 -6.15 2.4
      vertex 23.788214384192436 -1.9516855050619577 2.4
      vertex 23.619604287765736 -1.4804518539977578 2.4
    endloop
  endfacet
  facet normal 0 0 1
    outer loop
      vertex 22.35 -6.15 2.4
      vertex 23.497995069943524 -0.994960642282254 2.4
      vertex 23.424557893971794 -0.49988741568075906 2.4
    endloop
  endfacet
  facet normal 0 0 1
    outer loop
      vertex 22.35 -6.15 2.4
      vertex 23.619604287765736 -1.4804518539977578 2.4
      vertex 23.497995069943524 -0.994960642282254 2.4
    endloop
  endfacet
  facet normal 0 0 1
    outer loop
      vertex 22.35 -6.15 2.4
      vertex 23.424557893971794 -0.49988741568075906 2.4
      vertex 23.4 0 2.4
    endloop
  endfacet
  facet normal 0 0 1
    outer loop
      vertex 22.35 -6.15 2.4
      vertex 23.4 0 2.4
      vertex 23.424557893971794 0.49988741568075906 2.4
    endloop
  endfacet
  facet normal 0 0 1
    outer loop
      vertex 22.35 -6.15 2.4
      vertex 23.424557893971794 0.49988741568075906 2.4
      vertex 23.497995069943524 0.994960642282254 2.4
    endloop
  endfacet
  facet normal 0 0 1
    outer loop
      vertex 36.349999999999994 -13.75 2.4
      vertex 35.85 -7.35 2.4
      vertex 21.15 -7.35 2.4
    endloop
  endfacet
  facet normal 0 0 1
    outer loop
      vertex 34.65 -6.15 2.4
      vertex 28.00011258431924 -5.075442106028204 2.4
      vertex 27.505039357717745 -5.002004930056475 2.4
    endloop
  endfacet
  facet normal 0 0 1
    outer loop
      vertex 34.65 -6.15 2.4
      vertex 28.5 -5.1 2.4
      vertex 28.00011258431924 -5.075442106028204 2.4
    endloop
  endfacet
  facet normal 0 0 1
    outer loop
      vertex 34.65 -6.15 2.4
      vertex 28.99988741568076 -5.075442106028204 2.4
      vertex 28.5 -5.1 2.4
    endloop
  endfacet
  facet normal 0 0 1
    outer loop
      vertex 34.65 -6.15 2.4
      vertex 29.494960642282255 -5.002004930056475 2.4
      vertex 28.99988741568076 -5.075442106028204 2.4
    endloop
  endfacet
  facet normal 0 0 1
    outer loop
      vertex 34.65 -6.15 2.4
      vertex 29.980451853997756 -4.8803957122342645 2.4
      vertex 29.494960642282255 -5.002004930056475 2.4
    endloop
  endfacet
  facet normal 0 0 1
    outer loop
      vertex 34.65 -6.15 2.4
      vertex 30.451685505061956 -4.711785615807562 2.4
      vertex 29.980451853997756 -4.8803957122342645 2.4
    endloop
  endfacet
  facet normal 0 0 1
    outer loop
      vertex 34.65 -6.15 2.4
      vertex 30.904123357812587 -4.49779844817661 2.4
      vertex 30.451685505061956 -4.711785615807562 2.4
    endloop
  endfacet
  facet normal 0 0 1
    outer loop
      vertex 34.65 -6.15 2.4
      vertex 31.33340818839997 -4.24049502274298 2.4
      vertex 30.904123357812587 -4.49779844817661 2.4
    endloop
  endfacet
  facet normal 0 0 1
    outer loop
      vertex 34.65 -6.15 2.4
      vertex 31.73540574923459 -3.9423533121499585 2.4
      vertex 31.33340818839997 -4.24049502274298 2.4
    endloop
  endfacet
  facet normal 0 0 1
    outer loop
      vertex 34.65 -6.15 2.4
      vertex 32.106244584051396 -3.6062445840513946 2.4
      vertex 31.73540574923459 -3.9423533121499585 2.4
    endloop
  endfacet
  facet normal 0 0 1
    outer loop
      vertex 34.65 -6.15 2.4
      vertex 32.44235331214996 -3.235405749234592 2.4
      vertex 32.106244584051396 -3.6062445840513946 2.4
    endloop
  endfacet
  facet normal 0 0 1
    outer loop
      vertex 34.65 -6.15 2.4
      vertex 32.74049502274298 -2.833408188399971 2.4
      vertex 32.44235331214996 -3.235405749234592 2.4
    endloop
  endfacet
  facet normal 0 0 1
    outer loop
      vertex 34.65 -6.15 2.4
      vertex 32.99779844817661 -2.404123357812588 2.4
      vertex 32.74049502274298 -2.833408188399971 2.4
    endloop
  endfacet
  facet normal 0 0 1
    outer loop
      vertex 34.65 -6.15 2.4
      vertex 33.211785615807564 -1.9516855050619577 2.4
      vertex 32.99779844817661 -2.404123357812588 2.4
    endloop
  endfacet
  facet normal 0 0 1
    outer loop
      vertex 34.65 -6.15 2.4
      vertex 33.38039571223426 -1.4804518539977578 2.4
      vertex 33.211785615807564 -1.9516855050619577 2.4
    endloop
  endfacet
  facet normal 0 0 1
    outer loop
      vertex 34.65 -6.15 2.4
      vertex 33.50200493005647 -0.994960642282254 2.4
      vertex 33.38039571223426 -1.4804518539977578 2.4
    endloop
  endfacet
  facet normal 0 0 1
    outer loop
      vertex 34.65 -6.15 2.4
      vertex 34.65 6.15 2.4
      vertex 33.50200493005647 -0.994960642282254 2.4
    endloop
  endfacet
  facet normal 0 0 1
    outer loop
      vertex 36.349999999999994 -13.75 2.4
      vertex 36.349999999999994 13.75 2.4
      vertex 35.85 -7.35 2.4
    endloop
  endfacet
  facet normal 0 0 1
    outer loop
      vertex 37.75 -13.75 2.4
      vertex 40 -14 2.4
      vertex 40 14 2.4
    endloop
  endfacet
  facet normal 0 0 -1
    outer loop
      vertex 4.497995069943525 0.994960642282254 0
      vertex -4.6196042877657355 -1.4804518539977578 0
      vertex 4.6196042877657355 1.4804518539977578 0
    endloop
  endfacet
  facet normal 0 0 -1
    outer loop
      vertex -4.497995069943525 -0.994960642282254 0
      vertex 4.788214384192438 1.9516855050619577 0
      vertex 4.6196042877657355 1.4804518539977578 0
    endloop
  endfacet
  facet normal 0 0 -1
    outer loop
      vertex 4.788214384192438 1.9516855050619577 0
      vertex -5.00220155182339 2.404123357812588 0
      vertex 5.00220155182339 2.404123357812588 0
    endloop
  endfacet
  facet normal 0 0 -1
    outer loop
      vertex -5.25950497725702 2.833408188399971 0
      vertex 5.25950497725702 2.833408188399971 0
      vertex 5.00220155182339 2.404123357812588 0
    endloop
  endfacet
  facet normal 0 0 -1
    outer loop
      vertex -5.557646687850042 3.235405749234592 0
      vertex 5.557646687850042 3.235405749234592 0
      vertex 5.25950497725702 2.833408188399971 0
    endloop
  endfacet
  facet normal 0 0 -1
    outer loop
      vertex -5.893755415948608 3.6062445840513924 0
      vertex 5.893755415948608 3.6062445840513924 0
      vertex 5.557646687850042 3.235405749234592 0
    endloop
  endfacet
  facet normal 0 0 -1
    outer loop
      vertex -6.264594250765408 3.9423533121499585 0
      vertex 6.264594250765408 3.9423533121499585 0
      vertex 5.893755415948608 3.6062445840513924 0
    endloop
  endfacet
  facet normal 0 0 -1
    outer loop
      vertex -6.6665918116000284 4.24049502274298 0
      vertex 6.6665918116000284 4.24049502274298 0
      vertex 6.264594250765408 3.9423533121499585 0
    endloop
  endfacet
  facet normal 0 0 -1
    outer loop
      vertex -7.095876642187412 4.49779844817661 0
      vertex 7.095876642187412 4.49779844817661 0
      vertex 6.6665918116000284 4.24049502274298 0
    endloop
  endfacet
  facet normal 0 0 -1
    outer loop
      vertex -7.548314494938042 4.711785615807562 0
      vertex 7.548314494938042 4.711785615807562 0
      vertex 7.095876642187412 4.49779844817661 0
    endloop
  endfacet
  facet normal 0 0 -1
    outer loop
      vertex 14.380395712234264 1.4804518539977578 0
      vertex 23.497995069943524 0.994960642282254 0
      vertex 14.502004930056476 0.994960642282254 0
    endloop
  endfacet
  facet normal 0 0 -1
    outer loop
      vertex 14.211785615807562 1.9516855050619577 0
      vertex 23.619604287765736 1.4804518539977578 0
      vertex 14.380395712234264 1.4804518539977578 0
    endloop
  endfacet
  facet normal 0 0 -1
    outer loop
      vertex 13.99779844817661 2.404123357812588 0
      vertex 23.788214384192436 1.9516855050619577 0
      vertex 14.211785615807562 1.9516855050619577 0
    endloop
  endfacet
  facet normal 0 0 -1
    outer loop
      vertex 14.575442106028204 0.49988741568075906 0
      vertex 23.4 0 0
      vertex 14.6 0 0
    endloop
  endfacet
  facet normal 0 0 -1
    outer loop
      vertex 14.502004930056476 0.994960642282254 0
      vertex 23.424557893971794 0.49988741568075906 0
      vertex 14.575442106028204 0.49988741568075906 0
    endloop
  endfacet
  facet normal 0 0 -1
    outer loop
      vertex 13.74049502274298 2.833408188399971 0
      vertex 24.00220155182339 2.404123357812588 0
      vertex 13.99779844817661 2.404123357812588 0
    endloop
  endfacet
  facet normal 0 0 -1
    outer loop
      vertex 13.442353312149958 3.235405749234592 0
      vertex 24.25950497725702 2.833408188399971 0
      vertex 13.74049502274298 2.833408188399971 0
    endloop
  endfacet
  facet normal 0 0 -1
    outer loop
      vertex 13.106244584051392 3.6062445840513924 0
      vertex 24.557646687850042 3.235405749234592 0
      vertex 13.442353312149958 3.235405749234592 0
    endloop
  endfacet
  facet normal 0 0 -1
    outer loop
      vertex 12.735405749234591 3.9423533121499585 0
      vertex 12.333408188399972 4.24049502274298 0
      vertex 25.26459425076541 3.9423533121499585 0
    endloop
  endfacet
  facet normal 0 0 -1
    outer loop
      vertex 13.106244584051392 3.6062445840513924 0
      vertex 12.735405749234591 3.9423533121499585 0
      vertex 24.893755415948608 3.6062445840513924 0
    endloop
  endfacet
  facet normal 0 0 -1
    outer loop
      vertex 39.9039264023304 14.975451610982418 0
      vertex 9.999887415680758 5.075442106028204 0
      vertex 9.5 5.1 0
    endloop
  endfacet
  facet normal 0 0 1
    outer loop
      vertex 3.35 6.15 2.4
      vertex 4.497995069943525 -0.994960642282254 2.4
      vertex 4.424557893971796 -0.49988741568075906 2.4
    endloop
  endfacet
  facet normal 0 0 1
    outer loop
      vertex 3.35 6.15 2.4
      vertex 4.424557893971796 -0.49988741568075906 2.4
      vertex 4.4 0 2.4
    endloop
  endfacet
  facet normal 0 0 1
    outer loop
      vertex 3.35 6.15 2.4
      vertex 4.4 0 2.4
      vertex 4.424557893971796 0.49988741568075906 2.4
    endloop
  endfacet
  facet normal 0 0 1
    outer loop
      vertex 3.35 6.15 2.4
      vertex 4.424557893971796 0.49988741568075906 2.4
      vertex 4.497995069943525 0.994960642282254 2.4
    endloop
  endfacet
  facet normal 0 0 1
    outer loop
      vertex 3.35 6.15 2.4
      vertex 4.497995069943525 0.994960642282254 2.4
      vertex 4.6196042877657355 1.4804518539977578 2.4
    endloop
  endfacet
  facet normal 0 0 1
    outer loop
      vertex 3.35 6.15 2.4
      vertex 4.6196042877657355 1.4804518539977578 2.4
      vertex 4.788214384192438 1.9516855050619577 2.4
    endloop
  endfacet
  facet normal 0 0 1
    outer loop
      vertex 3.35 6.15 2.4
      vertex 4.788214384192438 1.9516855050619577 2.4
      vertex 5.00220155182339 2.404123357812588 2.4
    endloop
  endfacet
  facet normal 0 0 1
    outer loop
      vertex 3.35 6.15 2.4
      vertex 5.00220155182339 2.404123357812588 2.4
      vertex 5.25950497725702 2.833408188399971 2.4
    endloop
  endfacet
  facet normal 0 0 1
    outer loop
      vertex 3.35 6.15 2.4
      vertex 5.25950497725702 2.833408188399971 2.4
      vertex 5.557646687850042 3.235405749234592 2.4
    endloop
  endfacet
  facet normal 0 0 1
    outer loop
      vertex 3.35 6.15 2.4
      vertex 5.557646687850042 3.235405749234592 2.4
      vertex 5.893755415948608 3.6062445840513924 2.4
    endloop
  endfacet
  facet normal 0 0 1
    outer loop
      vertex 3.35 6.15 2.4
      vertex 5.893755415948608 3.6062445840513924 2.4
      vertex 6.264594250765408 3.9423533121499585 2.4
    endloop
  endfacet
  facet normal 0 0 1
    outer loop
      vertex -2.1499999999999995 7.35 2.4
      vertex 2.15 6.15 2.4
      vertex 2.1499999999999995 7.35 2.4
    endloop
  endfacet
  facet normal 0 0 1
    outer loop
      vertex 3.35 6.15 2.4
      vertex 6.264594250765408 3.9423533121499585 2.4
      vertex 6.6665918116000284 4.24049502274298 2.4
    endloop
  endfacet
  facet normal 0 0 1
    outer loop
      vertex 3.35 6.15 2.4
      vertex 6.6665918116000284 4.24049502274298 2.4
      vertex 7.095876642187412 4.49779844817661 2.4
    endloop
  endfacet
  facet normal 0 0 1
    outer loop
      vertex 3.35 6.15 2.4
      vertex 7.095876642187412 4.49779844817661 2.4
      vertex 7.548314494938042 4.711785615807562 2.4
    endloop
  endfacet
  facet normal 0 0 1
    outer loop
      vertex 3.35 6.15 2.4
      vertex 7.548314494938042 4.711785615807562 2.4
      vertex 8.019548146002242 4.8803957122342645 2.4
    endloop
  endfacet
  facet normal 0 0 1
    outer loop
      vertex 3.35 6.15 2.4
      vertex 8.019548146002242 4.8803957122342645 2.4
      vertex 8.505039357717745 5.002004930056475 2.4
    endloop
  endfacet
  facet normal 0 0 1
    outer loop
      vertex 3.35 6.15 2.4
      vertex 8.505039357717745 5.002004930056475 2.4
      vertex 15.65 6.15 2.4
    endloop
  endfacet
  facet normal 0 0 1
    outer loop
      vertex 15.65 6.15 2.4
      vertex 14.380395712234264 1.4804518539977578 2.4
      vertex 14.502004930056476 0.994960642282254 2.4
    endloop
  endfacet
  facet normal 0 0 1
    outer loop
      vertex 15.65 6.15 2.4
      vertex 14.211785615807562 1.9516855050619577 2.4
      vertex 14.380395712234264 1.4804518539977578 2.4
    endloop
  endfacet
  facet normal 0 0 1
    outer loop
      vertex 15.65 6.15 2.4
      vertex 13.99779844817661 2.404123357812588 2.4
      vertex 14.211785615807562 1.9516855050619577 2.4
    endloop
  endfacet
  facet normal 0 0 1
    outer loop
      vertex 15.65 6.15 2.4
      vertex 13.442353312149958 3.235405749234592 2.4
      vertex 13.74049502274298 2.833408188399971 2.4
    endloop
  endfacet
  facet normal 0 0 1
    outer loop
      vertex 15.65 6.15 2.4
      vertex 13.74049502274298 2.833408188399971 2.4
      vertex 13.99779844817661 2.404123357812588 2.4
    endloop
  endfacet
  facet normal 0 0 1
    outer loop
      vertex 15.65 6.15 2.4
      vertex 13.106244584051392 3.6062445840513924 2.4
      vertex 13.442353312149958 3.235405749234592 2.4
    endloop
  endfacet
  facet normal 0 0 1
    outer loop
      vertex 15.65 6.15 2.4
      vertex 12.735405749234591 3.9423533121499585 2.4
      vertex 13.106244584051392 3.6062445840513924 2.4
    endloop
  endfacet
  facet normal 0 0 1
    outer loop
      vertex 15.65 -6.15 2.4
      vertex 15.65 6.15 2.4
      vertex 14.502004930056476 0.994960642282254 2.4
    endloop
  endfacet
  facet normal 0 0 1
    outer loop
      vertex 16.85 -6.15 2.4
      vertex 21.15 7.35 2.4
      vertex 16.85 6.15 2.4
    endloop
  endfacet
  facet normal 0 0 1
    outer loop
      vertex 16.85 -6.15 2.4
      vertex 21.15 6.15 2.4
      vertex 21.15 7.35 2.4
    endloop
  endfacet
  facet normal 0 0 1
    outer loop
      vertex 15.65 6.15 2.4
      vertex 8.505039357717745 5.002004930056475 2.4
      vertex 9.000112584319242 5.075442106028204 2.4
    endloop
  endfacet
  facet normal 0 0 1
    outer loop
      vertex 15.65 6.15 2.4
      vertex 9.000112584319242 5.075442106028204 2.4
      vertex 9.5 5.1 2.4
    endloop
  endfacet
  facet normal 0 0 1
    outer loop
      vertex 15.65 6.15 2.4
      vertex 9.5 5.1 2.4
      vertex 9.999887415680758 5.075442106028204 2.4
    endloop
  endfacet
  facet normal 0 0 1
    outer loop
      vertex 15.65 6.15 2.4
      vertex 9.999887415680758 5.075442106028204 2.4
      vertex 10.494960642282255 5.002004930056475 2.4
    endloop
  endfacet
  facet normal 0 0 1
    outer loop
      vertex 15.65 6.15 2.4
      vertex 10.494960642282255 5.002004930056475 2.4
      vertex 10.980451853997758 4.8803957122342645 2.4
    endloop
  endfacet
  facet normal 0 0 1
    outer loop
      vertex 15.65 6.15 2.4
      vertex 10.980451853997758 4.8803957122342645 2.4
      vertex 11.451685505061958 4.711785615807562 2.4
    endloop
  endfacet
  facet normal 0 0 1
    outer loop
      vertex 15.65 6.15 2.4
      vertex 11.451685505061958 4.711785615807562 2.4
      vertex 11.904123357812587 4.49779844817661 2.4
    endloop
  endfacet
  facet normal 0 0 1
    outer loop
      vertex 15.65 6.15 2.4
      vertex 11.904123357812587 4.49779844817661 2.4
      vertex 12.333408188399972 4.24049502274298 2.4
    endloop
  endfacet
  facet normal 0 0 1
    outer loop
      vertex 15.65 6.15 2.4
      vertex 12.333408188399972 4.24049502274298 2.4
      vertex 12.735405749234591 3.9423533121499585 2.4
    endloop
  endfacet
  facet normal 0 0 -1
    outer loop
      vertex -40 14 0
      vertex 39.9039264023304 14.975451610982418 0
      vertex 9.5 5.1 0
    endloop
  endfacet
  facet normal 0 0 -1
    outer loop
      vertex -40 14 0
      vertex 39.78470167517662 15.45142338424921 0
      vertex 39.9039264023304 14.975451610982418 0
    endloop
  endfacet
  facet normal 0 0 -1
    outer loop
      vertex -39.975923635065556 14.490085698664188 0
      vertex 39.61939766258001 15.913417160511017 0
      vertex 39.78470167517662 15.45142338424921 0
    endloop
  endfacet
  facet normal 0 0 -1
    outer loop
      vertex -39.9039264023304 14.975451610982418 0
      vertex 39.40960632264614 16.356983684003353 0
      vertex 39.61939766258001 15.913417160511017 0
    endloop
  endfacet
  facet normal 0 0 -1
    outer loop
      vertex -39.78470167517662 15.45142338424921 0
      vertex 39.157348059117794 16.777851164340973 0
      vertex 39.40960632264614 16.356983684003353 0
    endloop
  endfacet
  facet normal 0 0 -1
    outer loop
      vertex -39.61939766258001 15.913417160511017 0
      vertex 38.86505226790905 17.171966418623924 0
      vertex 39.157348059117794 16.777851164340973 0
    endloop
  endfacet
  facet normal 0 0 -1
    outer loop
      vertex -38.86505226790905 17.171966418623924 0
      vertex 37.77785116434097 18.157348059117794 0
      vertex 38.171966418623924 17.86505226790905 0
    endloop
  endfacet
  facet normal 0 0 -1
    outer loop
      vertex -38.5355339050293 17.535533905029297 0
      vertex 37.35698368400335 18.40960632264614 0
      vertex 37.77785116434097 18.157348059117794 0
    endloop
  endfacet
  facet normal 0 0 -1
    outer loop
      vertex -38.171966418623924 17.86505226790905 0
      vertex 36.91341716051102 18.619397662580013 0
      vertex 37.35698368400335 18.40960632264614 0
    endloop
  endfacet
  facet normal 0 0 -1
    outer loop
      vertex -37.77785116434097 18.157348059117794 0
      vertex 36.45142338424921 18.78470167517662 0
      vertex 36.91341716051102 18.619397662580013 0
    endloop
  endfacet
  facet normal 0 0 -1
    outer loop
      vertex -37.35698368400335 18.40960632264614 0
      vertex 35.97545161098242 18.9039264023304 0
      vertex 36.45142338424921 18.78470167517662 0
    endloop
  endfacet
  facet normal 0 0 -1
    outer loop
      vertex -36.91341716051102 18.619397662580013 0
      vertex 35.49008569866419 18.975923635065556 0
      vertex 35.97545161098242 18.9039264023304 0
    endloop
  endfacet
  facet normal 0 0 -1
    outer loop
      vertex -36.45142338424921 18.78470167517662 0
      vertex 35 19 0
      vertex 35.49008569866419 18.975923635065556 0
    endloop
  endfacet
  facet normal 0 0 -1
    outer loop
      vertex -39.40960632264614 16.356983684003353 0
      vertex 38.5355339050293 17.535533905029297 0
      vertex 38.86505226790905 17.171966418623924 0
    endloop
  endfacet
  facet normal 0 0 -1
    outer loop
      vertex -39.157348059117794 16.777851164340973 0
      vertex 38.171966418623924 17.86505226790905 0
      vertex 38.5355339050293 17.535533905029297 0
    endloop
  endfacet
  facet normal 0 1 0
    outer loop
      vertex -35 19 0
      vertex 35 19 2.4
      vertex 35 19 0
    endloop
  endfacet
  facet normal 0 0 1
    outer loop
      vertex -21.15 7.35 2.4
      vertex -16.85 7.35 2.4
      vertex 39.9039264023304 14.975451610982418 2.4
    endloop
  endfacet
  facet normal 0 0 1
    outer loop
      vertex -16.85 7.35 2.4
      vertex -2.1499999999999995 7.35 2.4
      vertex 39.9039264023304 14.975451610982418 2.4
    endloop
  endfacet
  facet normal 0 0 1
    outer loop
      vertex -2.1499999999999995 7.35 2.4
      vertex 2.1499999999999995 7.35 2.4
      vertex 39.9039264023304 14.975451610982418 2.4
    endloop
  endfacet
  facet normal 0 0 1
    outer loop
      vertex 2.1499999999999995 7.35 2.4
      vertex 16.85 7.35 2.4
      vertex 39.9039264023304 14.975451610982418 2.4
    endloop
  endfacet
  facet normal 0 0 1
    outer loop
      vertex -40 14 2.4
      vertex 39.9039264023304 14.975451610982418 2.4
      vertex 34.75 15.350000000000001 2.4
    endloop
  endfacet
  facet normal 0 0 1
    outer loop
      vertex -39.157348059117794 16.777851164340973 2.4
      vertex 34.75 16.75 2.4
      vertex 38.5355339050293 17.535533905029297 2.4
    endloop
  endfacet
  facet normal 0 0 1
    outer loop
      vertex -38.86505226790905 17.171966418623924 2.4
      vertex 38.171966418623924 17.86505226790905 2.4
      vertex 37.77785116434097 18.157348059117794 2.4
    endloop
  endfacet
  facet normal 0 0 1
    outer loop
      vertex -38.5355339050293 17.535533905029297 2.4
      vertex 37.77785116434097 18.157348059117794 2.4
      vertex 37.35698368400335 18.40960632264614 2.4
    endloop
  endfacet
  facet normal 0 0 1
    outer loop
      vertex -38.171966418623924 17.86505226790905 2.4
      vertex 37.35698368400335 18.40960632264614 2.4
      vertex 36.91341716051102 18.619397662580013 2.4
    endloop
  endfacet
  facet normal 0 0 1
    outer loop
      vertex -37.77785116434097 18.157348059117794 2.4
      vertex 36.91341716051102 18.619397662580013 2.4
      vertex 36.45142338424921 18.78470167517662 2.4
    endloop
  endfacet
  facet normal 0 0 1
    outer loop
      vertex -37.35698368400335 18.40960632264614 2.4
      vertex 36.45142338424921 18.78470167517662 2.4
      vertex 35.97545161098242 18.9039264023304 2.4
    endloop
  endfacet
  facet normal 0 0 1
    outer loop
      vertex -36.91341716051102 18.619397662580013 2.4
      vertex 35.97545161098242 18.9039264023304 2.4
      vertex 35.49008569866419 18.975923635065556 2.4
    endloop
  endfacet
  facet normal 0 0 1
    outer loop
      vertex -36.45142338424921 18.78470167517662 2.4
      vertex 35.49008569866419 18.975923635065556 2.4
      vertex 35 19 2.4
    endloop
  endfacet
  facet normal 0 0 1
    outer loop
      vertex -39.157348059117794 16.777851164340973 2.4
      vertex 38.5355339050293 17.535533905029297 2.4
      vertex 38.171966418623924 17.86505226790905 2.4
    endloop
  endfacet
  facet normal 0 0 -1
    outer loop
      vertex 14.575442106028204 0.49988741568075906 0
      vertex 23.424557893971794 0.49988741568075906 0
      vertex 23.4 0 0
    endloop
  endfacet
  facet normal 0 0 -1
    outer loop
      vertex 14.502004930056476 0.994960642282254 0
      vertex 23.497995069943524 0.994960642282254 0
      vertex 23.424557893971794 0.49988741568075906 0
    endloop
  endfacet
  facet normal 0 0 -1
    outer loop
      vertex 14.380395712234264 1.4804518539977578 0
      vertex 23.619604287765736 1.4804518539977578 0
      vertex 23.497995069943524 0.994960642282254 0
    endloop
  endfacet
  facet normal 0 0 -1
    outer loop
      vertex 14.211785615807562 1.9516855050619577 0
      vertex 23.788214384192436 1.9516855050619577 0
      vertex 23.619604287765736 1.4804518539977578 0
    endloop
  endfacet
  facet normal 0 0 -1
    outer loop
      vertex 13.99779844817661 2.404123357812588 0
      vertex 24.00220155182339 2.404123357812588 0
      vertex 23.788214384192436 1.9516855050619577 0
    endloop
  endfacet
  facet normal 0 0 -1
    outer loop
      vertex 13.74049502274298 2.833408188399971 0
      vertex 24.25950497725702 2.833408188399971 0
      vertex 24.00220155182339 2.404123357812588 0
    endloop
  endfacet
  facet normal 0 0 -1
    outer loop
      vertex 13.442353312149958 3.235405749234592 0
      vertex 24.557646687850042 3.235405749234592 0
      vertex 24.25950497725702 2.833408188399971 0
    endloop
  endfacet
  facet normal 0 0 -1
    outer loop
      vertex 13.106244584051392 3.6062445840513924 0
      vertex 24.893755415948608 3.6062445840513924 0
      vertex 24.557646687850042 3.235405749234592 0
    endloop
  endfacet
  facet normal 0 0 -1
    outer loop
      vertex 12.735405749234591 3.9423533121499585 0
      vertex 25.26459425076541 3.9423533121499585 0
      vertex 24.893755415948608 3.6062445840513924 0
    endloop
  endfacet
  facet normal 0 0 -1
    outer loop
      vertex 12.333408188399972 4.24049502274298 0
      vertex 25.66659181160003 4.24049502274298 0
      vertex 25.26459425076541 3.9423533121499585 0
    endloop
  endfacet
  facet normal 0 0 -1
    outer loop
      vertex 39.9039264023304 14.975451610982418 0
      vertex 10.980451853997758 4.8803957122342645 0
      vertex 10.494960642282255 5.002004930056475 0
    endloop
  endfacet
  facet normal 0 0 -1
    outer loop
      vertex 39.975923635065556 14.490085698664188 0
      vertex 11.904123357812587 4.49779844817661 0
      vertex 11.451685505061958 4.711785615807562 0
    endloop
  endfacet
  facet normal 0 0 -1
    outer loop
      vertex 39.9039264023304 14.975451610982418 0
      vertex 11.451685505061958 4.711785615807562 0
      vertex 10.980451853997758 4.8803957122342645 0
    endloop
  endfacet
  facet normal 0 0 -1
    outer loop
      vertex 40 14 0
      vertex 12.333408188399972 4.24049502274298 0
      vertex 11.904123357812587 4.49779844817661 0
    endloop
  endfacet
  facet normal 0 0 -1
    outer loop
      vertex 39.9039264023304 14.975451610982418 0
      vertex 10.494960642282255 5.002004930056475 0
      vertex 9.999887415680758 5.075442106028204 0
    endloop
  endfacet
  facet normal 0 0 -1
    outer loop
      vertex 40 14 0
      vertex 25.66659181160003 4.24049502274298 0
      vertex 12.333408188399972 4.24049502274298 0
    endloop
  endfacet
  facet normal 0 0 -1
    outer loop
      vertex 40 -14 0
      vertex 33.38039571223426 1.4804518539977578 0
      vertex 40 14 0
    endloop
  endfacet
  facet normal 0 0 -1
    outer loop
      vertex 40 14 0
      vertex 32.44235331214996 3.235405749234592 0
      vertex 32.106244584051396 3.6062445840513924 0
    endloop
  endfacet
  facet normal 0 0 -1
    outer loop
      vertex 40 14 0
      vertex 26.095876642187413 4.49779844817661 0
      vertex 25.66659181160003 4.24049502274298 0
    endloop
  endfacet
  facet normal 0 0 -1
    outer loop
      vertex 40 14 0
      vertex 26.548314494938044 4.711785615807562 0
      vertex 26.095876642187413 4.49779844817661 0
    endloop
  endfacet
  facet normal 0 0 -1
    outer loop
      vertex 40 14 0
      vertex 27.019548146002244 4.8803957122342645 0
      vertex 26.548314494938044 4.711785615807562 0
    endloop
  endfacet
  facet normal 0 0 -1
    outer loop
      vertex 40 14 0
      vertex 27.505039357717745 5.002004930056475 0
      vertex 27.019548146002244 4.8803957122342645 0
    endloop
  endfacet
  facet normal 0 0 -1
    outer loop
      vertex 40 14 0
      vertex 28.00011258431924 5.075442106028204 0
      vertex 27.505039357717745 5.002004930056475 0
    endloop
  endfacet
  facet normal 0 0 -1
    outer loop
      vertex 40 14 0
      vertex 28.5 5.1 0
      vertex 28.00011258431924 5.075442106028204 0
    endloop
  endfacet
  facet normal 0 0 -1
    outer loop
      vertex 40 14 0
      vertex 28.99988741568076 5.075442106028204 0
      vertex 28.5 5.1 0
    endloop
  endfacet
  facet normal 0 0 -1
    outer loop
      vertex 40 14 0
      vertex 29.494960642282255 5.002004930056475 0
      vertex 28.99988741568076 5.075442106028204 0
    endloop
  endfacet
  facet normal 0 0 -1
    outer loop
      vertex 40 14 0
      vertex 29.980451853997756 4.8803957122342645 0
      vertex 29.494960642282255 5.002004930056475 0
    endloop
  endfacet
  facet normal 0 0 -1
    outer loop
      vertex 40 14 0
      vertex 30.451685505061956 4.711785615807562 0
      vertex 29.980451853997756 4.8803957122342645 0
    endloop
  endfacet
  facet normal 0 0 -1
    outer loop
      vertex 40 14 0
      vertex 31.73540574923459 3.9423533121499585 0
      vertex 31.33340818839997 4.24049502274298 0
    endloop
  endfacet
  facet normal 0 0 -1
    outer loop
      vertex 40 14 0
      vertex 31.33340818839997 4.24049502274298 0
      vertex 30.904123357812587 4.49779844817661 0
    endloop
  endfacet
  facet normal 0 0 -1
    outer loop
      vertex 40 14 0
      vertex 32.106244584051396 3.6062445840513924 0
      vertex 31.73540574923459 3.9423533121499585 0
    endloop
  endfacet
  facet normal 0 0 -1
    outer loop
      vertex 40 14 0
      vertex 30.904123357812587 4.49779844817661 0
      vertex 30.451685505061956 4.711785615807562 0
    endloop
  endfacet
  facet normal 0 0 -1
    outer loop
      vertex 40 14 0
      vertex 33.38039571223426 1.4804518539977578 0
      vertex 33.211785615807564 1.9516855050619577 0
    endloop
  endfacet
  facet normal 0 0 -1
    outer loop
      vertex 40 14 0
      vertex 33.211785615807564 1.9516855050619577 0
      vertex 32.99779844817661 2.404123357812588 0
    endloop
  endfacet
  facet normal 0 0 -1
    outer loop
      vertex 40 14 0
      vertex 32.99779844817661 2.404123357812588 0
      vertex 32.74049502274298 2.833408188399971 0
    endloop
  endfacet
  facet normal 0 0 -1
    outer loop
      vertex 40 14 0
      vertex 32.74049502274298 2.833408188399971 0
      vertex 32.44235331214996 3.235405749234592 0
    endloop
  endfacet
  facet normal 0 0 1
    outer loop
      vertex 22.35 -6.15 2.4
      vertex 23.497995069943524 0.994960642282254 2.4
      vertex 22.35 6.15 2.4
    endloop
  endfacet
  facet normal 0 0 1
    outer loop
      vertex 22.35 6.15 2.4
      vertex 23.497995069943524 0.994960642282254 2.4
      vertex 23.619604287765736 1.4804518539977578 2.4
    endloop
  endfacet
  facet normal 0 0 1
    outer loop
      vertex 22.35 6.15 2.4
      vertex 23.619604287765736 1.4804518539977578 2.4
      vertex 23.788214384192436 1.9516855050619577 2.4
    endloop
  endfacet
  facet normal 0 0 1
    outer loop
      vertex 22.35 6.15 2.4
      vertex 23.788214384192436 1.9516855050619577 2.4
      vertex 24.00220155182339 2.404123357812588 2.4
    endloop
  endfacet
  facet normal 0 0 1
    outer loop
      vertex 22.35 6.15 2.4
      vertex 24.00220155182339 2.404123357812588 2.4
      vertex 24.25950497725702 2.833408188399971 2.4
    endloop
  endfacet
  facet normal 0 0 1
    outer loop
      vertex 22.35 6.15 2.4
      vertex 24.25950497725702 2.833408188399971 2.4
      vertex 24.557646687850042 3.235405749234592 2.4
    endloop
  endfacet
  facet normal 0 0 1
    outer loop
      vertex 22.35 6.15 2.4
      vertex 24.557646687850042 3.235405749234592 2.4
      vertex 24.893755415948608 3.606244584051393 2.4
    endloop
  endfacet
  facet normal 0 0 1
    outer loop
      vertex 22.35 6.15 2.4
      vertex 24.893755415948608 3.606244584051393 2.4
      vertex 25.26459425076541 3.9423533121499585 2.4
    endloop
  endfacet
  facet normal 0 0 1
    outer loop
      vertex 22.35 6.15 2.4
      vertex 25.26459425076541 3.9423533121499585 2.4
      vertex 25.66659181160003 4.24049502274298 2.4
    endloop
  endfacet
  facet normal 0 0 1
    outer loop
      vertex 22.35 6.15 2.4
      vertex 25.66659181160003 4.24049502274298 2.4
      vertex 26.095876642187413 4.49779844817661 2.4
    endloop
  endfacet
  facet normal 0 0 1
    outer loop
      vertex 22.35 6.15 2.4
      vertex 26.095876642187413 4.49779844817661 2.4
      vertex 26.548314494938044 4.711785615807562 2.4
    endloop
  endfacet
  facet normal 0 0 1
    outer loop
      vertex 16.85 6.15 2.4
      vertex 36.349999999999994 13.75 2.4
      vertex 16.85 7.35 2.4
    endloop
  endfacet
  facet normal 0 0 1
    outer loop
      vertex 16.85 6.15 2.4
      vertex 21.15 7.35 2.4
      vertex 36.349999999999994 13.75 2.4
    endloop
  endfacet
  facet normal 0 0 1
    outer loop
      vertex 22.35 6.15 2.4
      vertex 26.548314494938044 4.711785615807562 2.4
      vertex 27.019548146002244 4.8803957122342645 2.4
    endloop
  endfacet
  facet normal 0 0 1
    outer loop
      vertex 22.35 6.15 2.4
      vertex 27.019548146002244 4.8803957122342645 2.4
      vertex 27.505039357717745 5.002004930056475 2.4
    endloop
  endfacet
  facet normal 0 0 1
    outer loop
      vertex 22.35 6.15 2.4
      vertex 27.505039357717745 5.002004930056475 2.4
      vertex 28.00011258431924 5.075442106028204 2.4
    endloop
  endfacet
  facet normal 0 0 1
    outer loop
      vertex 22.35 6.15 2.4
      vertex 28.00011258431924 5.075442106028204 2.4
      vertex 28.5 5.1 2.4
    endloop
  endfacet
  facet normal 0 0 1
    outer loop
      vertex 22.35 6.15 2.4
      vertex 28.5 5.1 2.4
      vertex 28.99988741568076 5.075442106028204 2.4
    endloop
  endfacet
  facet normal 0 0 1
    outer loop
      vertex 22.35 6.15 2.4
      vertex 28.99988741568076 5.075442106028204 2.4
      vertex 29.494960642282255 5.002004930056475 2.4
    endloop
  endfacet
  facet normal 0 0 1
    outer loop
      vertex 22.35 6.15 2.4
      vertex 29.494960642282255 5.002004930056475 2.4
      vertex 34.65 6.15 2.4
    endloop
  endfacet
  facet normal 1 0 0
    outer loop
      vertex 40 -14 2.4
      vertex 40 14 0
      vertex 40 14 2.4
    endloop
  endfacet
  facet normal 0 0 1
    outer loop
      vertex 34.65 6.15 2.4
      vertex 33.575442106028206 -0.49988741568075906 2.4
      vertex 33.50200493005647 -0.994960642282254 2.4
    endloop
  endfacet
  facet normal 0 0 1
    outer loop
      vertex 34.65 6.15 2.4
      vertex 33.6 0 2.4
      vertex 33.575442106028206 -0.49988741568075906 2.4
    endloop
  endfacet
  facet normal 0 0 1
    outer loop
      vertex 34.65 6.15 2.4
      vertex 33.575442106028206 0.49988741568075906 2.4
      vertex 33.6 0 2.4
    endloop
  endfacet
  facet normal 0 0 1
    outer loop
      vertex 34.65 6.15 2.4
      vertex 33.211785615807564 1.9516855050619577 2.4
      vertex 33.38039571223426 1.4804518539977578 2.4
    endloop
  endfacet
  facet normal 0 0 1
    outer loop
      vertex 34.65 6.15 2.4
      vertex 32.99779844817661 2.404123357812588 2.4
      vertex 33.211785615807564 1.9516855050619577 2.4
    endloop
  endfacet
  facet normal 0 0 1
    outer loop
      vertex 34.65 6.15 2.4
      vertex 33.50200493005647 0.994960642282254 2.4
      vertex 33.575442106028206 0.49988741568075906 2.4
    endloop
  endfacet
  facet normal 0 0 1
    outer loop
      vertex 34.65 6.15 2.4
      vertex 33.38039571223426 1.4804518539977578 2.4
      vertex 33.50200493005647 0.994960642282254 2.4
    endloop
  endfacet
  facet normal 0 0 1
    outer loop
      vertex 34.65 6.15 2.4
      vertex 32.74049502274298 2.833408188399971 2.4
      vertex 32.99779844817661 2.404123357812588 2.4
    endloop
  endfacet
  facet normal 0 0 1
    outer loop
      vertex 34.65 6.15 2.4
      vertex 32.44235331214996 3.235405749234592 2.4
      vertex 32.74049502274298 2.833408188399971 2.4
    endloop
  endfacet
  facet normal 0 0 1
    outer loop
      vertex 34.65 6.15 2.4
      vertex 32.106244584051396 3.6062445840513924 2.4
      vertex 32.44235331214996 3.235405749234592 2.4
    endloop
  endfacet
  facet normal 0 0 1
    outer loop
      vertex 34.65 6.15 2.4
      vertex 31.73540574923459 3.9423533121499585 2.4
      vertex 32.106244584051396 3.6062445840513924 2.4
    endloop
  endfacet
  facet normal 0 0 1
    outer loop
      vertex 35.85 -7.35 2.4
      vertex 36.349999999999994 13.75 2.4
      vertex 35.85 -6.15 2.4
    endloop
  endfacet
  facet normal 0 0 1
    outer loop
      vertex 35.85 -6.15 2.4
      vertex 36.349999999999994 13.75 2.4
      vertex 35.85 6.15 2.4
    endloop
  endfacet
  facet normal 0 0 1
    outer loop
      vertex 34.65 6.15 2.4
      vertex 29.980451853997756 4.8803957122342645 2.4
      vertex 30.451685505061956 4.711785615807562 2.4
    endloop
  endfacet
  facet normal 0 0 1
    outer loop
      vertex 34.65 6.15 2.4
      vertex 30.904123357812587 4.49779844817661 2.4
      vertex 31.33340818839997 4.24049502274298 2.4
    endloop
  endfacet
  facet normal 0 0 1
    outer loop
      vertex 34.65 6.15 2.4
      vertex 30.451685505061956 4.711785615807562 2.4
      vertex 30.904123357812587 4.49779844817661 2.4
    endloop
  endfacet
  facet normal 0 0 1
    outer loop
      vertex 34.65 6.15 2.4
      vertex 29.494960642282255 5.002004930056475 2.4
      vertex 29.980451853997756 4.8803957122342645 2.4
    endloop
  endfacet
  facet normal 0 0 1
    outer loop
      vertex 34.65 6.15 2.4
      vertex 31.33340818839997 4.24049502274298 2.4
      vertex 31.73540574923459 3.9423533121499585 2.4
    endloop
  endfacet
  facet normal 0 0 1
    outer loop
      vertex 21.15 7.35 2.4
      vertex 35.85 7.35 2.4
      vertex 36.349999999999994 13.75 2.4
    endloop
  endfacet
  facet normal 0 0 1
    outer loop
      vertex 37.75 -13.75 2.4
      vertex 39.975923635065556 14.490085698664188 2.4
      vertex 37.75 13.75 2.4
    endloop
  endfacet
  facet normal 0 0 1
    outer loop
      vertex 37.75 -13.75 2.4
      vertex 40 14 2.4
      vertex 39.975923635065556 14.490085698664188 2.4
    endloop
  endfacet
  facet normal 0 0 1
    outer loop
      vertex 35.85 6.15 2.4
      vertex 36.349999999999994 13.75 2.4
      vertex 35.85 7.35 2.4
    endloop
  endfacet
  facet normal 0 0 -1
    outer loop
      vertex 40 14 0
      vertex 11.904123357812587 4.49779844817661 0
      vertex 39.975923635065556 14.490085698664188 0
    endloop
  endfacet
  facet normal 0 0 -1
    outer loop
      vertex 39.975923635065556 14.490085698664188 0
      vertex 11.451685505061958 4.711785615807562 0
      vertex 39.9039264023304 14.975451610982418 0
    endloop
  endfacet
  facet normal 0.9987954563607843 0.049067671159865246 0
    outer loop
      vertex 40 14 0
      vertex 39.975923635065556 14.490085698664188 0
      vertex 40 14 2.4
    endloop
  endfacet
  facet normal 0.989176509724005 0.14673047607854153 0
    outer loop
      vertex 39.975923635065556 14.490085698664188 0
      vertex 39.9039264023304 14.975451610982418 0
      vertex 39.975923635065556 14.490085698664188 2.4
    endloop
  endfacet
  facet normal 0.9700312510179105 0.24298018859287093 0
    outer loop
      vertex 39.9039264023304 14.975451610982418 0
      vertex 39.78470167517662 15.45142338424921 0
      vertex 39.9039264023304 14.975451610982418 2.4
    endloop
  endfacet
  facet normal 0.941544067614677 0.33688984659619614 0
    outer loop
      vertex 39.78470167517662 15.45142338424921 0
      vertex 39.61939766258001 15.913417160511017 0
      vertex 39.78470167517662 15.45142338424921 2.4
    endloop
  endfacet
  facet normal 0.8577286066956991 0.5141027497065688 0
    outer loop
      vertex 39.40960632264614 16.356983684003353 0
      vertex 39.157348059117794 16.777851164340973 0
      vertex 39.40960632264614 16.356983684003353 2.4
    endloop
  endfacet
  facet normal 0.9039892942597553 0.42755509102775247 0
    outer loop
      vertex 39.61939766258001 15.913417160511017 0
      vertex 39.40960632264614 16.356983684003353 0
      vertex 39.61939766258001 15.913417160511017 2.4
    endloop
  endfacet
  facet normal 0.049067671159865246 0.9987954563607843 0
    outer loop
      vertex 35 19 0
      vertex 35.49008569866419 18.975923635065556 2.4
      vertex 35.49008569866419 18.975923635065556 0
    endloop
  endfacet
  facet normal 0.14673047607854153 0.989176509724005 0
    outer loop
      vertex 35.49008569866419 18.975923635065556 0
      vertex 35.97545161098242 18.9039264023304 2.4
      vertex 35.97545161098242 18.9039264023304 0
    endloop
  endfacet
  facet normal 0.33688984659619614 0.941544067614677 0
    outer loop
      vertex 36.45142338424921 18.78470167517662 0
      vertex 36.91341716051102 18.619397662580013 2.4
      vertex 36.91341716051102 18.619397662580013 0
    endloop
  endfacet
  facet normal 0.24298018859287093 0.9700312510179105 0
    outer loop
      vertex 35.97545161098242 18.9039264023304 0
      vertex 36.45142338424921 18.78470167517662 2.4
      vertex 36.45142338424921 18.78470167517662 0
    endloop
  endfacet
  facet normal 0.42755509102775247 0.9039892942597553 0
    outer loop
      vertex 36.91341716051102 18.619397662580013 0
      vertex 37.35698368400335 18.40960632264614 2.4
      vertex 37.35698368400335 18.40960632264614 0
    endloop
  endfacet
  facet normal 0.6715589557743871 0.7409511245144411 0
    outer loop
      vertex 38.5355339050293 17.535533905029297 0
      vertex 38.171966418623924 17.86505226790905 0
      vertex 38.5355339050293 17.535533905029297 2.4
    endloop
  endfacet
  facet normal 0.8032075338446832 0.5956993013048966 0
    outer loop
      vertex 39.157348059117794 16.777851164340973 0
      vertex 38.86505226790905 17.171966418623924 0
      vertex 39.157348059117794 16.777851164340973 2.4
    endloop
  endfacet
  facet normal 0.7409511245144411 0.6715589557743871 0
    outer loop
      vertex 38.5355339050293 17.535533905029297 0
      vertex 38.86505226790905 17.171966418623924 2.4
      vertex 38.86505226790905 17.171966418623924 0
    endloop
  endfacet
  facet normal 0.5956993013048966 0.8032075338446832 0
    outer loop
      vertex 37.77785116434097 18.157348059117794 0
      vertex 38.171966418623924 17.86505226790905 2.4
      vertex 38.171966418623924 17.86505226790905 0
    endloop
  endfacet
  facet normal 0.5141027497065688 0.8577286066956991 0
    outer loop
      vertex 37.35698368400335 18.40960632264614 0
      vertex 37.77785116434097 18.157348059117794 2.4
      vertex 37.77785116434097 18.157348059117794 0
    endloop
  endfacet
  facet normal 0 0 1
    outer loop
      vertex 16.85 7.35 2.4
      vertex 36.349999999999994 13.75 2.4
      vertex 39.9039264023304 14.975451610982418 2.4
    endloop
  endfacet
  facet normal 0 0 1
    outer loop
      vertex 36.349999999999994 13.75 2.4
      vertex 37.75 13.75 2.4
      vertex 39.9039264023304 14.975451610982418 2.4
    endloop
  endfacet
  facet normal 0.9987954563607843 0.049067671159865246 0
    outer loop
      vertex 39.975923635065556 14.490085698664188 0
      vertex 39.975923635065556 14.490085698664188 2.4
      vertex 40 14 2.4
    endloop
  endfacet
  facet normal 0.989176509724005 0.14673047607854153 0
    outer loop
      vertex 39.9039264023304 14.975451610982418 0
      vertex 39.9039264023304 14.975451610982418 2.4
      vertex 39.975923635065556 14.490085698664188 2.4
    endloop
  endfacet
  facet normal 0.9700312510179105 0.24298018859287093 0
    outer loop
      vertex 39.78470167517662 15.45142338424921 0
      vertex 39.78470167517662 15.45142338424921 2.4
      vertex 39.9039264023304 14.975451610982418 2.4
    endloop
  endfacet
  facet normal 0.941544067614677 0.33688984659619614 0
    outer loop
      vertex 39.61939766258001 15.913417160511017 0
      vertex 39.61939766258001 15.913417160511017 2.4
      vertex 39.78470167517662 15.45142338424921 2.4
    endloop
  endfacet
  facet normal 0.9039892942597553 0.42755509102775247 0
    outer loop
      vertex 39.40960632264614 16.356983684003353 0
      vertex 39.40960632264614 16.356983684003353 2.4
      vertex 39.61939766258001 15.913417160511017 2.4
    endloop
  endfacet
  facet normal 0.049067671159865246 0.9987954563607843 0
    outer loop
      vertex 35 19 0
      vertex 35 19 2.4
      vertex 35.49008569866419 18.975923635065556 2.4
    endloop
  endfacet
  facet normal 0.14673047607854153 0.989176509724005 0
    outer loop
      vertex 35.49008569866419 18.975923635065556 0
      vertex 35.49008569866419 18.975923635065556 2.4
      vertex 35.97545161098242 18.9039264023304 2.4
    endloop
  endfacet
  facet normal 0.24298018859287093 0.9700312510179105 0
    outer loop
      vertex 35.97545161098242 18.9039264023304 0
      vertex 35.97545161098242 18.9039264023304 2.4
      vertex 36.45142338424921 18.78470167517662 2.4
    endloop
  endfacet
  facet normal 0.5141027497065688 0.8577286066956991 0
    outer loop
      vertex 37.35698368400335 18.40960632264614 0
      vertex 37.35698368400335 18.40960632264614 2.4
      vertex 37.77785116434097 18.157348059117794 2.4
    endloop
  endfacet
  facet normal 0.33688984659619614 0.941544067614677 0
    outer loop
      vertex 36.45142338424921 18.78470167517662 0
      vertex 36.45142338424921 18.78470167517662 2.4
      vertex 36.91341716051102 18.619397662580013 2.4
    endloop
  endfacet
  facet normal 0.42755509102775247 0.9039892942597553 0
    outer loop
      vertex 36.91341716051102 18.619397662580013 0
      vertex 36.91341716051102 18.619397662580013 2.4
      vertex 37.35698368400335 18.40960632264614 2.4
    endloop
  endfacet
  facet normal 0.7409511245144411 0.6715589557743871 0
    outer loop
      vertex 38.5355339050293 17.535533905029297 0
      vertex 38.5355339050293 17.535533905029297 2.4
      vertex 38.86505226790905 17.171966418623924 2.4
    endloop
  endfacet
  facet normal 0.6715589557743871 0.7409511245144411 0
    outer loop
      vertex 38.171966418623924 17.86505226790905 0
      vertex 38.171966418623924 17.86505226790905 2.4
      vertex 38.5355339050293 17.535533905029297 2.4
    endloop
  endfacet
  facet normal 0.8577286066956991 0.5141027497065688 0
    outer loop
      vertex 39.157348059117794 16.777851164340973 0
      vertex 39.157348059117794 16.777851164340973 2.4
      vertex 39.40960632264614 16.356983684003353 2.4
    endloop
  endfacet
  facet normal 0.8032075338446832 0.5956993013048966 0
    outer loop
      vertex 38.86505226790905 17.171966418623924 0
      vertex 38.86505226790905 17.171966418623924 2.4
      vertex 39.157348059117794 16.777851164340973 2.4
    endloop
  endfacet
  facet normal 0.5956993013048966 0.8032075338446832 0
    outer loop
      vertex 37.77785116434097 18.157348059117794 0
      vertex 37.77785116434097 18.157348059117794 2.4
      vertex 38.171966418623924 17.86505226790905 2.4
    endloop
  endfacet
  facet normal 0 0 1
    outer loop
      vertex 34.75 15.350000000000001 2.4
      vertex 38.86505226790905 17.171966418623924 2.4
      vertex 34.75 16.75 2.4
    endloop
  endfacet
  facet normal 0 0 1
    outer loop
      vertex 34.75 15.350000000000001 2.4
      vertex 39.9039264023304 14.975451610982418 2.4
      vertex 39.78470167517662 15.45142338424921 2.4
    endloop
  endfacet
  facet normal 0 0 1
    outer loop
      vertex 37.75 13.75 2.4
      vertex 39.975923635065556 14.490085698664188 2.4
      vertex 39.9039264023304 14.975451610982418 2.4
    endloop
  endfacet
  facet normal 0 0 1
    outer loop
      vertex 34.75 15.350000000000001 2.4
      vertex 39.78470167517662 15.45142338424921 2.4
      vertex 39.61939766258001 15.913417160511017 2.4
    endloop
  endfacet
  facet normal 0 0 1
    outer loop
      vertex 34.75 15.350000000000001 2.4
      vertex 39.61939766258001 15.913417160511017 2.4
      vertex 39.40960632264614 16.356983684003353 2.4
    endloop
  endfacet
  facet normal 0 0 1
    outer loop
      vertex 34.75 15.350000000000001 2.4
      vertex 39.40960632264614 16.356983684003353 2.4
      vertex 39.157348059117794 16.777851164340973 2.4
    endloop
  endfacet
  facet normal 0 0 1
    outer loop
      vertex 34.75 15.350000000000001 2.4
      vertex 39.157348059117794 16.777851164340973 2.4
      vertex 38.86505226790905 17.171966418623924 2.4
    endloop
  endfacet
  facet normal 0 0 1
    outer loop
      vertex 34.75 16.75 2.4
      vertex 38.86505226790905 17.171966418623924 2.4
      vertex 38.5355339050293 17.535533905029297 2.4
    endloop
  endfacet
  facet normal -1 0 0
    outer loop
      vertex -34.75 15.350000000000001 2.4
      vertex -34.75 16.75 5.6
      vertex -34.75 16.75 2.4
    endloop
  endfacet
  facet normal 0 1 0
    outer loop
      vertex -34.75 16.75 2.4
      vertex -28.8 16.75 4.7
      vertex -28.8 16.75 3.7
    endloop
  endfacet
  facet normal -1 0 0
    outer loop
      vertex -34.75 15.350000000000001 2.4
      vertex -34.75 15.350000000000001 5.6
      vertex -34.75 16.75 5.6
    endloop
  endfacet
  facet normal 0 1 0
    outer loop
      vertex -34.75 16.75 2.4
      vertex -34.75 16.75 5.6
      vertex -28.8 16.75 4.7
    endloop
  endfacet
  facet normal 0 1 0
    outer loop
      vertex -34.75 16.75 5.6
      vertex -25.2 16.75 4.7
      vertex -28.8 16.75 4.7
    endloop
  endfacet
  facet normal 0 1 0
    outer loop
      vertex -34.75 16.75 2.4
      vertex -28.8 16.75 3.7
      vertex 34.75 16.75 2.4
    endloop
  endfacet
  facet normal 0 1 0
    outer loop
      vertex -28.8 16.75 3.7
      vertex -25.2 16.75 3.7
      vertex 34.75 16.75 2.4
    endloop
  endfacet
  facet normal 0 1 0
    outer loop
      vertex -25.2 16.75 3.7
      vertex -25.2 16.75 4.7
      vertex 34.75 16.75 2.4
    endloop
  endfacet
  facet normal 0 -1 0
    outer loop
      vertex -34.75 15.350000000000001 2.4
      vertex 34.75 15.350000000000001 5.6
      vertex -34.75 15.350000000000001 5.6
    endloop
  endfacet
  facet normal 0 0 1
    outer loop
      vertex -34.75 15.350000000000001 5.6
      vertex 34.75 15.350000000000001 5.6
      vertex -34.75 16.75 5.6
    endloop
  endfacet
  facet normal 0 1 0
    outer loop
      vertex -34.75 16.75 5.6
      vertex 34.75 16.75 2.4
      vertex -25.2 16.75 4.7
    endloop
  endfacet
  facet normal 0 1 0
    outer loop
      vertex -34.75 16.75 5.6
      vertex 25.2 16.75 3.7
      vertex 34.75 16.75 2.4
    endloop
  endfacet
  facet normal 0 -1 0
    outer loop
      vertex -34.75 15.350000000000001 2.4
      vertex 34.75 15.350000000000001 2.4
      vertex 34.75 15.350000000000001 5.6
    endloop
  endfacet
  facet normal 0 1 0
    outer loop
      vertex -34.75 16.75 5.6
      vertex 25.2 16.75 4.7
      vertex 25.2 16.75 3.7
    endloop
  endfacet
  facet normal 0 1 0
    outer loop
      vertex -34.75 16.75 5.6
      vertex 28.8 16.75 4.7
      vertex 25.2 16.75 4.7
    endloop
  endfacet
  facet normal 0 1 0
    outer loop
      vertex -34.75 16.75 5.6
      vertex 34.75 16.75 5.6
      vertex 28.8 16.75 4.7
    endloop
  endfacet
  facet normal 0 0 1
    outer loop
      vertex -34.75 16.75 5.6
      vertex 34.75 15.350000000000001 5.6
      vertex 34.75 16.75 5.6
    endloop
  endfacet
  facet normal 0 1 0
    outer loop
      vertex 34.75 16.75 2.4
      vertex 25.2 16.75 3.7
      vertex 28.8 16.75 3.7
    endloop
  endfacet
  facet normal 1 0 0
    outer loop
      vertex 34.75 15.350000000000001 2.4
      vertex 34.75 16.75 2.4
      vertex 34.75 15.350000000000001 5.6
    endloop
  endfacet
  facet normal 0 1 0
    outer loop
      vertex 34.75 16.75 2.4
      vertex 28.8 16.75 3.7
      vertex 28.8 16.75 4.7
    endloop
  endfacet
  facet normal 1 0 0
    outer loop
      vertex 34.75 16.75 2.4
      vertex 34.75 16.75 5.6
      vertex 34.75 15.350000000000001 5.6
    endloop
  endfacet
  facet normal 0 1 0
    outer loop
      vertex 34.75 16.75 2.4
      vertex 28.8 16.75 4.7
      vertex 34.75 16.75 5.6
    endloop
  endfacet
  facet normal -1 0 0
    outer loop
      vertex -34.75 -16.75 2.4
      vertex -34.75 -15.350000000000001 5.6
      vertex -34.75 -15.350000000000001 2.4
    endloop
  endfacet
  facet normal 0 -1 0
    outer loop
      vertex -34.75 -16.75 2.4
      vertex -28.8 -16.75 3.7
      vertex -34.75 -16.75 5.6
    endloop
  endfacet
  facet normal 0 -1 0
    outer loop
      vertex -34.75 -16.75 2.4
      vertex -25.2 -16.75 3.7
      vertex -28.8 -16.75 3.7
    endloop
  endfacet
  facet normal 0 -1 0
    outer loop
      vertex -28.8 -16.75 3.7
      vertex -28.8 -16.75 4.7
      vertex -34.75 -16.75 5.6
    endloop
  endfacet
  facet normal -1 0 0
    outer loop
      vertex -34.75 -16.75 2.4
      vertex -34.75 -16.75 5.6
      vertex -34.75 -15.350000000000001 5.6
    endloop
  endfacet
  facet normal 0 1 0
    outer loop
      vertex -34.75 -15.350000000000001 2.4
      vertex -34.75 -15.350000000000001 5.6
      vertex 34.75 -15.350000000000001 2.4
    endloop
  endfacet
  facet normal 0 -1 0
    outer loop
      vertex -34.75 -16.75 2.4
      vertex 34.75 -16.75 5.6
      vertex -25.2 -16.75 3.7
    endloop
  endfacet
  facet normal 0 0 1
    outer loop
      vertex -34.75 -16.75 5.6
      vertex 34.75 -16.75 5.6
      vertex -34.75 -15.350000000000001 5.6
    endloop
  endfacet
  facet normal 0 -1 0
    outer loop
      vertex -25.2 -16.75 3.7
      vertex 34.75 -16.75 5.6
      vertex -25.2 -16.75 4.7
    endloop
  endfacet
  facet normal 0 -1 0
    outer loop
      vertex -28.8 -16.75 4.7
      vertex -25.2 -16.75 4.7
      vertex 34.75 -16.75 5.6
    endloop
  endfacet
  facet normal 0 -1 0
    outer loop
      vertex -34.75 -16.75 5.6
      vertex -28.8 -16.75 4.7
      vertex 34.75 -16.75 5.6
    endloop
  endfacet
  facet normal 0 -1 0
    outer loop
      vertex -34.75 -16.75 2.4
      vertex 34.75 -16.75 2.4
      vertex 25.2 -16.75 3.7
    endloop
  endfacet
  facet normal 0 -1 0
    outer loop
      vertex -34.75 -16.75 2.4
      vertex 25.2 -16.75 3.7
      vertex 25.2 -16.75 4.7
    endloop
  endfacet
  facet normal 0 -1 0
    outer loop
      vertex -34.75 -16.75 2.4
      vertex 25.2 -16.75 4.7
      vertex 34.75 -16.75 5.6
    endloop
  endfacet
  facet normal 0 1 0
    outer loop
      vertex -34.75 -15.350000000000001 5.6
      vertex 34.75 -15.350000000000001 5.6
      vertex 34.75 -15.350000000000001 2.4
    endloop
  endfacet
  facet normal 0 0 1
    outer loop
      vertex -34.75 -15.350000000000001 5.6
      vertex 34.75 -16.75 5.6
      vertex 34.75 -15.350000000000001 5.6
    endloop
  endfacet
  facet normal 0 -1 0
    outer loop
      vertex 34.75 -16.75 2.4
      vertex 28.8 -16.75 3.7
      vertex 25.2 -16.75 3.7
    endloop
  endfacet
  facet normal 1 0 0
    outer loop
      vertex 34.75 -16.75 2.4
      vertex 34.75 -15.350000000000001 2.4
      vertex 34.75 -16.75 5.6
    endloop
  endfacet
  facet normal 0 -1 0
    outer loop
      vertex 34.75 -16.75 2.4
      vertex 34.75 -16.75 5.6
      vertex 28.8 -16.75 3.7
    endloop
  endfacet
  facet normal 0 -1 0
    outer loop
      vertex 25.2 -16.75 4.7
      vertex 28.8 -16.75 4.7
      vertex 34.75 -16.75 5.6
    endloop
  endfacet
  facet normal 0 -1 0
    outer loop
      vertex 28.8 -16.75 3.7
      vertex 34.75 -16.75 5.6
      vertex 28.8 -16.75 4.7
    endloop
  endfacet
  facet normal 1 0 0
    outer loop
      vertex 34.75 -15.350000000000001 2.4
      vertex 34.75 -15.350000000000001 5.6
      vertex 34.75 -16.75 5.6
    endloop
  endfacet
  facet normal 0.33688985339221933 0.941544065183021 0
    outer loop
      vertex -30.451685505061956 -4.711785615807562 2.4
      vertex -29.980451853997756 -4.8803957122342645 0
      vertex -30.451685505061956 -4.711785615807562 0
    endloop
  endfacet
  facet normal 0.8032075314806519 0.5956993044924239 0
    outer loop
      vertex -32.74049502274298 -2.833408188399971 2.4
      vertex -32.44235331214996 -3.235405749234592 0
      vertex -32.74049502274298 -2.833408188399971 0
    endloop
  endfacet
  facet normal 0.857728610000269 0.514102744193227 0
    outer loop
      vertex -32.99779844817661 -2.404123357812588 2.4
      vertex -32.74049502274298 -2.833408188399971 0
      vertex -32.99779844817661 -2.404123357812588 0
    endloop
  endfacet
  facet normal 0.6715589548470138 0.7409511253549632 -1.2538324138629168e-18
    outer loop
      vertex -31.73540574923459 -3.9423533121499585 0
      vertex -32.106244584051396 -3.6062445840513924 0
      vertex -32.106244584051396 -3.6062445840513924 2.4
    endloop
  endfacet
  facet normal 0.5956993044924338 0.8032075314806446 0
    outer loop
      vertex -31.73540574923459 -3.9423533121499585 2.4
      vertex -31.33340818839997 -4.24049502274298 0
      vertex -31.73540574923459 -3.9423533121499585 0
    endloop
  endfacet
  facet normal 0.42755509343028225 0.9039892931234433 -1.075042049565944e-18
    outer loop
      vertex -30.451685505061956 -4.711785615807562 0
      vertex -30.904123357812587 -4.49779844817661 0
      vertex -30.904123357812587 -4.49779844817661 2.4
    endloop
  endfacet
  facet normal 0.5141027441932204 0.8577286100002727 3.5345828276107235e-18
    outer loop
      vertex -30.904123357812587 -4.49779844817661 0
      vertex -31.33340818839997 -4.24049502274298 0
      vertex -31.33340818839997 -4.24049502274298 2.4
    endloop
  endfacet
  facet normal 0.7409511253549597 0.6715589548470178 0
    outer loop
      vertex -32.44235331214996 -3.235405749234592 2.4
      vertex -32.106244584051396 -3.6062445840513924 0
      vertex -32.44235331214996 -3.235405749234592 0
    endloop
  endfacet
  facet normal 0.9039892931234417 0.4275550934302856 0
    outer loop
      vertex -33.211785615807564 -1.9516855050619577 2.4
      vertex -32.99779844817661 -2.404123357812588 0
      vertex -33.211785615807564 -1.9516855050619577 0
    endloop
  endfacet
  facet normal 0.9415440651830245 0.3368898533922098 0
    outer loop
      vertex -33.38039571223426 -1.4804518539977578 2.4
      vertex -33.211785615807564 -1.9516855050619577 0
      vertex -33.38039571223426 -1.4804518539977578 0
    endloop
  endfacet
  facet normal 0.9700312531945434 0.24298017990326612 0
    outer loop
      vertex -33.50200493005647 -0.994960642282254 2.4
      vertex -33.38039571223426 -1.4804518539977578 0
      vertex -33.50200493005647 -0.994960642282254 0
    endloop
  endfacet
  facet normal 0.9891765099647796 0.14673047445537069 0
    outer loop
      vertex -33.575442106028206 -0.49988741568075906 2.4
      vertex -33.50200493005647 -0.994960642282254 0
      vertex -33.575442106028206 -0.49988741568075906 0
    endloop
  endfacet
  facet normal 0.9987954562051724 0.04906767432741798 0
    outer loop
      vertex -33.6 0 2.4
      vertex -33.575442106028206 -0.49988741568075906 0
      vertex -33.6 0 0
    endloop
  endfacet
  facet normal 0.24298017990326545 0.9700312531945436 0
    outer loop
      vertex -29.980451853997756 -4.8803957122342645 2.4
      vertex -29.494960642282255 -5.002004930056475 0
      vertex -29.980451853997756 -4.8803957122342645 0
    endloop
  endfacet
  facet normal 0.04906767432741786 0.9987954562051724 0
    outer loop
      vertex -28.99988741568076 -5.075442106028204 2.4
      vertex -28.5 -5.1 0
      vertex -28.99988741568076 -5.075442106028204 0
    endloop
  endfacet
  facet normal 0.1467304744553621 0.9891765099647809 0
    outer loop
      vertex -29.494960642282255 -5.002004930056475 2.4
      vertex -28.99988741568076 -5.075442106028204 0
      vertex -29.494960642282255 -5.002004930056475 0
    endloop
  endfacet
  facet normal -0.04906767432741786 0.9987954562051724 0
    outer loop
      vertex -28.5 -5.1 2.4
      vertex -28.00011258431924 -5.075442106028204 0
      vertex -28.5 -5.1 0
    endloop
  endfacet
  facet normal -0.1467304744553621 0.9891765099647809 0
    outer loop
      vertex -28.00011258431924 -5.075442106028204 2.4
      vertex -27.505039357717745 -5.002004930056475 0
      vertex -28.00011258431924 -5.075442106028204 0
    endloop
  endfacet
  facet normal -0.24298017990326545 0.9700312531945436 0
    outer loop
      vertex -27.505039357717745 -5.002004930056475 2.4
      vertex -27.019548146002244 -4.8803957122342645 0
      vertex -27.505039357717745 -5.002004930056475 0
    endloop
  endfacet
  facet normal -0.33688985339221933 0.941544065183021 0
    outer loop
      vertex -27.019548146002244 -4.8803957122342645 2.4
      vertex -26.548314494938044 -4.711785615807562 0
      vertex -27.019548146002244 -4.8803957122342645 0
    endloop
  endfacet
  facet normal -0.42755509343028225 0.9039892931234433 0
    outer loop
      vertex -26.548314494938044 -4.711785615807562 2.4
      vertex -26.095876642187413 -4.49779844817661 0
      vertex -26.548314494938044 -4.711785615807562 0
    endloop
  endfacet
  facet normal -0.5141027441932204 0.8577286100002727 0
    outer loop
      vertex -26.095876642187413 -4.49779844817661 2.4
      vertex -25.66659181160003 -4.24049502274298 0
      vertex -26.095876642187413 -4.49779844817661 0
    endloop
  endfacet
  facet normal -0.5956993044924338 0.8032075314806446 0
    outer loop
      vertex -25.66659181160003 -4.24049502274298 2.4
      vertex -25.26459425076541 -3.9423533121499585 0
      vertex -25.66659181160003 -4.24049502274298 0
    endloop
  endfacet
  facet normal -0.6715589548470173 0.74095112535496 0
    outer loop
      vertex -25.26459425076541 -3.9423533121499585 2.4
      vertex -24.893755415948608 -3.6062445840513924 0
      vertex -25.26459425076541 -3.9423533121499585 0
    endloop
  endfacet
  facet normal -0.7409511253549597 0.6715589548470178 1.242633690107275e-16
    outer loop
      vertex -24.893755415948608 -3.6062445840513924 0
      vertex -24.893755415948608 -3.606244584051393 2.4
      vertex -24.557646687850042 -3.235405749234592 0
    endloop
  endfacet
  facet normal -0.8032075314806452 0.5956993044924331 0
    outer loop
      vertex -24.557646687850042 -3.235405749234592 2.4
      vertex -24.25950497725702 -2.833408188399971 0
      vertex -24.557646687850042 -3.235405749234592 0
    endloop
  endfacet
  facet normal -0.857728610000272 0.5141027441932217 0
    outer loop
      vertex -24.25950497725702 -2.833408188399971 2.4
      vertex -24.00220155182339 -2.404123357812588 0
      vertex -24.25950497725702 -2.833408188399971 0
    endloop
  endfacet
  facet normal -0.9039892931234417 0.4275550934302856 0
    outer loop
      vertex -24.00220155182339 -2.404123357812588 2.4
      vertex -23.788214384192436 -1.9516855050619577 0
      vertex -24.00220155182339 -2.404123357812588 0
    endloop
  endfacet
  facet normal -0.9415440651830222 0.3368898533922161 0
    outer loop
      vertex -23.788214384192436 -1.9516855050619577 2.4
      vertex -23.619604287765736 -1.4804518539977578 0
      vertex -23.788214384192436 -1.9516855050619577 0
    endloop
  endfacet
  facet normal -0.9700312531945434 0.24298017990326612 0
    outer loop
      vertex -23.619604287765736 -1.4804518539977578 2.4
      vertex -23.497995069943524 -0.994960642282254 0
      vertex -23.619604287765736 -1.4804518539977578 0
    endloop
  endfacet
  facet normal -0.9891765099647807 0.14673047445536377 0
    outer loop
      vertex -23.497995069943524 -0.994960642282254 2.4
      vertex -23.424557893971794 -0.49988741568075906 0
      vertex -23.497995069943524 -0.994960642282254 0
    endloop
  endfacet
  facet normal -0.9987954562051724 0.04906767432741798 0
    outer loop
      vertex -23.424557893971794 -0.49988741568075906 2.4
      vertex -23.4 0 0
      vertex -23.424557893971794 -0.49988741568075906 0
    endloop
  endfacet
  facet normal 0.33688985339221933 0.941544065183021 0
    outer loop
      vertex -29.980451853997756 -4.8803957122342645 2.4
      vertex -29.980451853997756 -4.8803957122342645 0
      vertex -30.451685505061956 -4.711785615807562 2.4
    endloop
  endfacet
  facet normal 0.8032075314806519 0.5956993044924239 5.493042139703943e-18
    outer loop
      vertex -32.74049502274298 -2.833408188399971 2.4
      vertex -32.44235331214996 -3.235405749234592 2.4
      vertex -32.44235331214996 -3.235405749234592 0
    endloop
  endfacet
  facet normal 0.857728610000269 0.514102744193227 1.2725497221114685e-18
    outer loop
      vertex -32.99779844817661 -2.404123357812588 2.4
      vertex -32.74049502274298 -2.833408188399971 2.4
      vertex -32.74049502274298 -2.833408188399971 0
    endloop
  endfacet
  facet normal 0.5956993044924338 0.8032075314806446 0
    outer loop
      vertex -31.33340818839997 -4.24049502274298 2.4
      vertex -31.33340818839997 -4.24049502274298 0
      vertex -31.73540574923459 -3.9423533121499585 2.4
    endloop
  endfacet
  facet normal 0.6715589548470138 0.7409511253549632 0
    outer loop
      vertex -31.73540574923459 -3.9423533121499585 2.4
      vertex -31.73540574923459 -3.9423533121499585 0
      vertex -32.106244584051396 -3.6062445840513924 2.4
    endloop
  endfacet
  facet normal 0.5141027441932204 0.8577286100002727 3.5345828276107235e-18
    outer loop
      vertex -31.33340818839997 -4.24049502274298 2.4
      vertex -30.904123357812587 -4.49779844817661 2.4
      vertex -30.904123357812587 -4.49779844817661 0
    endloop
  endfacet
  facet normal 0.42755509343028225 0.9039892931234433 0
    outer loop
      vertex -30.451685505061956 -4.711785615807562 2.4
      vertex -30.451685505061956 -4.711785615807562 0
      vertex -30.904123357812587 -4.49779844817661 2.4
    endloop
  endfacet
  facet normal 0.7409511253549597 0.6715589548470178 3.617533317553929e-18
    outer loop
      vertex -32.44235331214996 -3.235405749234592 2.4
      vertex -32.106244584051396 -3.6062445840513924 2.4
      vertex -32.106244584051396 -3.6062445840513924 0
    endloop
  endfacet
  facet normal 0.9415440651830245 0.3368898533922098 4.456653409585959e-18
    outer loop
      vertex -33.38039571223426 -1.4804518539977578 2.4
      vertex -33.211785615807564 -1.9516855050619577 2.4
      vertex -33.211785615807564 -1.9516855050619577 0
    endloop
  endfacet
  facet normal 0.9039892931234417 0.4275550934302856 3.076577824224428e-18
    outer loop
      vertex -33.211785615807564 -1.9516855050619577 2.4
      vertex -32.99779844817661 -2.404123357812588 2.4
      vertex -32.99779844817661 -2.404123357812588 0
    endloop
  endfacet
  facet normal 0.9700312531945434 0.24298017990326612 1.7431439933442612e-18
    outer loop
      vertex -33.50200493005647 -0.994960642282254 2.4
      vertex -33.38039571223426 -1.4804518539977578 2.4
      vertex -33.38039571223426 -1.4804518539977578 0
    endloop
  endfacet
  facet normal 0.9891765099647796 0.14673047445537069 1.5231653680907143e-18
    outer loop
      vertex -33.575442106028206 -0.49988741568075906 2.4
      vertex -33.50200493005647 -0.994960642282254 2.4
      vertex -33.50200493005647 -0.994960642282254 0
    endloop
  endfacet
  facet normal 0.9987954562051724 0.04906767432741798 6.524216685472369e-19
    outer loop
      vertex -33.6 0 2.4
      vertex -33.575442106028206 -0.49988741568075906 2.4
      vertex -33.575442106028206 -0.49988741568075906 0
    endloop
  endfacet
  facet normal 0.24298017990326545 0.9700312531945436 0
    outer loop
      vertex -29.494960642282255 -5.002004930056475 2.4
      vertex -29.494960642282255 -5.002004930056475 0
      vertex -29.980451853997756 -4.8803957122342645 2.4
    endloop
  endfacet
  facet normal 0.1467304744553621 0.9891765099647809 0
    outer loop
      vertex -28.99988741568076 -5.075442106028204 2.4
      vertex -28.99988741568076 -5.075442106028204 0
      vertex -29.494960642282255 -5.002004930056475 2.4
    endloop
  endfacet
  facet normal 0.04906767432741786 0.9987954562051724 0
    outer loop
      vertex -28.5 -5.1 2.4
      vertex -28.5 -5.1 0
      vertex -28.99988741568076 -5.075442106028204 2.4
    endloop
  endfacet
  facet normal -0.04906767432741786 0.9987954562051724 0
    outer loop
      vertex -28.00011258431924 -5.075442106028204 2.4
      vertex -28.00011258431924 -5.075442106028204 0
      vertex -28.5 -5.1 2.4
    endloop
  endfacet
  facet normal -0.1467304744553621 0.9891765099647809 0
    outer loop
      vertex -27.505039357717745 -5.002004930056475 2.4
      vertex -27.505039357717745 -5.002004930056475 0
      vertex -28.00011258431924 -5.075442106028204 2.4
    endloop
  endfacet
  facet normal -0.24298017990326545 0.9700312531945436 0
    outer loop
      vertex -27.019548146002244 -4.8803957122342645 2.4
      vertex -27.019548146002244 -4.8803957122342645 0
      vertex -27.505039357717745 -5.002004930056475 2.4
    endloop
  endfacet
  facet normal -0.33688985339221933 0.941544065183021 0
    outer loop
      vertex -26.548314494938044 -4.711785615807562 2.4
      vertex -26.548314494938044 -4.711785615807562 0
      vertex -27.019548146002244 -4.8803957122342645 2.4
    endloop
  endfacet
  facet normal -0.42755509343028225 0.9039892931234433 0
    outer loop
      vertex -26.095876642187413 -4.49779844817661 2.4
      vertex -26.095876642187413 -4.49779844817661 0
      vertex -26.548314494938044 -4.711785615807562 2.4
    endloop
  endfacet
  facet normal -0.5141027441932204 0.8577286100002727 0
    outer loop
      vertex -25.66659181160003 -4.24049502274298 2.4
      vertex -25.66659181160003 -4.24049502274298 0
      vertex -26.095876642187413 -4.49779844817661 2.4
    endloop
  endfacet
  facet normal -0.5956993044924338 0.8032075314806446 0
    outer loop
      vertex -25.26459425076541 -3.9423533121499585 2.4
      vertex -25.26459425076541 -3.9423533121499585 0
      vertex -25.66659181160003 -4.24049502274298 2.4
    endloop
  endfacet
  facet normal -0.6715589548470169 0.7409511253549605 1.371034999151663e-16
    outer loop
      vertex -24.893755415948608 -3.606244584051393 2.4
      vertex -24.893755415948608 -3.6062445840513924 0
      vertex -25.26459425076541 -3.9423533121499585 2.4
    endloop
  endfacet
  facet normal -0.7409511253549601 0.6715589548470172 5.110892475440295e-18
    outer loop
      vertex -24.893755415948608 -3.606244584051393 2.4
      vertex -24.557646687850042 -3.235405749234592 2.4
      vertex -24.557646687850042 -3.235405749234592 0
    endloop
  endfacet
  facet normal -0.8032075314806452 0.5956993044924331 4.012608569157101e-18
    outer loop
      vertex -24.557646687850042 -3.235405749234592 2.4
      vertex -24.25950497725702 -2.833408188399971 2.4
      vertex -24.25950497725702 -2.833408188399971 0
    endloop
  endfacet
  facet normal -0.857728610000272 0.5141027441932217 -8.157659642349279e-20
    outer loop
      vertex -24.25950497725702 -2.833408188399971 2.4
      vertex -24.00220155182339 -2.404123357812588 2.4
      vertex -24.00220155182339 -2.404123357812588 0
    endloop
  endfacet
  facet normal -0.9039892931234417 0.4275550934302856 -3.076577824224428e-18
    outer loop
      vertex -24.00220155182339 -2.404123357812588 2.4
      vertex -23.788214384192436 -1.9516855050619577 2.4
      vertex -23.788214384192436 -1.9516855050619577 0
    endloop
  endfacet
  facet normal -0.9415440651830222 0.3368898533922161 2.8892277980940117e-18
    outer loop
      vertex -23.788214384192436 -1.9516855050619577 2.4
      vertex -23.619604287765736 -1.4804518539977578 2.4
      vertex -23.619604287765736 -1.4804518539977578 0
    endloop
  endfacet
  facet normal -0.9700312531945434 0.24298017990326612 -1.7431439933442612e-18
    outer loop
      vertex -23.619604287765736 -1.4804518539977578 2.4
      vertex -23.497995069943524 -0.994960642282254 2.4
      vertex -23.497995069943524 -0.994960642282254 0
    endloop
  endfacet
  facet normal -0.9891765099647807 0.14673047445536377 1.4952311221147243e-18
    outer loop
      vertex -23.497995069943524 -0.994960642282254 2.4
      vertex -23.424557893971794 -0.49988741568075906 2.4
      vertex -23.424557893971794 -0.49988741568075906 0
    endloop
  endfacet
  facet normal -0.9987954562051724 0.04906767432741798 -6.524216685472369e-19
    outer loop
      vertex -23.424557893971794 -0.49988741568075906 2.4
      vertex -23.4 0 2.4
      vertex -23.4 0 0
    endloop
  endfacet
  facet normal 0.9987954562051724 -0.04906767432741798 0
    outer loop
      vertex -33.575442106028206 0.49988741568075906 2.4
      vertex -33.6 0 0
      vertex -33.575442106028206 0.49988741568075906 0
    endloop
  endfacet
  facet normal 0.9891765099647796 -0.14673047445537069 0
    outer loop
      vertex -33.50200493005647 0.994960642282254 2.4
      vertex -33.575442106028206 0.49988741568075906 0
      vertex -33.50200493005647 0.994960642282254 0
    endloop
  endfacet
  facet normal 0.9700312531945434 -0.24298017990326612 0
    outer loop
      vertex -33.38039571223426 1.4804518539977578 2.4
      vertex -33.50200493005647 0.994960642282254 0
      vertex -33.38039571223426 1.4804518539977578 0
    endloop
  endfacet
  facet normal 0.9415440651830245 -0.3368898533922098 0
    outer loop
      vertex -33.211785615807564 1.9516855050619577 2.4
      vertex -33.38039571223426 1.4804518539977578 0
      vertex -33.211785615807564 1.9516855050619577 0
    endloop
  endfacet
  facet normal 0.9039892931234417 -0.4275550934302856 0
    outer loop
      vertex -32.99779844817661 2.404123357812588 2.4
      vertex -33.211785615807564 1.9516855050619577 0
      vertex -32.99779844817661 2.404123357812588 0
    endloop
  endfacet
  facet normal 0.857728610000269 -0.514102744193227 0
    outer loop
      vertex -32.74049502274298 2.833408188399971 2.4
      vertex -32.99779844817661 2.404123357812588 0
      vertex -32.74049502274298 2.833408188399971 0
    endloop
  endfacet
  facet normal 0.8032075314806519 -0.5956993044924239 0
    outer loop
      vertex -32.44235331214996 3.235405749234592 2.4
      vertex -32.74049502274298 2.833408188399971 0
      vertex -32.44235331214996 3.235405749234592 0
    endloop
  endfacet
  facet normal 0.7409511253549597 -0.6715589548470178 6.213168450536375e-16
    outer loop
      vertex -32.106244584051396 3.6062445840513946 2.4
      vertex -32.44235331214996 3.235405749234592 0
      vertex -32.106244584051396 3.6062445840513924 0
    endloop
  endfacet
  facet normal 0.6715589548470138 -0.7409511253549632 0
    outer loop
      vertex -31.73540574923459 3.9423533121499585 2.4
      vertex -32.106244584051396 3.6062445840513924 0
      vertex -31.73540574923459 3.9423533121499585 0
    endloop
  endfacet
  facet normal 0.5956993044924338 -0.8032075314806446 0
    outer loop
      vertex -31.33340818839997 4.24049502274298 2.4
      vertex -31.73540574923459 3.9423533121499585 0
      vertex -31.33340818839997 4.24049502274298 0
    endloop
  endfacet
  facet normal 0.5141027441932204 -0.8577286100002727 0
    outer loop
      vertex -30.904123357812587 4.49779844817661 2.4
      vertex -31.33340818839997 4.24049502274298 0
      vertex -30.904123357812587 4.49779844817661 0
    endloop
  endfacet
  facet normal 0.42755509343028225 -0.9039892931234433 0
    outer loop
      vertex -30.451685505061956 4.711785615807562 2.4
      vertex -30.904123357812587 4.49779844817661 0
      vertex -30.451685505061956 4.711785615807562 0
    endloop
  endfacet
  facet normal 0.33688985339221933 -0.941544065183021 0
    outer loop
      vertex -29.980451853997756 4.8803957122342645 2.4
      vertex -30.451685505061956 4.711785615807562 0
      vertex -29.980451853997756 4.8803957122342645 0
    endloop
  endfacet
  facet normal -0.6715589548470173 -0.74095112535496 0
    outer loop
      vertex -24.893755415948608 3.6062445840513924 2.4
      vertex -25.26459425076541 3.9423533121499585 0
      vertex -24.893755415948608 3.6062445840513924 0
    endloop
  endfacet
  facet normal -0.5956993044924338 -0.8032075314806446 0
    outer loop
      vertex -25.26459425076541 3.9423533121499585 2.4
      vertex -25.66659181160003 4.24049502274298 0
      vertex -25.26459425076541 3.9423533121499585 0
    endloop
  endfacet
  facet normal -0.5141027441932204 -0.8577286100002727 0
    outer loop
      vertex -25.66659181160003 4.24049502274298 2.4
      vertex -26.095876642187413 4.49779844817661 0
      vertex -25.66659181160003 4.24049502274298 0
    endloop
  endfacet
  facet normal -0.42755509343028225 -0.9039892931234433 0
    outer loop
      vertex -26.095876642187413 4.49779844817661 2.4
      vertex -26.548314494938044 4.711785615807562 0
      vertex -26.095876642187413 4.49779844817661 0
    endloop
  endfacet
  facet normal -0.9987954562051724 -0.04906767432741798 0
    outer loop
      vertex -23.4 0 2.4
      vertex -23.424557893971794 0.49988741568075906 0
      vertex -23.4 0 0
    endloop
  endfacet
  facet normal -0.9891765099647807 -0.14673047445536377 0
    outer loop
      vertex -23.424557893971794 0.49988741568075906 2.4
      vertex -23.497995069943524 0.994960642282254 0
      vertex -23.424557893971794 0.49988741568075906 0
    endloop
  endfacet
  facet normal -0.9700312531945434 -0.24298017990326612 0
    outer loop
      vertex -23.497995069943524 0.994960642282254 2.4
      vertex -23.619604287765736 1.4804518539977578 0
      vertex -23.497995069943524 0.994960642282254 0
    endloop
  endfacet
  facet normal -0.9039892931234417 -0.4275550934302856 0
    outer loop
      vertex -23.788214384192436 1.9516855050619577 2.4
      vertex -24.00220155182339 2.404123357812588 0
      vertex -23.788214384192436 1.9516855050619577 0
    endloop
  endfacet
  facet normal -0.9415440651830222 -0.3368898533922161 0
    outer loop
      vertex -23.619604287765736 1.4804518539977578 2.4
      vertex -23.788214384192436 1.9516855050619577 0
      vertex -23.619604287765736 1.4804518539977578 0
    endloop
  endfacet
  facet normal -0.857728610000272 -0.5141027441932217 0
    outer loop
      vertex -24.00220155182339 2.404123357812588 2.4
      vertex -24.25950497725702 2.833408188399971 0
      vertex -24.00220155182339 2.404123357812588 0
    endloop
  endfacet
  facet normal -0.8032075314806452 -0.5956993044924331 0
    outer loop
      vertex -24.25950497725702 2.833408188399971 2.4
      vertex -24.557646687850042 3.235405749234592 0
      vertex -24.25950497725702 2.833408188399971 0
    endloop
  endfacet
  facet normal -0.7409511253549597 -0.6715589548470178 0
    outer loop
      vertex -24.557646687850042 3.235405749234592 2.4
      vertex -24.893755415948608 3.6062445840513924 0
      vertex -24.557646687850042 3.235405749234592 0
    endloop
  endfacet
  facet normal 0.24298017990326545 -0.9700312531945436 0
    outer loop
      vertex -29.494960642282255 5.002004930056475 2.4
      vertex -29.980451853997756 4.8803957122342645 0
      vertex -29.494960642282255 5.002004930056475 0
    endloop
  endfacet
  facet normal 0.1467304744553621 -0.9891765099647809 0
    outer loop
      vertex -28.99988741568076 5.075442106028204 2.4
      vertex -29.494960642282255 5.002004930056475 0
      vertex -28.99988741568076 5.075442106028204 0
    endloop
  endfacet
  facet normal 0.04906767432741786 -0.9987954562051724 0
    outer loop
      vertex -28.5 5.1 2.4
      vertex -28.99988741568076 5.075442106028204 0
      vertex -28.5 5.1 0
    endloop
  endfacet
  facet normal -0.04906767432741786 -0.9987954562051724 0
    outer loop
      vertex -28.00011258431924 5.075442106028204 2.4
      vertex -28.5 5.1 0
      vertex -28.00011258431924 5.075442106028204 0
    endloop
  endfacet
  facet normal -0.1467304744553621 -0.9891765099647809 0
    outer loop
      vertex -27.505039357717745 5.002004930056475 2.4
      vertex -28.00011258431924 5.075442106028204 0
      vertex -27.505039357717745 5.002004930056475 0
    endloop
  endfacet
  facet normal -0.24298017990326545 -0.9700312531945436 0
    outer loop
      vertex -27.019548146002244 4.8803957122342645 2.4
      vertex -27.505039357717745 5.002004930056475 0
      vertex -27.019548146002244 4.8803957122342645 0
    endloop
  endfacet
  facet normal -0.33688985339221933 -0.941544065183021 0
    outer loop
      vertex -26.548314494938044 4.711785615807562 2.4
      vertex -27.019548146002244 4.8803957122342645 0
      vertex -26.548314494938044 4.711785615807562 0
    endloop
  endfacet
  facet normal 0.9987954562051724 -0.04906767432741798 -6.524216685472369e-19
    outer loop
      vertex -33.575442106028206 0.49988741568075906 2.4
      vertex -33.6 0 2.4
      vertex -33.6 0 0
    endloop
  endfacet
  facet normal 0.9891765099647796 -0.14673047445537069 -1.5231653680907143e-18
    outer loop
      vertex -33.50200493005647 0.994960642282254 2.4
      vertex -33.575442106028206 0.49988741568075906 2.4
      vertex -33.575442106028206 0.49988741568075906 0
    endloop
  endfacet
  facet normal 0.9700312531945434 -0.24298017990326612 -1.7431439933442612e-18
    outer loop
      vertex -33.38039571223426 1.4804518539977578 2.4
      vertex -33.50200493005647 0.994960642282254 2.4
      vertex -33.50200493005647 0.994960642282254 0
    endloop
  endfacet
  facet normal 0.9415440651830245 -0.3368898533922098 -4.456653409585959e-18
    outer loop
      vertex -33.211785615807564 1.9516855050619577 2.4
      vertex -33.38039571223426 1.4804518539977578 2.4
      vertex -33.38039571223426 1.4804518539977578 0
    endloop
  endfacet
  facet normal 0.9039892931234417 -0.4275550934302856 -3.076577824224428e-18
    outer loop
      vertex -32.99779844817661 2.404123357812588 2.4
      vertex -33.211785615807564 1.9516855050619577 2.4
      vertex -33.211785615807564 1.9516855050619577 0
    endloop
  endfacet
  facet normal 0.857728610000269 -0.514102744193227 -1.2725497221114685e-18
    outer loop
      vertex -32.74049502274298 2.833408188399971 2.4
      vertex -32.99779844817661 2.404123357812588 2.4
      vertex -32.99779844817661 2.404123357812588 0
    endloop
  endfacet
  facet normal 0.8032075314806519 -0.5956993044924239 -5.493042139703943e-18
    outer loop
      vertex -32.44235331214996 3.235405749234592 2.4
      vertex -32.74049502274298 2.833408188399971 2.4
      vertex -32.74049502274298 2.833408188399971 0
    endloop
  endfacet
  facet normal 0.7409511253549617 -0.6715589548470154 5.364112682097209e-18
    outer loop
      vertex -32.106244584051396 3.6062445840513946 2.4
      vertex -32.44235331214996 3.235405749234592 2.4
      vertex -32.44235331214996 3.235405749234592 0
    endloop
  endfacet
  facet normal 0.6715589548470113 -0.7409511253549654 6.855174995758361e-16
    outer loop
      vertex -32.106244584051396 3.6062445840513946 2.4
      vertex -32.106244584051396 3.6062445840513924 0
      vertex -31.73540574923459 3.9423533121499585 2.4
    endloop
  endfacet
  facet normal 0.5956993044924338 -0.8032075314806446 0
    outer loop
      vertex -31.73540574923459 3.9423533121499585 2.4
      vertex -31.73540574923459 3.9423533121499585 0
      vertex -31.33340818839997 4.24049502274298 2.4
    endloop
  endfacet
  facet normal 0.5141027441932204 -0.8577286100002727 0
    outer loop
      vertex -31.33340818839997 4.24049502274298 2.4
      vertex -31.33340818839997 4.24049502274298 0
      vertex -30.904123357812587 4.49779844817661 2.4
    endloop
  endfacet
  facet normal 0.42755509343028225 -0.9039892931234433 0
    outer loop
      vertex -30.904123357812587 4.49779844817661 2.4
      vertex -30.904123357812587 4.49779844817661 0
      vertex -30.451685505061956 4.711785615807562 2.4
    endloop
  endfacet
  facet normal 0.33688985339221933 -0.941544065183021 0
    outer loop
      vertex -30.451685505061956 4.711785615807562 2.4
      vertex -30.451685505061956 4.711785615807562 0
      vertex -29.980451853997756 4.8803957122342645 2.4
    endloop
  endfacet
  facet normal -0.42755509343028225 -0.9039892931234433 0
    outer loop
      vertex -26.548314494938044 4.711785615807562 2.4
      vertex -26.548314494938044 4.711785615807562 0
      vertex -26.095876642187413 4.49779844817661 2.4
    endloop
  endfacet
  facet normal -0.6715589548470173 -0.74095112535496 0
    outer loop
      vertex -25.26459425076541 3.9423533121499585 2.4
      vertex -25.26459425076541 3.9423533121499585 0
      vertex -24.893755415948608 3.6062445840513924 2.4
    endloop
  endfacet
  facet normal -0.5956993044924338 -0.8032075314806446 0
    outer loop
      vertex -25.66659181160003 4.24049502274298 2.4
      vertex -25.66659181160003 4.24049502274298 0
      vertex -25.26459425076541 3.9423533121499585 2.4
    endloop
  endfacet
  facet normal -0.5141027441932204 -0.8577286100002727 0
    outer loop
      vertex -26.095876642187413 4.49779844817661 2.4
      vertex -26.095876642187413 4.49779844817661 0
      vertex -25.66659181160003 4.24049502274298 2.4
    endloop
  endfacet
  facet normal -0.9987954562051724 -0.04906767432741798 6.524216685472369e-19
    outer loop
      vertex -23.4 0 2.4
      vertex -23.424557893971794 0.49988741568075906 2.4
      vertex -23.424557893971794 0.49988741568075906 0
    endloop
  endfacet
  facet normal -0.9891765099647807 -0.14673047445536377 -1.4952311221147243e-18
    outer loop
      vertex -23.424557893971794 0.49988741568075906 2.4
      vertex -23.497995069943524 0.994960642282254 2.4
      vertex -23.497995069943524 0.994960642282254 0
    endloop
  endfacet
  facet normal -0.9039892931234417 -0.4275550934302856 3.076577824224428e-18
    outer loop
      vertex -23.788214384192436 1.9516855050619577 2.4
      vertex -24.00220155182339 2.404123357812588 2.4
      vertex -24.00220155182339 2.404123357812588 0
    endloop
  endfacet
  facet normal -0.9700312531945434 -0.24298017990326612 1.7431439933442612e-18
    outer loop
      vertex -23.497995069943524 0.994960642282254 2.4
      vertex -23.619604287765736 1.4804518539977578 2.4
      vertex -23.619604287765736 1.4804518539977578 0
    endloop
  endfacet
  facet normal -0.9415440651830222 -0.3368898533922161 -2.8892277980940117e-18
    outer loop
      vertex -23.619604287765736 1.4804518539977578 2.4
      vertex -23.788214384192436 1.9516855050619577 2.4
      vertex -23.788214384192436 1.9516855050619577 0
    endloop
  endfacet
  facet normal -0.857728610000272 -0.5141027441932217 8.157659642349279e-20
    outer loop
      vertex -24.00220155182339 2.404123357812588 2.4
      vertex -24.25950497725702 2.833408188399971 2.4
      vertex -24.25950497725702 2.833408188399971 0
    endloop
  endfacet
  facet normal -0.8032075314806452 -0.5956993044924331 -4.012608569157101e-18
    outer loop
      vertex -24.25950497725702 2.833408188399971 2.4
      vertex -24.557646687850042 3.235405749234592 2.4
      vertex -24.557646687850042 3.235405749234592 0
    endloop
  endfacet
  facet normal -0.7409511253549597 -0.6715589548470178 3.617533317553929e-18
    outer loop
      vertex -24.557646687850042 3.235405749234592 2.4
      vertex -24.893755415948608 3.6062445840513924 2.4
      vertex -24.893755415948608 3.6062445840513924 0
    endloop
  endfacet
  facet normal 0.24298017990326545 -0.9700312531945436 0
    outer loop
      vertex -29.980451853997756 4.8803957122342645 2.4
      vertex -29.980451853997756 4.8803957122342645 0
      vertex -29.494960642282255 5.002004930056475 2.4
    endloop
  endfacet
  facet normal 0.1467304744553621 -0.9891765099647809 0
    outer loop
      vertex -29.494960642282255 5.002004930056475 2.4
      vertex -29.494960642282255 5.002004930056475 0
      vertex -28.99988741568076 5.075442106028204 2.4
    endloop
  endfacet
  facet normal 0.04906767432741786 -0.9987954562051724 0
    outer loop
      vertex -28.99988741568076 5.075442106028204 2.4
      vertex -28.99988741568076 5.075442106028204 0
      vertex -28.5 5.1 2.4
    endloop
  endfacet
  facet normal -0.04906767432741786 -0.9987954562051724 0
    outer loop
      vertex -28.5 5.1 2.4
      vertex -28.5 5.1 0
      vertex -28.00011258431924 5.075442106028204 2.4
    endloop
  endfacet
  facet normal -0.1467304744553621 -0.9891765099647809 0
    outer loop
      vertex -28.00011258431924 5.075442106028204 2.4
      vertex -28.00011258431924 5.075442106028204 0
      vertex -27.505039357717745 5.002004930056475 2.4
    endloop
  endfacet
  facet normal -0.24298017990326545 -0.9700312531945436 0
    outer loop
      vertex -27.505039357717745 5.002004930056475 2.4
      vertex -27.505039357717745 5.002004930056475 0
      vertex -27.019548146002244 4.8803957122342645 2.4
    endloop
  endfacet
  facet normal -0.33688985339221933 -0.941544065183021 0
    outer loop
      vertex -27.019548146002244 4.8803957122342645 2.4
      vertex -27.019548146002244 4.8803957122342645 0
      vertex -26.548314494938044 4.711785615807562 2.4
    endloop
  endfacet
  facet normal 0.33688985339221933 0.941544065183021 1.4994156210722975e-18
    outer loop
      vertex -10.980451853997758 -4.8803957122342645 0
      vertex -11.451685505061958 -4.711785615807562 0
      vertex -11.451685505061958 -4.711785615807562 2.4
    endloop
  endfacet
  facet normal 0.24298017990326456 0.9700312531945438 0
    outer loop
      vertex -10.980451853997758 -4.8803957122342645 2.4
      vertex -10.494960642282255 -5.002004930056475 0
      vertex -10.980451853997758 -4.8803957122342645 0
    endloop
  endfacet
  facet normal 0.1467304744553616 0.9891765099647809 0
    outer loop
      vertex -10.494960642282255 -5.002004930056475 2.4
      vertex -9.999887415680758 -5.075442106028204 0
      vertex -10.494960642282255 -5.002004930056475 0
    endloop
  endfacet
  facet normal 0.5956993044924338 0.8032075314806446 0
    outer loop
      vertex -12.735405749234591 -3.9423533121499585 2.4
      vertex -12.333408188399972 -4.24049502274298 0
      vertex -12.735405749234591 -3.9423533121499585 0
    endloop
  endfacet
  facet normal 0.6715589548470173 0.74095112535496 -7.473920005477533e-19
    outer loop
      vertex -12.735405749234591 -3.9423533121499585 0
      vertex -13.106244584051392 -3.6062445840513924 0
      vertex -13.106244584051392 -3.6062445840513924 2.4
    endloop
  endfacet
  facet normal 0.857728610000272 0.5141027441932217 8.157659642349279e-20
    outer loop
      vertex -13.74049502274298 -2.833408188399971 0
      vertex -13.99779844817661 -2.404123357812588 0
      vertex -13.99779844817661 -2.404123357812588 2.4
    endloop
  endfacet
  facet normal 0.7409511253549597 0.6715589548470178 3.617533317553929e-18
    outer loop
      vertex -13.106244584051392 -3.6062445840513924 0
      vertex -13.442353312149958 -3.235405749234592 0
      vertex -13.442353312149958 -3.235405749234592 2.4
    endloop
  endfacet
  facet normal 0.8032075314806452 0.5956993044924331 -4.012608569157101e-18
    outer loop
      vertex -13.442353312149958 -3.235405749234592 0
      vertex -13.74049502274298 -2.833408188399971 0
      vertex -13.74049502274298 -2.833408188399971 2.4
    endloop
  endfacet
  facet normal 0.5141027441932204 0.8577286100002727 3.5345828276107235e-18
    outer loop
      vertex -11.904123357812587 -4.49779844817661 0
      vertex -12.333408188399972 -4.24049502274298 0
      vertex -12.333408188399972 -4.24049502274298 2.4
    endloop
  endfacet
  facet normal 0.4275550934302836 0.9039892931234427 3.434950610594274e-18
    outer loop
      vertex -11.451685505061958 -4.711785615807562 0
      vertex -11.904123357812587 -4.49779844817661 0
      vertex -11.904123357812587 -4.49779844817661 2.4
    endloop
  endfacet
  facet normal 0.903989293123443 0.42755509343028275 2.0603919882157996e-18
    outer loop
      vertex -13.99779844817661 -2.404123357812588 0
      vertex -14.211785615807562 -1.9516855050619577 0
      vertex -14.211785615807562 -1.9516855050619577 2.4
    endloop
  endfacet
  facet normal 0.941544065183021 0.3368898533922192 4.9913259198393416e-18
    outer loop
      vertex -14.211785615807562 -1.9516855050619577 0
      vertex -14.380395712234264 -1.4804518539977578 0
      vertex -14.380395712234264 -1.4804518539977578 2.4
    endloop
  endfacet
  facet normal 0.9700312531945434 0.24298017990326612 1.7431439933442612e-18
    outer loop
      vertex -14.380395712234264 -1.4804518539977578 0
      vertex -14.502004930056476 -0.994960642282254 0
      vertex -14.502004930056476 -0.994960642282254 2.4
    endloop
  endfacet
  facet normal 0.9891765099647812 0.14673047445536028 2.7723177936692197e-18
    outer loop
      vertex -14.502004930056476 -0.994960642282254 0
      vertex -14.575442106028204 -0.49988741568075906 0
      vertex -14.575442106028204 -0.49988741568075906 2.4
    endloop
  endfacet
  facet normal 0.9987954562051724 0.04906767432741798 6.524216685472369e-19
    outer loop
      vertex -14.575442106028204 -0.49988741568075906 0
      vertex -14.6 0 0
      vertex -14.6 0 2.4
    endloop
  endfacet
  facet normal 0.04906767432741804 0.9987954562051724 0
    outer loop
      vertex -9.999887415680758 -5.075442106028204 2.4
      vertex -9.5 -5.1 0
      vertex -9.999887415680758 -5.075442106028204 0
    endloop
  endfacet
  facet normal -0.04906767432741804 0.9987954562051724 0
    outer loop
      vertex -9.5 -5.1 2.4
      vertex -9.000112584319242 -5.075442106028204 0
      vertex -9.5 -5.1 0
    endloop
  endfacet
  facet normal -0.1467304744553616 0.9891765099647809 0
    outer loop
      vertex -9.000112584319242 -5.075442106028204 2.4
      vertex -8.505039357717745 -5.002004930056475 0
      vertex -9.000112584319242 -5.075442106028204 0
    endloop
  endfacet
  facet normal -0.24298017990326456 0.9700312531945438 0
    outer loop
      vertex -8.505039357717745 -5.002004930056475 2.4
      vertex -8.019548146002242 -4.8803957122342645 0
      vertex -8.505039357717745 -5.002004930056475 0
    endloop
  endfacet
  facet normal -0.33688985339221933 0.941544065183021 0
    outer loop
      vertex -8.019548146002242 -4.8803957122342645 2.4
      vertex -7.548314494938042 -4.711785615807562 0
      vertex -8.019548146002242 -4.8803957122342645 0
    endloop
  endfacet
  facet normal -0.42755509343028286 0.9039892931234428 0
    outer loop
      vertex -7.548314494938042 -4.711785615807562 2.4
      vertex -7.095876642187412 -4.49779844817661 0
      vertex -7.548314494938042 -4.711785615807562 0
    endloop
  endfacet
  facet normal -0.5141027441932213 0.8577286100002723 0
    outer loop
      vertex -7.095876642187412 -4.49779844817661 2.4
      vertex -6.6665918116000284 -4.24049502274298 0
      vertex -7.095876642187412 -4.49779844817661 0
    endloop
  endfacet
  facet normal -0.595699304492433 0.8032075314806454 0
    outer loop
      vertex -6.6665918116000284 -4.24049502274298 2.4
      vertex -6.264594250765408 -3.9423533121499585 0
      vertex -6.6665918116000284 -4.24049502274298 0
    endloop
  endfacet
  facet normal -0.6715589548470183 0.7409511253549593 0
    outer loop
      vertex -6.264594250765408 -3.9423533121499585 2.4
      vertex -5.893755415948608 -3.6062445840513924 0
      vertex -6.264594250765408 -3.9423533121499585 0
    endloop
  endfacet
  facet normal -0.7409511253549597 0.6715589548470178 0
    outer loop
      vertex -5.893755415948608 -3.6062445840513924 0
      vertex -5.893755415948608 -3.6062445840513924 2.4
      vertex -5.557646687850042 -3.235405749234592 0
    endloop
  endfacet
  facet normal -0.8032075314806452 0.5956993044924331 0
    outer loop
      vertex -5.557646687850042 -3.235405749234592 2.4
      vertex -5.25950497725702 -2.833408188399971 0
      vertex -5.557646687850042 -3.235405749234592 0
    endloop
  endfacet
  facet normal -0.857728610000272 0.5141027441932217 0
    outer loop
      vertex -5.25950497725702 -2.833408188399971 2.4
      vertex -5.00220155182339 -2.404123357812588 0
      vertex -5.25950497725702 -2.833408188399971 0
    endloop
  endfacet
  facet normal -0.903989293123443 0.42755509343028275 -2.0603919882157996e-18
    outer loop
      vertex -4.788214384192438 -1.9516855050619577 0
      vertex -5.00220155182339 -2.404123357812588 0
      vertex -5.00220155182339 -2.404123357812588 2.4
    endloop
  endfacet
  facet normal -0.941544065183021 0.3368898533922192 -4.9913259198393416e-18
    outer loop
      vertex -4.6196042877657355 -1.4804518539977578 0
      vertex -4.788214384192438 -1.9516855050619577 0
      vertex -4.788214384192438 -1.9516855050619577 2.4
    endloop
  endfacet
  facet normal -0.9700312531945438 0.24298017990326443 -2.5684973192303437e-18
    outer loop
      vertex -4.497995069943525 -0.994960642282254 0
      vertex -4.6196042877657355 -1.4804518539977578 0
      vertex -4.6196042877657355 -1.4804518539977578 2.4
    endloop
  endfacet
  facet normal -0.9891765099647809 0.146730474455362 0
    outer loop
      vertex -4.497995069943525 -0.994960642282254 2.4
      vertex -4.424557893971796 -0.49988741568075906 0
      vertex -4.497995069943525 -0.994960642282254 0
    endloop
  endfacet
  facet normal -0.9987954562051724 0.04906767432741798 0
    outer loop
      vertex -4.424557893971796 -0.49988741568075906 2.4
      vertex -4.4 0 0
      vertex -4.424557893971796 -0.49988741568075906 0
    endloop
  endfacet
  facet normal 0.33688985339221933 0.941544065183021 0
    outer loop
      vertex -10.980451853997758 -4.8803957122342645 2.4
      vertex -10.980451853997758 -4.8803957122342645 0
      vertex -11.451685505061958 -4.711785615807562 2.4
    endloop
  endfacet
  facet normal 0.24298017990326456 0.9700312531945438 0
    outer loop
      vertex -10.494960642282255 -5.002004930056475 2.4
      vertex -10.494960642282255 -5.002004930056475 0
      vertex -10.980451853997758 -4.8803957122342645 2.4
    endloop
  endfacet
  facet normal 0.1467304744553616 0.9891765099647809 0
    outer loop
      vertex -9.999887415680758 -5.075442106028204 2.4
      vertex -9.999887415680758 -5.075442106028204 0
      vertex -10.494960642282255 -5.002004930056475 2.4
    endloop
  endfacet
  facet normal 0.6715589548470173 0.74095112535496 0
    outer loop
      vertex -12.735405749234591 -3.9423533121499585 2.4
      vertex -12.735405749234591 -3.9423533121499585 0
      vertex -13.106244584051392 -3.6062445840513924 2.4
    endloop
  endfacet
  facet normal 0.857728610000272 0.5141027441932217 0
    outer loop
      vertex -13.74049502274298 -2.833408188399971 0
      vertex -13.99779844817661 -2.404123357812588 2.4
      vertex -13.74049502274298 -2.833408188399971 2.4
    endloop
  endfacet
  facet normal 0.7409511253549597 0.6715589548470178 0
    outer loop
      vertex -13.106244584051392 -3.6062445840513924 0
      vertex -13.442353312149958 -3.235405749234592 2.4
      vertex -13.106244584051392 -3.6062445840513924 2.4
    endloop
  endfacet
  facet normal 0.8032075314806452 0.5956993044924331 0
    outer loop
      vertex -13.442353312149958 -3.235405749234592 0
      vertex -13.74049502274298 -2.833408188399971 2.4
      vertex -13.442353312149958 -3.235405749234592 2.4
    endloop
  endfacet
  facet normal 0.5141027441932204 0.8577286100002727 0
    outer loop
      vertex -11.904123357812587 -4.49779844817661 0
      vertex -12.333408188399972 -4.24049502274298 2.4
      vertex -11.904123357812587 -4.49779844817661 2.4
    endloop
  endfacet
  facet normal 0.4275550934302836 0.9039892931234427 0
    outer loop
      vertex -11.451685505061958 -4.711785615807562 2.4
      vertex -11.451685505061958 -4.711785615807562 0
      vertex -11.904123357812587 -4.49779844817661 2.4
    endloop
  endfacet
  facet normal 0.5956993044924338 0.8032075314806446 0
    outer loop
      vertex -12.333408188399972 -4.24049502274298 0
      vertex -12.735405749234591 -3.9423533121499585 2.4
      vertex -12.333408188399972 -4.24049502274298 2.4
    endloop
  endfacet
  facet normal 0.903989293123443 0.42755509343028275 0
    outer loop
      vertex -13.99779844817661 -2.404123357812588 0
      vertex -14.211785615807562 -1.9516855050619577 2.4
      vertex -13.99779844817661 -2.404123357812588 2.4
    endloop
  endfacet
  facet normal 0.941544065183021 0.3368898533922192 0
    outer loop
      vertex -14.211785615807562 -1.9516855050619577 0
      vertex -14.380395712234264 -1.4804518539977578 2.4
      vertex -14.211785615807562 -1.9516855050619577 2.4
    endloop
  endfacet
  facet normal 0.9700312531945434 0.24298017990326612 0
    outer loop
      vertex -14.380395712234264 -1.4804518539977578 0
      vertex -14.502004930056476 -0.994960642282254 2.4
      vertex -14.380395712234264 -1.4804518539977578 2.4
    endloop
  endfacet
  facet normal 0.9891765099647812 0.14673047445536028 0
    outer loop
      vertex -14.502004930056476 -0.994960642282254 0
      vertex -14.575442106028204 -0.49988741568075906 2.4
      vertex -14.502004930056476 -0.994960642282254 2.4
    endloop
  endfacet
  facet normal 0.9987954562051724 0.04906767432741798 0
    outer loop
      vertex -14.575442106028204 -0.49988741568075906 0
      vertex -14.6 0 2.4
      vertex -14.575442106028204 -0.49988741568075906 2.4
    endloop
  endfacet
  facet normal 0.04906767432741804 0.9987954562051724 0
    outer loop
      vertex -9.5 -5.1 2.4
      vertex -9.5 -5.1 0
      vertex -9.999887415680758 -5.075442106028204 2.4
    endloop
  endfacet
  facet normal -0.04906767432741804 0.9987954562051724 0
    outer loop
      vertex -9.000112584319242 -5.075442106028204 2.4
      vertex -9.000112584319242 -5.075442106028204 0
      vertex -9.5 -5.1 2.4
    endloop
  endfacet
  facet normal -0.1467304744553616 0.9891765099647809 0
    outer loop
      vertex -8.505039357717745 -5.002004930056475 2.4
      vertex -8.505039357717745 -5.002004930056475 0
      vertex -9.000112584319242 -5.075442106028204 2.4
    endloop
  endfacet
  facet normal -0.24298017990326456 0.9700312531945438 0
    outer loop
      vertex -8.019548146002242 -4.8803957122342645 2.4
      vertex -8.019548146002242 -4.8803957122342645 0
      vertex -8.505039357717745 -5.002004930056475 2.4
    endloop
  endfacet
  facet normal -0.33688985339221933 0.941544065183021 0
    outer loop
      vertex -7.548314494938042 -4.711785615807562 2.4
      vertex -7.548314494938042 -4.711785615807562 0
      vertex -8.019548146002242 -4.8803957122342645 2.4
    endloop
  endfacet
  facet normal -0.42755509343028286 0.9039892931234428 0
    outer loop
      vertex -7.095876642187412 -4.49779844817661 2.4
      vertex -7.095876642187412 -4.49779844817661 0
      vertex -7.548314494938042 -4.711785615807562 2.4
    endloop
  endfacet
  facet normal -0.5141027441932213 0.8577286100002723 0
    outer loop
      vertex -6.6665918116000284 -4.24049502274298 2.4
      vertex -6.6665918116000284 -4.24049502274298 0
      vertex -7.095876642187412 -4.49779844817661 2.4
    endloop
  endfacet
  facet normal -0.595699304492433 0.8032075314806454 0
    outer loop
      vertex -6.264594250765408 -3.9423533121499585 2.4
      vertex -6.264594250765408 -3.9423533121499585 0
      vertex -6.6665918116000284 -4.24049502274298 2.4
    endloop
  endfacet
  facet normal -0.6715589548470183 0.7409511253549593 0
    outer loop
      vertex -5.893755415948608 -3.6062445840513924 2.4
      vertex -5.893755415948608 -3.6062445840513924 0
      vertex -6.264594250765408 -3.9423533121499585 2.4
    endloop
  endfacet
  facet normal -0.7409511253549597 0.6715589548470178 -3.617533317553929e-18
    outer loop
      vertex -5.893755415948608 -3.6062445840513924 2.4
      vertex -5.557646687850042 -3.235405749234592 2.4
      vertex -5.557646687850042 -3.235405749234592 0
    endloop
  endfacet
  facet normal -0.8032075314806452 0.5956993044924331 4.012608569157101e-18
    outer loop
      vertex -5.557646687850042 -3.235405749234592 2.4
      vertex -5.25950497725702 -2.833408188399971 2.4
      vertex -5.25950497725702 -2.833408188399971 0
    endloop
  endfacet
  facet normal -0.857728610000272 0.5141027441932217 -8.157659642349279e-20
    outer loop
      vertex -5.25950497725702 -2.833408188399971 2.4
      vertex -5.00220155182339 -2.404123357812588 2.4
      vertex -5.00220155182339 -2.404123357812588 0
    endloop
  endfacet
  facet normal -0.903989293123443 0.42755509343028275 0
    outer loop
      vertex -4.788214384192438 -1.9516855050619577 0
      vertex -5.00220155182339 -2.404123357812588 2.4
      vertex -4.788214384192438 -1.9516855050619577 2.4
    endloop
  endfacet
  facet normal -0.941544065183021 0.3368898533922192 0
    outer loop
      vertex -4.6196042877657355 -1.4804518539977578 0
      vertex -4.788214384192438 -1.9516855050619577 2.4
      vertex -4.6196042877657355 -1.4804518539977578 2.4
    endloop
  endfacet
  facet normal -0.9700312531945438 0.24298017990326443 -2.5684973192303437e-18
    outer loop
      vertex -4.6196042877657355 -1.4804518539977578 2.4
      vertex -4.497995069943525 -0.994960642282254 2.4
      vertex -4.497995069943525 -0.994960642282254 0
    endloop
  endfacet
  facet normal -0.9891765099647809 0.146730474455362 -6.385433357772472e-19
    outer loop
      vertex -4.497995069943525 -0.994960642282254 2.4
      vertex -4.424557893971796 -0.49988741568075906 2.4
      vertex -4.424557893971796 -0.49988741568075906 0
    endloop
  endfacet
  facet normal -0.9987954562051724 0.04906767432741798 -6.524216685472369e-19
    outer loop
      vertex -4.424557893971796 -0.49988741568075906 2.4
      vertex -4.4 0 2.4
      vertex -4.4 0 0
    endloop
  endfacet
  facet normal 0.9987954562051724 -0.04906767432741798 -6.524216685472369e-19
    outer loop
      vertex -14.6 0 0
      vertex -14.575442106028204 0.49988741568075906 0
      vertex -14.575442106028204 0.49988741568075906 2.4
    endloop
  endfacet
  facet normal 0.9891765099647812 -0.14673047445536028 -2.7723177936692197e-18
    outer loop
      vertex -14.575442106028204 0.49988741568075906 0
      vertex -14.502004930056476 0.994960642282254 0
      vertex -14.502004930056476 0.994960642282254 2.4
    endloop
  endfacet
  facet normal 0.9700312531945434 -0.24298017990326612 -1.7431439933442612e-18
    outer loop
      vertex -14.502004930056476 0.994960642282254 0
      vertex -14.380395712234264 1.4804518539977578 0
      vertex -14.380395712234264 1.4804518539977578 2.4
    endloop
  endfacet
  facet normal 0.941544065183021 -0.3368898533922192 -4.9913259198393416e-18
    outer loop
      vertex -14.380395712234264 1.4804518539977578 0
      vertex -14.211785615807562 1.9516855050619577 0
      vertex -14.211785615807562 1.9516855050619577 2.4
    endloop
  endfacet
  facet normal 0.903989293123443 -0.42755509343028275 -2.0603919882157996e-18
    outer loop
      vertex -14.211785615807562 1.9516855050619577 0
      vertex -13.99779844817661 2.404123357812588 0
      vertex -13.99779844817661 2.404123357812588 2.4
    endloop
  endfacet
  facet normal 0.857728610000272 -0.5141027441932217 -8.157659642349279e-20
    outer loop
      vertex -13.99779844817661 2.404123357812588 0
      vertex -13.74049502274298 2.833408188399971 0
      vertex -13.74049502274298 2.833408188399971 2.4
    endloop
  endfacet
  facet normal 0.8032075314806452 -0.5956993044924331 4.012608569157101e-18
    outer loop
      vertex -13.74049502274298 2.833408188399971 0
      vertex -13.442353312149958 3.235405749234592 0
      vertex -13.442353312149958 3.235405749234592 2.4
    endloop
  endfacet
  facet normal 0.7409511253549597 -0.6715589548470178 -3.617533317553929e-18
    outer loop
      vertex -13.442353312149958 3.235405749234592 0
      vertex -13.106244584051392 3.6062445840513924 0
      vertex -13.106244584051392 3.6062445840513924 2.4
    endloop
  endfacet
  facet normal 0.6715589548470173 -0.74095112535496 0
    outer loop
      vertex -12.735405749234591 3.9423533121499585 0
      vertex -12.735405749234591 3.9423533121499585 2.4
      vertex -13.106244584051392 3.6062445840513924 0
    endloop
  endfacet
  facet normal 0.5956993044924338 -0.8032075314806446 0
    outer loop
      vertex -12.333408188399972 4.24049502274298 0
      vertex -12.333408188399972 4.24049502274298 2.4
      vertex -12.735405749234591 3.9423533121499585 0
    endloop
  endfacet
  facet normal 0.5141027441932204 -0.8577286100002727 0
    outer loop
      vertex -11.904123357812587 4.49779844817661 0
      vertex -11.904123357812587 4.49779844817661 2.4
      vertex -12.333408188399972 4.24049502274298 0
    endloop
  endfacet
  facet normal 0.4275550934302836 -0.9039892931234427 0
    outer loop
      vertex -11.451685505061958 4.711785615807562 0
      vertex -11.451685505061958 4.711785615807562 2.4
      vertex -11.904123357812587 4.49779844817661 0
    endloop
  endfacet
  facet normal 0.33688985339221933 -0.941544065183021 0
    outer loop
      vertex -10.980451853997758 4.8803957122342645 0
      vertex -10.980451853997758 4.8803957122342645 2.4
      vertex -11.451685505061958 4.711785615807562 0
    endloop
  endfacet
  facet normal 0.24298017990326456 -0.9700312531945438 0
    outer loop
      vertex -10.494960642282255 5.002004930056475 0
      vertex -10.494960642282255 5.002004930056475 2.4
      vertex -10.980451853997758 4.8803957122342645 0
    endloop
  endfacet
  facet normal 0.1467304744553616 -0.9891765099647809 0
    outer loop
      vertex -9.999887415680758 5.075442106028204 0
      vertex -9.999887415680758 5.075442106028204 2.4
      vertex -10.494960642282255 5.002004930056475 0
    endloop
  endfacet
  facet normal -0.857728610000272 -0.5141027441932217 0
    outer loop
      vertex -5.00220155182339 2.404123357812588 2.4
      vertex -5.25950497725702 2.833408188399971 0
      vertex -5.00220155182339 2.404123357812588 0
    endloop
  endfacet
  facet normal -0.8032075314806452 -0.5956993044924331 0
    outer loop
      vertex -5.25950497725702 2.833408188399971 2.4
      vertex -5.557646687850042 3.235405749234592 0
      vertex -5.25950497725702 2.833408188399971 0
    endloop
  endfacet
  facet normal -0.7409511253549597 -0.6715589548470178 0
    outer loop
      vertex -5.557646687850042 3.235405749234592 2.4
      vertex -5.893755415948608 3.6062445840513924 0
      vertex -5.557646687850042 3.235405749234592 0
    endloop
  endfacet
  facet normal -0.595699304492433 -0.8032075314806454 0
    outer loop
      vertex -6.264594250765408 3.9423533121499585 0
      vertex -6.264594250765408 3.9423533121499585 2.4
      vertex -6.6665918116000284 4.24049502274298 0
    endloop
  endfacet
  facet normal -0.42755509343028286 -0.9039892931234428 0
    outer loop
      vertex -7.095876642187412 4.49779844817661 0
      vertex -7.095876642187412 4.49779844817661 2.4
      vertex -7.548314494938042 4.711785615807562 0
    endloop
  endfacet
  facet normal -0.5141027441932213 -0.8577286100002723 0
    outer loop
      vertex -6.6665918116000284 4.24049502274298 0
      vertex -6.6665918116000284 4.24049502274298 2.4
      vertex -7.095876642187412 4.49779844817661 0
    endloop
  endfacet
  facet normal -0.6715589548470183 -0.7409511253549593 0
    outer loop
      vertex -5.893755415948608 3.6062445840513924 2.4
      vertex -6.264594250765408 3.9423533121499585 0
      vertex -5.893755415948608 3.6062445840513924 0
    endloop
  endfacet
  facet normal -0.9987954562051724 -0.04906767432741798 0
    outer loop
      vertex -4.4 0 2.4
      vertex -4.424557893971796 0.49988741568075906 0
      vertex -4.4 0 0
    endloop
  endfacet
  facet normal -0.9891765099647809 -0.146730474455362 0
    outer loop
      vertex -4.424557893971796 0.49988741568075906 2.4
      vertex -4.497995069943525 0.994960642282254 0
      vertex -4.424557893971796 0.49988741568075906 0
    endloop
  endfacet
  facet normal -0.9700312531945438 -0.24298017990326443 0
    outer loop
      vertex -4.497995069943525 0.994960642282254 2.4
      vertex -4.6196042877657355 1.4804518539977578 0
      vertex -4.497995069943525 0.994960642282254 0
    endloop
  endfacet
  facet normal -0.941544065183021 -0.3368898533922192 0
    outer loop
      vertex -4.6196042877657355 1.4804518539977578 2.4
      vertex -4.788214384192438 1.9516855050619577 0
      vertex -4.6196042877657355 1.4804518539977578 0
    endloop
  endfacet
  facet normal -0.903989293123443 -0.42755509343028275 0
    outer loop
      vertex -4.788214384192438 1.9516855050619577 2.4
      vertex -5.00220155182339 2.404123357812588 0
      vertex -4.788214384192438 1.9516855050619577 0
    endloop
  endfacet
  facet normal 0.04906767432741804 -0.9987954562051724 0
    outer loop
      vertex -9.5 5.1 0
      vertex -9.5 5.1 2.4
      vertex -9.999887415680758 5.075442106028204 0
    endloop
  endfacet
  facet normal -0.04906767432741804 -0.9987954562051724 0
    outer loop
      vertex -9.000112584319242 5.075442106028204 0
      vertex -9.000112584319242 5.075442106028204 2.4
      vertex -9.5 5.1 0
    endloop
  endfacet
  facet normal -0.1467304744553616 -0.9891765099647809 0
    outer loop
      vertex -8.505039357717745 5.002004930056475 0
      vertex -8.505039357717745 5.002004930056475 2.4
      vertex -9.000112584319242 5.075442106028204 0
    endloop
  endfacet
  facet normal -0.24298017990326456 -0.9700312531945438 0
    outer loop
      vertex -8.019548146002242 4.8803957122342645 0
      vertex -8.019548146002242 4.8803957122342645 2.4
      vertex -8.505039357717745 5.002004930056475 0
    endloop
  endfacet
  facet normal -0.33688985339221933 -0.941544065183021 0
    outer loop
      vertex -7.548314494938042 4.711785615807562 0
      vertex -7.548314494938042 4.711785615807562 2.4
      vertex -8.019548146002242 4.8803957122342645 0
    endloop
  endfacet
  facet normal 0.9987954562051724 -0.04906767432741798 0
    outer loop
      vertex -14.6 0 0
      vertex -14.575442106028204 0.49988741568075906 2.4
      vertex -14.6 0 2.4
    endloop
  endfacet
  facet normal 0.9891765099647812 -0.14673047445536028 0
    outer loop
      vertex -14.575442106028204 0.49988741568075906 0
      vertex -14.502004930056476 0.994960642282254 2.4
      vertex -14.575442106028204 0.49988741568075906 2.4
    endloop
  endfacet
  facet normal 0.9700312531945434 -0.24298017990326612 0
    outer loop
      vertex -14.502004930056476 0.994960642282254 0
      vertex -14.380395712234264 1.4804518539977578 2.4
      vertex -14.502004930056476 0.994960642282254 2.4
    endloop
  endfacet
  facet normal 0.941544065183021 -0.3368898533922192 0
    outer loop
      vertex -14.380395712234264 1.4804518539977578 0
      vertex -14.211785615807562 1.9516855050619577 2.4
      vertex -14.380395712234264 1.4804518539977578 2.4
    endloop
  endfacet
  facet normal 0.903989293123443 -0.42755509343028275 0
    outer loop
      vertex -14.211785615807562 1.9516855050619577 0
      vertex -13.99779844817661 2.404123357812588 2.4
      vertex -14.211785615807562 1.9516855050619577 2.4
    endloop
  endfacet
  facet normal 0.857728610000272 -0.5141027441932217 0
    outer loop
      vertex -13.99779844817661 2.404123357812588 0
      vertex -13.74049502274298 2.833408188399971 2.4
      vertex -13.99779844817661 2.404123357812588 2.4
    endloop
  endfacet
  facet normal 0.8032075314806452 -0.5956993044924331 0
    outer loop
      vertex -13.74049502274298 2.833408188399971 0
      vertex -13.442353312149958 3.235405749234592 2.4
      vertex -13.74049502274298 2.833408188399971 2.4
    endloop
  endfacet
  facet normal 0.7409511253549597 -0.6715589548470178 0
    outer loop
      vertex -13.442353312149958 3.235405749234592 0
      vertex -13.106244584051392 3.6062445840513924 2.4
      vertex -13.442353312149958 3.235405749234592 2.4
    endloop
  endfacet
  facet normal 0.6715589548470173 -0.74095112535496 0
    outer loop
      vertex -13.106244584051392 3.6062445840513924 0
      vertex -12.735405749234591 3.9423533121499585 2.4
      vertex -13.106244584051392 3.6062445840513924 2.4
    endloop
  endfacet
  facet normal 0.5956993044924338 -0.8032075314806446 0
    outer loop
      vertex -12.735405749234591 3.9423533121499585 0
      vertex -12.333408188399972 4.24049502274298 2.4
      vertex -12.735405749234591 3.9423533121499585 2.4
    endloop
  endfacet
  facet normal 0.5141027441932204 -0.8577286100002727 0
    outer loop
      vertex -12.333408188399972 4.24049502274298 0
      vertex -11.904123357812587 4.49779844817661 2.4
      vertex -12.333408188399972 4.24049502274298 2.4
    endloop
  endfacet
  facet normal 0.4275550934302836 -0.9039892931234427 0
    outer loop
      vertex -11.904123357812587 4.49779844817661 0
      vertex -11.451685505061958 4.711785615807562 2.4
      vertex -11.904123357812587 4.49779844817661 2.4
    endloop
  endfacet
  facet normal 0.33688985339221933 -0.941544065183021 0
    outer loop
      vertex -11.451685505061958 4.711785615807562 0
      vertex -10.980451853997758 4.8803957122342645 2.4
      vertex -11.451685505061958 4.711785615807562 2.4
    endloop
  endfacet
  facet normal 0.24298017990326456 -0.9700312531945438 0
    outer loop
      vertex -10.980451853997758 4.8803957122342645 0
      vertex -10.494960642282255 5.002004930056475 2.4
      vertex -10.980451853997758 4.8803957122342645 2.4
    endloop
  endfacet
  facet normal 0.1467304744553616 -0.9891765099647809 0
    outer loop
      vertex -10.494960642282255 5.002004930056475 0
      vertex -9.999887415680758 5.075442106028204 2.4
      vertex -10.494960642282255 5.002004930056475 2.4
    endloop
  endfacet
  facet normal -0.857728610000272 -0.5141027441932217 8.157659642349279e-20
    outer loop
      vertex -5.00220155182339 2.404123357812588 2.4
      vertex -5.25950497725702 2.833408188399971 2.4
      vertex -5.25950497725702 2.833408188399971 0
    endloop
  endfacet
  facet normal -0.7409511253549597 -0.6715589548470178 3.617533317553929e-18
    outer loop
      vertex -5.557646687850042 3.235405749234592 2.4
      vertex -5.893755415948608 3.6062445840513924 2.4
      vertex -5.893755415948608 3.6062445840513924 0
    endloop
  endfacet
  facet normal -0.8032075314806452 -0.5956993044924331 -4.012608569157101e-18
    outer loop
      vertex -5.25950497725702 2.833408188399971 2.4
      vertex -5.557646687850042 3.235405749234592 2.4
      vertex -5.557646687850042 3.235405749234592 0
    endloop
  endfacet
  facet normal -0.595699304492433 -0.8032075314806454 0
    outer loop
      vertex -6.6665918116000284 4.24049502274298 0
      vertex -6.264594250765408 3.9423533121499585 2.4
      vertex -6.6665918116000284 4.24049502274298 2.4
    endloop
  endfacet
  facet normal -0.5141027441932213 -0.8577286100002723 0
    outer loop
      vertex -7.095876642187412 4.49779844817661 0
      vertex -6.6665918116000284 4.24049502274298 2.4
      vertex -7.095876642187412 4.49779844817661 2.4
    endloop
  endfacet
  facet normal -0.42755509343028286 -0.9039892931234428 0
    outer loop
      vertex -7.548314494938042 4.711785615807562 0
      vertex -7.095876642187412 4.49779844817661 2.4
      vertex -7.548314494938042 4.711785615807562 2.4
    endloop
  endfacet
  facet normal -0.6715589548470183 -0.7409511253549593 0
    outer loop
      vertex -6.264594250765408 3.9423533121499585 0
      vertex -5.893755415948608 3.6062445840513924 2.4
      vertex -6.264594250765408 3.9423533121499585 2.4
    endloop
  endfacet
  facet normal -0.9987954562051724 -0.04906767432741798 6.524216685472369e-19
    outer loop
      vertex -4.4 0 2.4
      vertex -4.424557893971796 0.49988741568075906 2.4
      vertex -4.424557893971796 0.49988741568075906 0
    endloop
  endfacet
  facet normal -0.9891765099647809 -0.146730474455362 6.385433357772472e-19
    outer loop
      vertex -4.424557893971796 0.49988741568075906 2.4
      vertex -4.497995069943525 0.994960642282254 2.4
      vertex -4.497995069943525 0.994960642282254 0
    endloop
  endfacet
  facet normal -0.9700312531945438 -0.24298017990326443 2.5684973192303437e-18
    outer loop
      vertex -4.497995069943525 0.994960642282254 2.4
      vertex -4.6196042877657355 1.4804518539977578 2.4
      vertex -4.6196042877657355 1.4804518539977578 0
    endloop
  endfacet
  facet normal -0.941544065183021 -0.3368898533922192 4.9913259198393416e-18
    outer loop
      vertex -4.6196042877657355 1.4804518539977578 2.4
      vertex -4.788214384192438 1.9516855050619577 2.4
      vertex -4.788214384192438 1.9516855050619577 0
    endloop
  endfacet
  facet normal -0.903989293123443 -0.42755509343028275 2.0603919882157996e-18
    outer loop
      vertex -4.788214384192438 1.9516855050619577 2.4
      vertex -5.00220155182339 2.404123357812588 2.4
      vertex -5.00220155182339 2.404123357812588 0
    endloop
  endfacet
  facet normal 0.04906767432741804 -0.9987954562051724 0
    outer loop
      vertex -9.999887415680758 5.075442106028204 0
      vertex -9.5 5.1 2.4
      vertex -9.999887415680758 5.075442106028204 2.4
    endloop
  endfacet
  facet normal -0.04906767432741804 -0.9987954562051724 0
    outer loop
      vertex -9.5 5.1 0
      vertex -9.000112584319242 5.075442106028204 2.4
      vertex -9.5 5.1 2.4
    endloop
  endfacet
  facet normal -0.1467304744553616 -0.9891765099647809 0
    outer loop
      vertex -9.000112584319242 5.075442106028204 0
      vertex -8.505039357717745 5.002004930056475 2.4
      vertex -9.000112584319242 5.075442106028204 2.4
    endloop
  endfacet
  facet normal -0.24298017990326456 -0.9700312531945438 0
    outer loop
      vertex -8.505039357717745 5.002004930056475 0
      vertex -8.019548146002242 4.8803957122342645 2.4
      vertex -8.505039357717745 5.002004930056475 2.4
    endloop
  endfacet
  facet normal -0.33688985339221933 -0.941544065183021 0
    outer loop
      vertex -8.019548146002242 4.8803957122342645 0
      vertex -7.548314494938042 4.711785615807562 2.4
      vertex -8.019548146002242 4.8803957122342645 2.4
    endloop
  endfacet
  facet normal 0.33688985339221933 0.941544065183021 0
    outer loop
      vertex 7.548314494938042 -4.711785615807562 0
      vertex 7.548314494938042 -4.711785615807562 2.4
      vertex 8.019548146002242 -4.8803957122342645 0
    endloop
  endfacet
  facet normal 0.24298017990326456 0.9700312531945438 0
    outer loop
      vertex 8.019548146002242 -4.8803957122342645 0
      vertex 8.019548146002242 -4.8803957122342645 2.4
      vertex 8.505039357717745 -5.002004930056475 0
    endloop
  endfacet
  facet normal 0.1467304744553616 0.9891765099647809 0
    outer loop
      vertex 8.505039357717745 -5.002004930056475 0
      vertex 8.505039357717745 -5.002004930056475 2.4
      vertex 9.000112584319242 -5.075442106028204 0
    endloop
  endfacet
  facet normal 0.04906767432741804 0.9987954562051724 0
    outer loop
      vertex 9.000112584319242 -5.075442106028204 0
      vertex 9.000112584319242 -5.075442106028204 2.4
      vertex 9.5 -5.1 0
    endloop
  endfacet
  facet normal -0.04906767432741804 0.9987954562051724 0
    outer loop
      vertex 9.5 -5.1 0
      vertex 9.5 -5.1 2.4
      vertex 9.999887415680758 -5.075442106028204 0
    endloop
  endfacet
  facet normal 0.903989293123443 0.42755509343028275 2.0603919882157996e-18
    outer loop
      vertex 5.00220155182339 -2.404123357812588 0
      vertex 4.788214384192438 -1.9516855050619577 0
      vertex 4.788214384192438 -1.9516855050619577 2.4
    endloop
  endfacet
  facet normal 0.941544065183021 0.3368898533922192 4.9913259198393416e-18
    outer loop
      vertex 4.788214384192438 -1.9516855050619577 0
      vertex 4.6196042877657355 -1.4804518539977578 0
      vertex 4.6196042877657355 -1.4804518539977578 2.4
    endloop
  endfacet
  facet normal 0.9700312531945438 0.24298017990326443 2.5684973192303437e-18
    outer loop
      vertex 4.6196042877657355 -1.4804518539977578 0
      vertex 4.497995069943525 -0.994960642282254 0
      vertex 4.497995069943525 -0.994960642282254 2.4
    endloop
  endfacet
  facet normal 0.9891765099647809 0.146730474455362 6.385433357772472e-19
    outer loop
      vertex 4.497995069943525 -0.994960642282254 0
      vertex 4.424557893971796 -0.49988741568075906 0
      vertex 4.424557893971796 -0.49988741568075906 2.4
    endloop
  endfacet
  facet normal 0.9987954562051724 0.04906767432741798 6.524216685472369e-19
    outer loop
      vertex 4.424557893971796 -0.49988741568075906 0
      vertex 4.4 0 0
      vertex 4.4 0 2.4
    endloop
  endfacet
  facet normal 0.6715589548470183 0.7409511253549593 0
    outer loop
      vertex 5.893755415948608 -3.6062445840513924 2.4
      vertex 6.264594250765408 -3.9423533121499585 0
      vertex 5.893755415948608 -3.6062445840513924 0
    endloop
  endfacet
  facet normal 0.5141027441932213 0.8577286100002723 -2.618586100438534e-18
    outer loop
      vertex 7.095876642187412 -4.49779844817661 0
      vertex 6.6665918116000284 -4.24049502274298 0
      vertex 6.6665918116000284 -4.24049502274298 2.4
    endloop
  endfacet
  facet normal 0.42755509343028286 0.9039892931234428 -4.596792880372503e-18
    outer loop
      vertex 7.548314494938042 -4.711785615807562 0
      vertex 7.095876642187412 -4.49779844817661 0
      vertex 7.095876642187412 -4.49779844817661 2.4
    endloop
  endfacet
  facet normal 0.595699304492433 0.8032075314806454 0
    outer loop
      vertex 6.264594250765408 -3.9423533121499585 0
      vertex 6.264594250765408 -3.9423533121499585 2.4
      vertex 6.6665918116000284 -4.24049502274298 0
    endloop
  endfacet
  facet normal 0.7409511253549597 0.6715589548470178 3.617533317553929e-18
    outer loop
      vertex 5.893755415948608 -3.6062445840513924 0
      vertex 5.557646687850042 -3.235405749234592 0
      vertex 5.557646687850042 -3.235405749234592 2.4
    endloop
  endfacet
  facet normal 0.8032075314806452 0.5956993044924331 -4.012608569157101e-18
    outer loop
      vertex 5.557646687850042 -3.235405749234592 0
      vertex 5.25950497725702 -2.833408188399971 0
      vertex 5.25950497725702 -2.833408188399971 2.4
    endloop
  endfacet
  facet normal 0.857728610000272 0.5141027441932217 8.157659642349279e-20
    outer loop
      vertex 5.25950497725702 -2.833408188399971 0
      vertex 5.00220155182339 -2.404123357812588 0
      vertex 5.00220155182339 -2.404123357812588 2.4
    endloop
  endfacet
  facet normal -0.1467304744553616 0.9891765099647809 0
    outer loop
      vertex 9.999887415680758 -5.075442106028204 0
      vertex 9.999887415680758 -5.075442106028204 2.4
      vertex 10.494960642282255 -5.002004930056475 0
    endloop
  endfacet
  facet normal -0.24298017990326456 0.9700312531945438 0
    outer loop
      vertex 10.494960642282255 -5.002004930056475 0
      vertex 10.494960642282255 -5.002004930056475 2.4
      vertex 10.980451853997758 -4.8803957122342645 0
    endloop
  endfacet
  facet normal -0.33688985339221933 0.941544065183021 0
    outer loop
      vertex 10.980451853997758 -4.8803957122342645 0
      vertex 10.980451853997758 -4.8803957122342645 2.4
      vertex 11.451685505061958 -4.711785615807562 0
    endloop
  endfacet
  facet normal -0.4275550934302836 0.9039892931234427 0
    outer loop
      vertex 11.451685505061958 -4.711785615807562 0
      vertex 11.451685505061958 -4.711785615807562 2.4
      vertex 11.904123357812587 -4.49779844817661 0
    endloop
  endfacet
  facet normal -0.5141027441932204 0.8577286100002727 0
    outer loop
      vertex 11.904123357812587 -4.49779844817661 0
      vertex 11.904123357812587 -4.49779844817661 2.4
      vertex 12.333408188399972 -4.24049502274298 0
    endloop
  endfacet
  facet normal -0.5956993044924338 0.8032075314806446 0
    outer loop
      vertex 12.333408188399972 -4.24049502274298 0
      vertex 12.333408188399972 -4.24049502274298 2.4
      vertex 12.735405749234591 -3.9423533121499585 0
    endloop
  endfacet
  facet normal -0.6715589548470173 0.74095112535496 0
    outer loop
      vertex 12.735405749234591 -3.9423533121499585 0
      vertex 12.735405749234591 -3.9423533121499585 2.4
      vertex 13.106244584051392 -3.6062445840513924 0
    endloop
  endfacet
  facet normal -0.7409511253549597 0.6715589548470178 0
    outer loop
      vertex 13.106244584051392 -3.6062445840513924 0
      vertex 13.106244584051392 -3.6062445840513924 2.4
      vertex 13.442353312149958 -3.235405749234592 0
    endloop
  endfacet
  facet normal -0.8032075314806452 0.5956993044924331 4.012608569157101e-18
    outer loop
      vertex 13.74049502274298 -2.833408188399971 0
      vertex 13.442353312149958 -3.235405749234592 0
      vertex 13.442353312149958 -3.235405749234592 2.4
    endloop
  endfacet
  facet normal -0.857728610000272 0.5141027441932217 -8.157659642349279e-20
    outer loop
      vertex 13.99779844817661 -2.404123357812588 0
      vertex 13.74049502274298 -2.833408188399971 0
      vertex 13.74049502274298 -2.833408188399971 2.4
    endloop
  endfacet
  facet normal -0.903989293123443 0.42755509343028275 -2.0603919882157996e-18
    outer loop
      vertex 14.211785615807562 -1.9516855050619577 0
      vertex 13.99779844817661 -2.404123357812588 0
      vertex 13.99779844817661 -2.404123357812588 2.4
    endloop
  endfacet
  facet normal -0.941544065183021 0.3368898533922192 -4.9913259198393416e-18
    outer loop
      vertex 14.380395712234264 -1.4804518539977578 0
      vertex 14.211785615807562 -1.9516855050619577 0
      vertex 14.211785615807562 -1.9516855050619577 2.4
    endloop
  endfacet
  facet normal -0.9700312531945434 0.24298017990326612 -1.7431439933442612e-18
    outer loop
      vertex 14.502004930056476 -0.994960642282254 0
      vertex 14.380395712234264 -1.4804518539977578 0
      vertex 14.380395712234264 -1.4804518539977578 2.4
    endloop
  endfacet
  facet normal -0.9891765099647812 0.14673047445536028 -2.7723177936692197e-18
    outer loop
      vertex 14.575442106028204 -0.49988741568075906 0
      vertex 14.502004930056476 -0.994960642282254 0
      vertex 14.502004930056476 -0.994960642282254 2.4
    endloop
  endfacet
  facet normal -0.9987954562051724 0.04906767432741798 -6.524216685472369e-19
    outer loop
      vertex 14.6 0 0
      vertex 14.575442106028204 -0.49988741568075906 0
      vertex 14.575442106028204 -0.49988741568075906 2.4
    endloop
  endfacet
  facet normal 0.33688985339221933 0.941544065183021 0
    outer loop
      vertex 8.019548146002242 -4.8803957122342645 0
      vertex 7.548314494938042 -4.711785615807562 2.4
      vertex 8.019548146002242 -4.8803957122342645 2.4
    endloop
  endfacet
  facet normal 0.24298017990326456 0.9700312531945438 0
    outer loop
      vertex 8.505039357717745 -5.002004930056475 0
      vertex 8.019548146002242 -4.8803957122342645 2.4
      vertex 8.505039357717745 -5.002004930056475 2.4
    endloop
  endfacet
  facet normal 0.1467304744553616 0.9891765099647809 0
    outer loop
      vertex 9.000112584319242 -5.075442106028204 0
      vertex 8.505039357717745 -5.002004930056475 2.4
      vertex 9.000112584319242 -5.075442106028204 2.4
    endloop
  endfacet
  facet normal 0.04906767432741804 0.9987954562051724 0
    outer loop
      vertex 9.5 -5.1 0
      vertex 9.000112584319242 -5.075442106028204 2.4
      vertex 9.5 -5.1 2.4
    endloop
  endfacet
  facet normal -0.04906767432741804 0.9987954562051724 0
    outer loop
      vertex 9.999887415680758 -5.075442106028204 0
      vertex 9.5 -5.1 2.4
      vertex 9.999887415680758 -5.075442106028204 2.4
    endloop
  endfacet
  facet normal 0.903989293123443 0.42755509343028275 0
    outer loop
      vertex 5.00220155182339 -2.404123357812588 0
      vertex 4.788214384192438 -1.9516855050619577 2.4
      vertex 5.00220155182339 -2.404123357812588 2.4
    endloop
  endfacet
  facet normal 0.941544065183021 0.3368898533922192 0
    outer loop
      vertex 4.788214384192438 -1.9516855050619577 0
      vertex 4.6196042877657355 -1.4804518539977578 2.4
      vertex 4.788214384192438 -1.9516855050619577 2.4
    endloop
  endfacet
  facet normal 0.9700312531945438 0.24298017990326443 0
    outer loop
      vertex 4.6196042877657355 -1.4804518539977578 0
      vertex 4.497995069943525 -0.994960642282254 2.4
      vertex 4.6196042877657355 -1.4804518539977578 2.4
    endloop
  endfacet
  facet normal 0.9891765099647809 0.146730474455362 0
    outer loop
      vertex 4.497995069943525 -0.994960642282254 0
      vertex 4.424557893971796 -0.49988741568075906 2.4
      vertex 4.497995069943525 -0.994960642282254 2.4
    endloop
  endfacet
  facet normal 0.9987954562051724 0.04906767432741798 0
    outer loop
      vertex 4.424557893971796 -0.49988741568075906 0
      vertex 4.4 0 2.4
      vertex 4.424557893971796 -0.49988741568075906 2.4
    endloop
  endfacet
  facet normal 0.6715589548470183 0.7409511253549593 0
    outer loop
      vertex 6.264594250765408 -3.9423533121499585 0
      vertex 5.893755415948608 -3.6062445840513924 2.4
      vertex 6.264594250765408 -3.9423533121499585 2.4
    endloop
  endfacet
  facet normal 0.42755509343028286 0.9039892931234428 0
    outer loop
      vertex 7.548314494938042 -4.711785615807562 0
      vertex 7.095876642187412 -4.49779844817661 2.4
      vertex 7.548314494938042 -4.711785615807562 2.4
    endloop
  endfacet
  facet normal 0.5141027441932213 0.8577286100002723 -2.618586100438534e-18
    outer loop
      vertex 6.6665918116000284 -4.24049502274298 2.4
      vertex 7.095876642187412 -4.49779844817661 2.4
      vertex 7.095876642187412 -4.49779844817661 0
    endloop
  endfacet
  facet normal 0.595699304492433 0.8032075314806454 0
    outer loop
      vertex 6.6665918116000284 -4.24049502274298 0
      vertex 6.264594250765408 -3.9423533121499585 2.4
      vertex 6.6665918116000284 -4.24049502274298 2.4
    endloop
  endfacet
  facet normal 0.8032075314806452 0.5956993044924331 0
    outer loop
      vertex 5.557646687850042 -3.235405749234592 0
      vertex 5.25950497725702 -2.833408188399971 2.4
      vertex 5.557646687850042 -3.235405749234592 2.4
    endloop
  endfacet
  facet normal 0.7409511253549597 0.6715589548470178 0
    outer loop
      vertex 5.893755415948608 -3.6062445840513924 0
      vertex 5.557646687850042 -3.235405749234592 2.4
      vertex 5.893755415948608 -3.6062445840513924 2.4
    endloop
  endfacet
  facet normal 0.857728610000272 0.5141027441932217 0
    outer loop
      vertex 5.25950497725702 -2.833408188399971 0
      vertex 5.00220155182339 -2.404123357812588 2.4
      vertex 5.25950497725702 -2.833408188399971 2.4
    endloop
  endfacet
  facet normal -0.1467304744553616 0.9891765099647809 0
    outer loop
      vertex 10.494960642282255 -5.002004930056475 0
      vertex 9.999887415680758 -5.075442106028204 2.4
      vertex 10.494960642282255 -5.002004930056475 2.4
    endloop
  endfacet
  facet normal -0.24298017990326456 0.9700312531945438 0
    outer loop
      vertex 10.980451853997758 -4.8803957122342645 0
      vertex 10.494960642282255 -5.002004930056475 2.4
      vertex 10.980451853997758 -4.8803957122342645 2.4
    endloop
  endfacet
  facet normal -0.33688985339221933 0.941544065183021 0
    outer loop
      vertex 11.451685505061958 -4.711785615807562 0
      vertex 10.980451853997758 -4.8803957122342645 2.4
      vertex 11.451685505061958 -4.711785615807562 2.4
    endloop
  endfacet
  facet normal -0.4275550934302836 0.9039892931234427 0
    outer loop
      vertex 11.904123357812587 -4.49779844817661 0
      vertex 11.451685505061958 -4.711785615807562 2.4
      vertex 11.904123357812587 -4.49779844817661 2.4
    endloop
  endfacet
  facet normal -0.5141027441932204 0.8577286100002727 0
    outer loop
      vertex 12.333408188399972 -4.24049502274298 0
      vertex 11.904123357812587 -4.49779844817661 2.4
      vertex 12.333408188399972 -4.24049502274298 2.4
    endloop
  endfacet
  facet normal -0.5956993044924338 0.8032075314806446 0
    outer loop
      vertex 12.735405749234591 -3.9423533121499585 0
      vertex 12.333408188399972 -4.24049502274298 2.4
      vertex 12.735405749234591 -3.9423533121499585 2.4
    endloop
  endfacet
  facet normal -0.6715589548470173 0.74095112535496 0
    outer loop
      vertex 13.106244584051392 -3.6062445840513924 0
      vertex 12.735405749234591 -3.9423533121499585 2.4
      vertex 13.106244584051392 -3.6062445840513924 2.4
    endloop
  endfacet
  facet normal -0.7409511253549597 0.6715589548470178 0
    outer loop
      vertex 13.442353312149958 -3.235405749234592 0
      vertex 13.106244584051392 -3.6062445840513924 2.4
      vertex 13.442353312149958 -3.235405749234592 2.4
    endloop
  endfacet
  facet normal -0.8032075314806452 0.5956993044924331 0
    outer loop
      vertex 13.74049502274298 -2.833408188399971 0
      vertex 13.442353312149958 -3.235405749234592 2.4
      vertex 13.74049502274298 -2.833408188399971 2.4
    endloop
  endfacet
  facet normal -0.857728610000272 0.5141027441932217 0
    outer loop
      vertex 13.99779844817661 -2.404123357812588 0
      vertex 13.74049502274298 -2.833408188399971 2.4
      vertex 13.99779844817661 -2.404123357812588 2.4
    endloop
  endfacet
  facet normal -0.903989293123443 0.42755509343028275 0
    outer loop
      vertex 14.211785615807562 -1.9516855050619577 0
      vertex 13.99779844817661 -2.404123357812588 2.4
      vertex 14.211785615807562 -1.9516855050619577 2.4
    endloop
  endfacet
  facet normal -0.941544065183021 0.3368898533922192 0
    outer loop
      vertex 14.380395712234264 -1.4804518539977578 0
      vertex 14.211785615807562 -1.9516855050619577 2.4
      vertex 14.380395712234264 -1.4804518539977578 2.4
    endloop
  endfacet
  facet normal -0.9700312531945434 0.24298017990326612 0
    outer loop
      vertex 14.502004930056476 -0.994960642282254 0
      vertex 14.380395712234264 -1.4804518539977578 2.4
      vertex 14.502004930056476 -0.994960642282254 2.4
    endloop
  endfacet
  facet normal -0.9891765099647812 0.14673047445536028 0
    outer loop
      vertex 14.575442106028204 -0.49988741568075906 0
      vertex 14.502004930056476 -0.994960642282254 2.4
      vertex 14.575442106028204 -0.49988741568075906 2.4
    endloop
  endfacet
  facet normal -0.9987954562051724 0.04906767432741798 0
    outer loop
      vertex 14.6 0 0
      vertex 14.575442106028204 -0.49988741568075906 2.4
      vertex 14.6 0 2.4
    endloop
  endfacet
  facet normal 0.9987954562051724 -0.04906767432741798 -6.524216685472369e-19
    outer loop
      vertex 4.4 0 0
      vertex 4.424557893971796 0.49988741568075906 0
      vertex 4.424557893971796 0.49988741568075906 2.4
    endloop
  endfacet
  facet normal 0.9891765099647809 -0.146730474455362 -6.385433357772472e-19
    outer loop
      vertex 4.424557893971796 0.49988741568075906 0
      vertex 4.497995069943525 0.994960642282254 0
      vertex 4.497995069943525 0.994960642282254 2.4
    endloop
  endfacet
  facet normal 0.9700312531945438 -0.24298017990326443 -2.5684973192303437e-18
    outer loop
      vertex 4.497995069943525 0.994960642282254 0
      vertex 4.6196042877657355 1.4804518539977578 0
      vertex 4.6196042877657355 1.4804518539977578 2.4
    endloop
  endfacet
  facet normal 0.941544065183021 -0.3368898533922192 -4.9913259198393416e-18
    outer loop
      vertex 4.6196042877657355 1.4804518539977578 0
      vertex 4.788214384192438 1.9516855050619577 0
      vertex 4.788214384192438 1.9516855050619577 2.4
    endloop
  endfacet
  facet normal 0.903989293123443 -0.42755509343028275 -2.0603919882157996e-18
    outer loop
      vertex 4.788214384192438 1.9516855050619577 0
      vertex 5.00220155182339 2.404123357812588 0
      vertex 5.00220155182339 2.404123357812588 2.4
    endloop
  endfacet
  facet normal 0.857728610000272 -0.5141027441932217 -8.157659642349279e-20
    outer loop
      vertex 5.00220155182339 2.404123357812588 0
      vertex 5.25950497725702 2.833408188399971 0
      vertex 5.25950497725702 2.833408188399971 2.4
    endloop
  endfacet
  facet normal 0.8032075314806452 -0.5956993044924331 4.012608569157101e-18
    outer loop
      vertex 5.25950497725702 2.833408188399971 0
      vertex 5.557646687850042 3.235405749234592 0
      vertex 5.557646687850042 3.235405749234592 2.4
    endloop
  endfacet
  facet normal 0.7409511253549597 -0.6715589548470178 -3.617533317553929e-18
    outer loop
      vertex 5.557646687850042 3.235405749234592 0
      vertex 5.893755415948608 3.6062445840513924 0
      vertex 5.893755415948608 3.6062445840513924 2.4
    endloop
  endfacet
  facet normal 0.6715589548470183 -0.7409511253549593 0
    outer loop
      vertex 6.264594250765408 3.9423533121499585 0
      vertex 6.264594250765408 3.9423533121499585 2.4
      vertex 5.893755415948608 3.6062445840513924 0
    endloop
  endfacet
  facet normal 0.595699304492433 -0.8032075314806454 0
    outer loop
      vertex 6.6665918116000284 4.24049502274298 0
      vertex 6.6665918116000284 4.24049502274298 2.4
      vertex 6.264594250765408 3.9423533121499585 0
    endloop
  endfacet
  facet normal 0.5141027441932213 -0.8577286100002723 0
    outer loop
      vertex 7.095876642187412 4.49779844817661 0
      vertex 7.095876642187412 4.49779844817661 2.4
      vertex 6.6665918116000284 4.24049502274298 0
    endloop
  endfacet
  facet normal 0.42755509343028286 -0.9039892931234428 0
    outer loop
      vertex 7.548314494938042 4.711785615807562 0
      vertex 7.548314494938042 4.711785615807562 2.4
      vertex 7.095876642187412 4.49779844817661 0
    endloop
  endfacet
  facet normal 0.33688985339221933 -0.941544065183021 0
    outer loop
      vertex 8.019548146002242 4.8803957122342645 0
      vertex 8.019548146002242 4.8803957122342645 2.4
      vertex 7.548314494938042 4.711785615807562 0
    endloop
  endfacet
  facet normal 0.24298017990326456 -0.9700312531945438 0
    outer loop
      vertex 8.505039357717745 5.002004930056475 0
      vertex 8.505039357717745 5.002004930056475 2.4
      vertex 8.019548146002242 4.8803957122342645 0
    endloop
  endfacet
  facet normal 0.1467304744553616 -0.9891765099647809 0
    outer loop
      vertex 9.000112584319242 5.075442106028204 0
      vertex 9.000112584319242 5.075442106028204 2.4
      vertex 8.505039357717745 5.002004930056475 0
    endloop
  endfacet
  facet normal 0.04906767432741804 -0.9987954562051724 0
    outer loop
      vertex 9.5 5.1 0
      vertex 9.5 5.1 2.4
      vertex 9.000112584319242 5.075442106028204 0
    endloop
  endfacet
  facet normal -0.04906767432741804 -0.9987954562051724 0
    outer loop
      vertex 9.999887415680758 5.075442106028204 0
      vertex 9.999887415680758 5.075442106028204 2.4
      vertex 9.5 5.1 0
    endloop
  endfacet
  facet normal -0.9987954562051724 -0.04906767432741798 6.524216685472369e-19
    outer loop
      vertex 14.575442106028204 0.49988741568075906 0
      vertex 14.6 0 0
      vertex 14.6 0 2.4
    endloop
  endfacet
  facet normal -0.9891765099647812 -0.14673047445536028 2.7723177936692197e-18
    outer loop
      vertex 14.502004930056476 0.994960642282254 0
      vertex 14.575442106028204 0.49988741568075906 0
      vertex 14.575442106028204 0.49988741568075906 2.4
    endloop
  endfacet
  facet normal -0.9700312531945434 -0.24298017990326612 1.7431439933442612e-18
    outer loop
      vertex 14.380395712234264 1.4804518539977578 0
      vertex 14.502004930056476 0.994960642282254 0
      vertex 14.502004930056476 0.994960642282254 2.4
    endloop
  endfacet
  facet normal -0.941544065183021 -0.3368898533922192 4.9913259198393416e-18
    outer loop
      vertex 14.211785615807562 1.9516855050619577 0
      vertex 14.380395712234264 1.4804518539977578 0
      vertex 14.380395712234264 1.4804518539977578 2.4
    endloop
  endfacet
  facet normal -0.903989293123443 -0.42755509343028275 2.0603919882157996e-18
    outer loop
      vertex 13.99779844817661 2.404123357812588 0
      vertex 14.211785615807562 1.9516855050619577 0
      vertex 14.211785615807562 1.9516855050619577 2.4
    endloop
  endfacet
  facet normal -0.4275550934302836 -0.9039892931234427 0
    outer loop
      vertex 11.904123357812587 4.49779844817661 0
      vertex 11.904123357812587 4.49779844817661 2.4
      vertex 11.451685505061958 4.711785615807562 0
    endloop
  endfacet
  facet normal -0.5141027441932204 -0.8577286100002727 0
    outer loop
      vertex 12.333408188399972 4.24049502274298 0
      vertex 12.333408188399972 4.24049502274298 2.4
      vertex 11.904123357812587 4.49779844817661 0
    endloop
  endfacet
  facet normal -0.8032075314806452 -0.5956993044924331 -4.012608569157101e-18
    outer loop
      vertex 13.442353312149958 3.235405749234592 0
      vertex 13.74049502274298 2.833408188399971 0
      vertex 13.74049502274298 2.833408188399971 2.4
    endloop
  endfacet
  facet normal -0.7409511253549597 -0.6715589548470178 3.617533317553929e-18
    outer loop
      vertex 13.106244584051392 3.6062445840513924 0
      vertex 13.442353312149958 3.235405749234592 0
      vertex 13.442353312149958 3.235405749234592 2.4
    endloop
  endfacet
  facet normal -0.857728610000272 -0.5141027441932217 8.157659642349279e-20
    outer loop
      vertex 13.74049502274298 2.833408188399971 0
      vertex 13.99779844817661 2.404123357812588 0
      vertex 13.99779844817661 2.404123357812588 2.4
    endloop
  endfacet
  facet normal -0.6715589548470173 -0.74095112535496 0
    outer loop
      vertex 13.106244584051392 3.6062445840513924 2.4
      vertex 12.735405749234591 3.9423533121499585 0
      vertex 13.106244584051392 3.6062445840513924 0
    endloop
  endfacet
  facet normal -0.5956993044924338 -0.8032075314806446 0
    outer loop
      vertex 12.735405749234591 3.9423533121499585 0
      vertex 12.735405749234591 3.9423533121499585 2.4
      vertex 12.333408188399972 4.24049502274298 0
    endloop
  endfacet
  facet normal -0.1467304744553616 -0.9891765099647809 0
    outer loop
      vertex 10.494960642282255 5.002004930056475 0
      vertex 10.494960642282255 5.002004930056475 2.4
      vertex 9.999887415680758 5.075442106028204 0
    endloop
  endfacet
  facet normal -0.24298017990326456 -0.9700312531945438 0
    outer loop
      vertex 10.980451853997758 4.8803957122342645 0
      vertex 10.980451853997758 4.8803957122342645 2.4
      vertex 10.494960642282255 5.002004930056475 0
    endloop
  endfacet
  facet normal -0.33688985339221933 -0.941544065183021 0
    outer loop
      vertex 11.451685505061958 4.711785615807562 0
      vertex 11.451685505061958 4.711785615807562 2.4
      vertex 10.980451853997758 4.8803957122342645 0
    endloop
  endfacet
  facet normal 0.9987954562051724 -0.04906767432741798 0
    outer loop
      vertex 4.4 0 0
      vertex 4.424557893971796 0.49988741568075906 2.4
      vertex 4.4 0 2.4
    endloop
  endfacet
  facet normal 0.9891765099647809 -0.146730474455362 0
    outer loop
      vertex 4.424557893971796 0.49988741568075906 0
      vertex 4.497995069943525 0.994960642282254 2.4
      vertex 4.424557893971796 0.49988741568075906 2.4
    endloop
  endfacet
  facet normal 0.9700312531945438 -0.24298017990326443 0
    outer loop
      vertex 4.497995069943525 0.994960642282254 0
      vertex 4.6196042877657355 1.4804518539977578 2.4
      vertex 4.497995069943525 0.994960642282254 2.4
    endloop
  endfacet
  facet normal 0.941544065183021 -0.3368898533922192 0
    outer loop
      vertex 4.6196042877657355 1.4804518539977578 0
      vertex 4.788214384192438 1.9516855050619577 2.4
      vertex 4.6196042877657355 1.4804518539977578 2.4
    endloop
  endfacet
  facet normal 0.903989293123443 -0.42755509343028275 0
    outer loop
      vertex 4.788214384192438 1.9516855050619577 0
      vertex 5.00220155182339 2.404123357812588 2.4
      vertex 4.788214384192438 1.9516855050619577 2.4
    endloop
  endfacet
  facet normal 0.857728610000272 -0.5141027441932217 0
    outer loop
      vertex 5.00220155182339 2.404123357812588 0
      vertex 5.25950497725702 2.833408188399971 2.4
      vertex 5.00220155182339 2.404123357812588 2.4
    endloop
  endfacet
  facet normal 0.8032075314806452 -0.5956993044924331 0
    outer loop
      vertex 5.25950497725702 2.833408188399971 0
      vertex 5.557646687850042 3.235405749234592 2.4
      vertex 5.25950497725702 2.833408188399971 2.4
    endloop
  endfacet
  facet normal 0.7409511253549597 -0.6715589548470178 0
    outer loop
      vertex 5.557646687850042 3.235405749234592 0
      vertex 5.893755415948608 3.6062445840513924 2.4
      vertex 5.557646687850042 3.235405749234592 2.4
    endloop
  endfacet
  facet normal 0.6715589548470183 -0.7409511253549593 0
    outer loop
      vertex 5.893755415948608 3.6062445840513924 0
      vertex 6.264594250765408 3.9423533121499585 2.4
      vertex 5.893755415948608 3.6062445840513924 2.4
    endloop
  endfacet
  facet normal 0.595699304492433 -0.8032075314806454 0
    outer loop
      vertex 6.264594250765408 3.9423533121499585 0
      vertex 6.6665918116000284 4.24049502274298 2.4
      vertex 6.264594250765408 3.9423533121499585 2.4
    endloop
  endfacet
  facet normal 0.5141027441932213 -0.8577286100002723 0
    outer loop
      vertex 6.6665918116000284 4.24049502274298 0
      vertex 7.095876642187412 4.49779844817661 2.4
      vertex 6.6665918116000284 4.24049502274298 2.4
    endloop
  endfacet
  facet normal 0.42755509343028286 -0.9039892931234428 0
    outer loop
      vertex 7.095876642187412 4.49779844817661 0
      vertex 7.548314494938042 4.711785615807562 2.4
      vertex 7.095876642187412 4.49779844817661 2.4
    endloop
  endfacet
  facet normal 0.33688985339221933 -0.941544065183021 0
    outer loop
      vertex 7.548314494938042 4.711785615807562 0
      vertex 8.019548146002242 4.8803957122342645 2.4
      vertex 7.548314494938042 4.711785615807562 2.4
    endloop
  endfacet
  facet normal 0.24298017990326456 -0.9700312531945438 0
    outer loop
      vertex 8.019548146002242 4.8803957122342645 0
      vertex 8.505039357717745 5.002004930056475 2.4
      vertex 8.019548146002242 4.8803957122342645 2.4
    endloop
  endfacet
  facet normal 0.1467304744553616 -0.9891765099647809 0
    outer loop
      vertex 8.505039357717745 5.002004930056475 0
      vertex 9.000112584319242 5.075442106028204 2.4
      vertex 8.505039357717745 5.002004930056475 2.4
    endloop
  endfacet
  facet normal 0.04906767432741804 -0.9987954562051724 0
    outer loop
      vertex 9.000112584319242 5.075442106028204 0
      vertex 9.5 5.1 2.4
      vertex 9.000112584319242 5.075442106028204 2.4
    endloop
  endfacet
  facet normal -0.04906767432741804 -0.9987954562051724 0
    outer loop
      vertex 9.5 5.1 0
      vertex 9.999887415680758 5.075442106028204 2.4
      vertex 9.5 5.1 2.4
    endloop
  endfacet
  facet normal -0.9987954562051724 -0.04906767432741798 0
    outer loop
      vertex 14.575442106028204 0.49988741568075906 0
      vertex 14.6 0 2.4
      vertex 14.575442106028204 0.49988741568075906 2.4
    endloop
  endfacet
  facet normal -0.9891765099647812 -0.14673047445536028 0
    outer loop
      vertex 14.502004930056476 0.994960642282254 0
      vertex 14.575442106028204 0.49988741568075906 2.4
      vertex 14.502004930056476 0.994960642282254 2.4
    endloop
  endfacet
  facet normal -0.9700312531945434 -0.24298017990326612 0
    outer loop
      vertex 14.380395712234264 1.4804518539977578 0
      vertex 14.502004930056476 0.994960642282254 2.4
      vertex 14.380395712234264 1.4804518539977578 2.4
    endloop
  endfacet
  facet normal -0.941544065183021 -0.3368898533922192 0
    outer loop
      vertex 14.211785615807562 1.9516855050619577 0
      vertex 14.380395712234264 1.4804518539977578 2.4
      vertex 14.211785615807562 1.9516855050619577 2.4
    endloop
  endfacet
  facet normal -0.903989293123443 -0.42755509343028275 0
    outer loop
      vertex 13.99779844817661 2.404123357812588 0
      vertex 14.211785615807562 1.9516855050619577 2.4
      vertex 13.99779844817661 2.404123357812588 2.4
    endloop
  endfacet
  facet normal -0.5956993044924338 -0.8032075314806446 0
    outer loop
      vertex 12.333408188399972 4.24049502274298 0
      vertex 12.735405749234591 3.9423533121499585 2.4
      vertex 12.333408188399972 4.24049502274298 2.4
    endloop
  endfacet
  facet normal -0.4275550934302836 -0.9039892931234427 0
    outer loop
      vertex 11.451685505061958 4.711785615807562 0
      vertex 11.904123357812587 4.49779844817661 2.4
      vertex 11.451685505061958 4.711785615807562 2.4
    endloop
  endfacet
  facet normal -0.5141027441932204 -0.8577286100002727 0
    outer loop
      vertex 11.904123357812587 4.49779844817661 0
      vertex 12.333408188399972 4.24049502274298 2.4
      vertex 11.904123357812587 4.49779844817661 2.4
    endloop
  endfacet
  facet normal -0.8032075314806452 -0.5956993044924331 0
    outer loop
      vertex 13.442353312149958 3.235405749234592 0
      vertex 13.74049502274298 2.833408188399971 2.4
      vertex 13.442353312149958 3.235405749234592 2.4
    endloop
  endfacet
  facet normal -0.7409511253549597 -0.6715589548470178 0
    outer loop
      vertex 13.106244584051392 3.6062445840513924 0
      vertex 13.442353312149958 3.235405749234592 2.4
      vertex 13.106244584051392 3.6062445840513924 2.4
    endloop
  endfacet
  facet normal -0.857728610000272 -0.5141027441932217 0
    outer loop
      vertex 13.74049502274298 2.833408188399971 0
      vertex 13.99779844817661 2.404123357812588 2.4
      vertex 13.74049502274298 2.833408188399971 2.4
    endloop
  endfacet
  facet normal -0.6715589548470173 -0.74095112535496 0
    outer loop
      vertex 12.735405749234591 3.9423533121499585 0
      vertex 13.106244584051392 3.6062445840513924 2.4
      vertex 12.735405749234591 3.9423533121499585 2.4
    endloop
  endfacet
  facet normal -0.1467304744553616 -0.9891765099647809 0
    outer loop
      vertex 9.999887415680758 5.075442106028204 0
      vertex 10.494960642282255 5.002004930056475 2.4
      vertex 9.999887415680758 5.075442106028204 2.4
    endloop
  endfacet
  facet normal -0.24298017990326456 -0.9700312531945438 0
    outer loop
      vertex 10.494960642282255 5.002004930056475 0
      vertex 10.980451853997758 4.8803957122342645 2.4
      vertex 10.494960642282255 5.002004930056475 2.4
    endloop
  endfacet
  facet normal -0.33688985339221933 -0.941544065183021 0
    outer loop
      vertex 10.980451853997758 4.8803957122342645 0
      vertex 11.451685505061958 4.711785615807562 2.4
      vertex 10.980451853997758 4.8803957122342645 2.4
    endloop
  endfacet
  facet normal 0.33688985339221933 0.941544065183021 0
    outer loop
      vertex 26.548314494938044 -4.711785615807562 0
      vertex 26.548314494938044 -4.711785615807562 2.4
      vertex 27.019548146002244 -4.8803957122342645 0
    endloop
  endfacet
  facet normal 0.24298017990326545 0.9700312531945436 0
    outer loop
      vertex 27.019548146002244 -4.8803957122342645 0
      vertex 27.019548146002244 -4.8803957122342645 2.4
      vertex 27.505039357717745 -5.002004930056475 0
    endloop
  endfacet
  facet normal 0.1467304744553621 0.9891765099647809 0
    outer loop
      vertex 27.505039357717745 -5.002004930056475 0
      vertex 27.505039357717745 -5.002004930056475 2.4
      vertex 28.00011258431924 -5.075442106028204 0
    endloop
  endfacet
  facet normal 0.04906767432741786 0.9987954562051724 0
    outer loop
      vertex 28.00011258431924 -5.075442106028204 0
      vertex 28.00011258431924 -5.075442106028204 2.4
      vertex 28.5 -5.1 0
    endloop
  endfacet
  facet normal -0.04906767432741786 0.9987954562051724 0
    outer loop
      vertex 28.5 -5.1 0
      vertex 28.5 -5.1 2.4
      vertex 28.99988741568076 -5.075442106028204 0
    endloop
  endfacet
  facet normal -0.1467304744553621 0.9891765099647809 0
    outer loop
      vertex 28.99988741568076 -5.075442106028204 0
      vertex 28.99988741568076 -5.075442106028204 2.4
      vertex 29.494960642282255 -5.002004930056475 0
    endloop
  endfacet
  facet normal -0.24298017990326545 0.9700312531945436 0
    outer loop
      vertex 29.494960642282255 -5.002004930056475 0
      vertex 29.494960642282255 -5.002004930056475 2.4
      vertex 29.980451853997756 -4.8803957122342645 0
    endloop
  endfacet
  facet normal 0.7409511253549597 0.6715589548470178 3.617533317553929e-18
    outer loop
      vertex 24.893755415948608 -3.6062445840513924 0
      vertex 24.557646687850042 -3.235405749234592 0
      vertex 24.557646687850042 -3.235405749234592 2.4
    endloop
  endfacet
  facet normal 0.8032075314806452 0.5956993044924331 -4.012608569157101e-18
    outer loop
      vertex 24.557646687850042 -3.235405749234592 0
      vertex 24.25950497725702 -2.833408188399971 0
      vertex 24.25950497725702 -2.833408188399971 2.4
    endloop
  endfacet
  facet normal 0.857728610000272 0.5141027441932217 8.157659642349279e-20
    outer loop
      vertex 24.25950497725702 -2.833408188399971 0
      vertex 24.00220155182339 -2.404123357812588 0
      vertex 24.00220155182339 -2.404123357812588 2.4
    endloop
  endfacet
  facet normal 0.9415440651830222 0.3368898533922161 -2.8892277980940117e-18
    outer loop
      vertex 23.788214384192436 -1.9516855050619577 0
      vertex 23.619604287765736 -1.4804518539977578 0
      vertex 23.619604287765736 -1.4804518539977578 2.4
    endloop
  endfacet
  facet normal 0.9039892931234417 0.4275550934302856 3.076577824224428e-18
    outer loop
      vertex 24.00220155182339 -2.404123357812588 0
      vertex 23.788214384192436 -1.9516855050619577 0
      vertex 23.788214384192436 -1.9516855050619577 2.4
    endloop
  endfacet
  facet normal 0.9700312531945434 0.24298017990326612 1.7431439933442612e-18
    outer loop
      vertex 23.619604287765736 -1.4804518539977578 0
      vertex 23.497995069943524 -0.994960642282254 0
      vertex 23.497995069943524 -0.994960642282254 2.4
    endloop
  endfacet
  facet normal 0.9891765099647807 0.14673047445536377 -1.4952311221147243e-18
    outer loop
      vertex 23.497995069943524 -0.994960642282254 0
      vertex 23.424557893971794 -0.49988741568075906 0
      vertex 23.424557893971794 -0.49988741568075906 2.4
    endloop
  endfacet
  facet normal 0.9987954562051724 0.04906767432741798 6.524216685472369e-19
    outer loop
      vertex 23.424557893971794 -0.49988741568075906 0
      vertex 23.4 0 0
      vertex 23.4 0 2.4
    endloop
  endfacet
  facet normal 0.42755509343028225 0.9039892931234433 -1.075042049565944e-18
    outer loop
      vertex 26.548314494938044 -4.711785615807562 0
      vertex 26.095876642187413 -4.49779844817661 0
      vertex 26.095876642187413 -4.49779844817661 2.4
    endloop
  endfacet
  facet normal 0.5141027441932204 0.8577286100002727 3.5345828276107235e-18
    outer loop
      vertex 26.095876642187413 -4.49779844817661 0
      vertex 25.66659181160003 -4.24049502274298 0
      vertex 25.66659181160003 -4.24049502274298 2.4
    endloop
  endfacet
  facet normal 0.5956993044924338 0.8032075314806446 0
    outer loop
      vertex 25.26459425076541 -3.9423533121499585 0
      vertex 25.26459425076541 -3.9423533121499585 2.4
      vertex 25.66659181160003 -4.24049502274298 0
    endloop
  endfacet
  facet normal 0.6715589548470173 0.74095112535496 -7.473920005477533e-19
    outer loop
      vertex 25.26459425076541 -3.9423533121499585 0
      vertex 24.893755415948608 -3.6062445840513924 0
      vertex 24.893755415948608 -3.6062445840513924 2.4
    endloop
  endfacet
  facet normal -0.33688985339221933 0.941544065183021 0
    outer loop
      vertex 29.980451853997756 -4.8803957122342645 0
      vertex 29.980451853997756 -4.8803957122342645 2.4
      vertex 30.451685505061956 -4.711785615807562 0
    endloop
  endfacet
  facet normal -0.42755509343028225 0.9039892931234433 0
    outer loop
      vertex 30.451685505061956 -4.711785615807562 0
      vertex 30.451685505061956 -4.711785615807562 2.4
      vertex 30.904123357812587 -4.49779844817661 0
    endloop
  endfacet
  facet normal -0.5141027441932204 0.8577286100002727 0
    outer loop
      vertex 30.904123357812587 -4.49779844817661 0
      vertex 30.904123357812587 -4.49779844817661 2.4
      vertex 31.33340818839997 -4.24049502274298 0
    endloop
  endfacet
  facet normal -0.5956993044924338 0.8032075314806446 0
    outer loop
      vertex 31.33340818839997 -4.24049502274298 0
      vertex 31.33340818839997 -4.24049502274298 2.4
      vertex 31.73540574923459 -3.9423533121499585 0
    endloop
  endfacet
  facet normal -0.6715589548470138 0.7409511253549632 0
    outer loop
      vertex 31.73540574923459 -3.9423533121499585 0
      vertex 31.73540574923459 -3.9423533121499585 2.4
      vertex 32.106244584051396 -3.6062445840513924 0
    endloop
  endfacet
  facet normal -0.7409511253549597 0.6715589548470178 6.213168450536375e-16
    outer loop
      vertex 32.106244584051396 -3.6062445840513924 0
      vertex 32.106244584051396 -3.6062445840513946 2.4
      vertex 32.44235331214996 -3.235405749234592 0
    endloop
  endfacet
  facet normal -0.8032075314806519 0.5956993044924239 -5.493042139703943e-18
    outer loop
      vertex 32.74049502274298 -2.833408188399971 0
      vertex 32.44235331214996 -3.235405749234592 0
      vertex 32.44235331214996 -3.235405749234592 2.4
    endloop
  endfacet
  facet normal -0.857728610000269 0.514102744193227 -1.2725497221114685e-18
    outer loop
      vertex 32.99779844817661 -2.404123357812588 0
      vertex 32.74049502274298 -2.833408188399971 0
      vertex 32.74049502274298 -2.833408188399971 2.4
    endloop
  endfacet
  facet normal -0.9039892931234417 0.4275550934302856 -3.076577824224428e-18
    outer loop
      vertex 33.211785615807564 -1.9516855050619577 0
      vertex 32.99779844817661 -2.404123357812588 0
      vertex 32.99779844817661 -2.404123357812588 2.4
    endloop
  endfacet
  facet normal -0.9415440651830245 0.3368898533922098 -4.456653409585959e-18
    outer loop
      vertex 33.38039571223426 -1.4804518539977578 0
      vertex 33.211785615807564 -1.9516855050619577 0
      vertex 33.211785615807564 -1.9516855050619577 2.4
    endloop
  endfacet
  facet normal -0.9700312531945434 0.24298017990326612 -1.7431439933442612e-18
    outer loop
      vertex 33.50200493005647 -0.994960642282254 0
      vertex 33.38039571223426 -1.4804518539977578 0
      vertex 33.38039571223426 -1.4804518539977578 2.4
    endloop
  endfacet
  facet normal -0.9891765099647796 0.14673047445537069 -1.5231653680907143e-18
    outer loop
      vertex 33.575442106028206 -0.49988741568075906 0
      vertex 33.50200493005647 -0.994960642282254 0
      vertex 33.50200493005647 -0.994960642282254 2.4
    endloop
  endfacet
  facet normal -0.9987954562051724 0.04906767432741798 -6.524216685472369e-19
    outer loop
      vertex 33.6 0 0
      vertex 33.575442106028206 -0.49988741568075906 0
      vertex 33.575442106028206 -0.49988741568075906 2.4
    endloop
  endfacet
  facet normal 0.33688985339221933 0.941544065183021 0
    outer loop
      vertex 27.019548146002244 -4.8803957122342645 0
      vertex 26.548314494938044 -4.711785615807562 2.4
      vertex 27.019548146002244 -4.8803957122342645 2.4
    endloop
  endfacet
  facet normal 0.24298017990326545 0.9700312531945436 0
    outer loop
      vertex 27.505039357717745 -5.002004930056475 0
      vertex 27.019548146002244 -4.8803957122342645 2.4
      vertex 27.505039357717745 -5.002004930056475 2.4
    endloop
  endfacet
  facet normal 0.1467304744553621 0.9891765099647809 0
    outer loop
      vertex 28.00011258431924 -5.075442106028204 0
      vertex 27.505039357717745 -5.002004930056475 2.4
      vertex 28.00011258431924 -5.075442106028204 2.4
    endloop
  endfacet
  facet normal 0.04906767432741786 0.9987954562051724 0
    outer loop
      vertex 28.5 -5.1 0
      vertex 28.00011258431924 -5.075442106028204 2.4
      vertex 28.5 -5.1 2.4
    endloop
  endfacet
  facet normal -0.04906767432741786 0.9987954562051724 0
    outer loop
      vertex 28.99988741568076 -5.075442106028204 0
      vertex 28.5 -5.1 2.4
      vertex 28.99988741568076 -5.075442106028204 2.4
    endloop
  endfacet
  facet normal -0.1467304744553621 0.9891765099647809 0
    outer loop
      vertex 29.494960642282255 -5.002004930056475 0
      vertex 28.99988741568076 -5.075442106028204 2.4
      vertex 29.494960642282255 -5.002004930056475 2.4
    endloop
  endfacet
  facet normal -0.24298017990326545 0.9700312531945436 0
    outer loop
      vertex 29.980451853997756 -4.8803957122342645 0
      vertex 29.494960642282255 -5.002004930056475 2.4
      vertex 29.980451853997756 -4.8803957122342645 2.4
    endloop
  endfacet
  facet normal 0.7409511253549597 0.6715589548470178 0
    outer loop
      vertex 24.893755415948608 -3.6062445840513924 0
      vertex 24.557646687850042 -3.235405749234592 2.4
      vertex 24.893755415948608 -3.6062445840513924 2.4
    endloop
  endfacet
  facet normal 0.8032075314806452 0.5956993044924331 0
    outer loop
      vertex 24.557646687850042 -3.235405749234592 0
      vertex 24.25950497725702 -2.833408188399971 2.4
      vertex 24.557646687850042 -3.235405749234592 2.4
    endloop
  endfacet
  facet normal 0.857728610000272 0.5141027441932217 0
    outer loop
      vertex 24.25950497725702 -2.833408188399971 0
      vertex 24.00220155182339 -2.404123357812588 2.4
      vertex 24.25950497725702 -2.833408188399971 2.4
    endloop
  endfacet
  facet normal 0.9415440651830222 0.3368898533922161 0
    outer loop
      vertex 23.788214384192436 -1.9516855050619577 0
      vertex 23.619604287765736 -1.4804518539977578 2.4
      vertex 23.788214384192436 -1.9516855050619577 2.4
    endloop
  endfacet
  facet normal 0.9700312531945434 0.24298017990326612 0
    outer loop
      vertex 23.619604287765736 -1.4804518539977578 0
      vertex 23.497995069943524 -0.994960642282254 2.4
      vertex 23.619604287765736 -1.4804518539977578 2.4
    endloop
  endfacet
  facet normal 0.9039892931234417 0.4275550934302856 0
    outer loop
      vertex 24.00220155182339 -2.404123357812588 0
      vertex 23.788214384192436 -1.9516855050619577 2.4
      vertex 24.00220155182339 -2.404123357812588 2.4
    endloop
  endfacet
  facet normal 0.9891765099647807 0.14673047445536377 0
    outer loop
      vertex 23.497995069943524 -0.994960642282254 0
      vertex 23.424557893971794 -0.49988741568075906 2.4
      vertex 23.497995069943524 -0.994960642282254 2.4
    endloop
  endfacet
  facet normal 0.9987954562051724 0.04906767432741798 0
    outer loop
      vertex 23.424557893971794 -0.49988741568075906 0
      vertex 23.4 0 2.4
      vertex 23.424557893971794 -0.49988741568075906 2.4
    endloop
  endfacet
  facet normal 0.5141027441932204 0.8577286100002727 3.5345828276107235e-18
    outer loop
      vertex 25.66659181160003 -4.24049502274298 2.4
      vertex 26.095876642187413 -4.49779844817661 2.4
      vertex 26.095876642187413 -4.49779844817661 0
    endloop
  endfacet
  facet normal 0.5956993044924338 0.8032075314806446 0
    outer loop
      vertex 25.66659181160003 -4.24049502274298 0
      vertex 25.26459425076541 -3.9423533121499585 2.4
      vertex 25.66659181160003 -4.24049502274298 2.4
    endloop
  endfacet
  facet normal 0.6715589548470173 0.74095112535496 0
    outer loop
      vertex 25.26459425076541 -3.9423533121499585 0
      vertex 24.893755415948608 -3.6062445840513924 2.4
      vertex 25.26459425076541 -3.9423533121499585 2.4
    endloop
  endfacet
  facet normal 0.42755509343028225 0.9039892931234433 0
    outer loop
      vertex 26.548314494938044 -4.711785615807562 0
      vertex 26.095876642187413 -4.49779844817661 2.4
      vertex 26.548314494938044 -4.711785615807562 2.4
    endloop
  endfacet
  facet normal -0.33688985339221933 0.941544065183021 0
    outer loop
      vertex 30.451685505061956 -4.711785615807562 0
      vertex 29.980451853997756 -4.8803957122342645 2.4
      vertex 30.451685505061956 -4.711785615807562 2.4
    endloop
  endfacet
  facet normal -0.42755509343028225 0.9039892931234433 0
    outer loop
      vertex 30.904123357812587 -4.49779844817661 0
      vertex 30.451685505061956 -4.711785615807562 2.4
      vertex 30.904123357812587 -4.49779844817661 2.4
    endloop
  endfacet
  facet normal -0.5141027441932204 0.8577286100002727 0
    outer loop
      vertex 31.33340818839997 -4.24049502274298 0
      vertex 30.904123357812587 -4.49779844817661 2.4
      vertex 31.33340818839997 -4.24049502274298 2.4
    endloop
  endfacet
  facet normal -0.5956993044924338 0.8032075314806446 0
    outer loop
      vertex 31.73540574923459 -3.9423533121499585 0
      vertex 31.33340818839997 -4.24049502274298 2.4
      vertex 31.73540574923459 -3.9423533121499585 2.4
    endloop
  endfacet
  facet normal -0.6715589548470113 0.7409511253549654 6.855174995758361e-16
    outer loop
      vertex 32.106244584051396 -3.6062445840513924 0
      vertex 31.73540574923459 -3.9423533121499585 2.4
      vertex 32.106244584051396 -3.6062445840513946 2.4
    endloop
  endfacet
  facet normal -0.7409511253549617 0.6715589548470154 0
    outer loop
      vertex 32.44235331214996 -3.235405749234592 0
      vertex 32.106244584051396 -3.6062445840513946 2.4
      vertex 32.44235331214996 -3.235405749234592 2.4
    endloop
  endfacet
  facet normal -0.8032075314806519 0.5956993044924239 0
    outer loop
      vertex 32.74049502274298 -2.833408188399971 0
      vertex 32.44235331214996 -3.235405749234592 2.4
      vertex 32.74049502274298 -2.833408188399971 2.4
    endloop
  endfacet
  facet normal -0.857728610000269 0.514102744193227 0
    outer loop
      vertex 32.99779844817661 -2.404123357812588 0
      vertex 32.74049502274298 -2.833408188399971 2.4
      vertex 32.99779844817661 -2.404123357812588 2.4
    endloop
  endfacet
  facet normal -0.9039892931234417 0.4275550934302856 0
    outer loop
      vertex 33.211785615807564 -1.9516855050619577 0
      vertex 32.99779844817661 -2.404123357812588 2.4
      vertex 33.211785615807564 -1.9516855050619577 2.4
    endloop
  endfacet
  facet normal -0.9415440651830245 0.3368898533922098 0
    outer loop
      vertex 33.38039571223426 -1.4804518539977578 0
      vertex 33.211785615807564 -1.9516855050619577 2.4
      vertex 33.38039571223426 -1.4804518539977578 2.4
    endloop
  endfacet
  facet normal -0.9700312531945434 0.24298017990326612 0
    outer loop
      vertex 33.50200493005647 -0.994960642282254 0
      vertex 33.38039571223426 -1.4804518539977578 2.4
      vertex 33.50200493005647 -0.994960642282254 2.4
    endloop
  endfacet
  facet normal -0.9891765099647796 0.14673047445537069 0
    outer loop
      vertex 33.575442106028206 -0.49988741568075906 0
      vertex 33.50200493005647 -0.994960642282254 2.4
      vertex 33.575442106028206 -0.49988741568075906 2.4
    endloop
  endfacet
  facet normal -0.9987954562051724 0.04906767432741798 0
    outer loop
      vertex 33.6 0 0
      vertex 33.575442106028206 -0.49988741568075906 2.4
      vertex 33.6 0 2.4
    endloop
  endfacet
  facet normal 0.9987954562051724 -0.04906767432741798 -6.524216685472369e-19
    outer loop
      vertex 23.4 0 0
      vertex 23.424557893971794 0.49988741568075906 0
      vertex 23.424557893971794 0.49988741568075906 2.4
    endloop
  endfacet
  facet normal 0.9891765099647807 -0.14673047445536377 1.4952311221147243e-18
    outer loop
      vertex 23.424557893971794 0.49988741568075906 0
      vertex 23.497995069943524 0.994960642282254 0
      vertex 23.497995069943524 0.994960642282254 2.4
    endloop
  endfacet
  facet normal 0.9700312531945434 -0.24298017990326612 -1.7431439933442612e-18
    outer loop
      vertex 23.497995069943524 0.994960642282254 0
      vertex 23.619604287765736 1.4804518539977578 0
      vertex 23.619604287765736 1.4804518539977578 2.4
    endloop
  endfacet
  facet normal 0.9415440651830222 -0.3368898533922161 2.8892277980940117e-18
    outer loop
      vertex 23.619604287765736 1.4804518539977578 0
      vertex 23.788214384192436 1.9516855050619577 0
      vertex 23.788214384192436 1.9516855050619577 2.4
    endloop
  endfacet
  facet normal 0.9039892931234417 -0.4275550934302856 -3.076577824224428e-18
    outer loop
      vertex 23.788214384192436 1.9516855050619577 0
      vertex 24.00220155182339 2.404123357812588 0
      vertex 24.00220155182339 2.404123357812588 2.4
    endloop
  endfacet
  facet normal 0.857728610000272 -0.5141027441932217 -8.157659642349279e-20
    outer loop
      vertex 24.00220155182339 2.404123357812588 0
      vertex 24.25950497725702 2.833408188399971 0
      vertex 24.25950497725702 2.833408188399971 2.4
    endloop
  endfacet
  facet normal 0.8032075314806452 -0.5956993044924331 4.012608569157101e-18
    outer loop
      vertex 24.25950497725702 2.833408188399971 0
      vertex 24.557646687850042 3.235405749234592 0
      vertex 24.557646687850042 3.235405749234592 2.4
    endloop
  endfacet
  facet normal 0.7409511253549597 -0.6715589548470178 1.2064583569317357e-16
    outer loop
      vertex 24.557646687850042 3.235405749234592 0
      vertex 24.893755415948608 3.6062445840513924 0
      vertex 24.893755415948608 3.606244584051393 2.4
    endloop
  endfacet
  facet normal 0.6715589548470173 -0.74095112535496 0
    outer loop
      vertex 25.26459425076541 3.9423533121499585 0
      vertex 25.26459425076541 3.9423533121499585 2.4
      vertex 24.893755415948608 3.6062445840513924 0
    endloop
  endfacet
  facet normal 0.5956993044924338 -0.8032075314806446 0
    outer loop
      vertex 25.66659181160003 4.24049502274298 0
      vertex 25.66659181160003 4.24049502274298 2.4
      vertex 25.26459425076541 3.9423533121499585 0
    endloop
  endfacet
  facet normal 0.5141027441932204 -0.8577286100002727 0
    outer loop
      vertex 26.095876642187413 4.49779844817661 0
      vertex 26.095876642187413 4.49779844817661 2.4
      vertex 25.66659181160003 4.24049502274298 0
    endloop
  endfacet
  facet normal 0.42755509343028225 -0.9039892931234433 0
    outer loop
      vertex 26.548314494938044 4.711785615807562 0
      vertex 26.548314494938044 4.711785615807562 2.4
      vertex 26.095876642187413 4.49779844817661 0
    endloop
  endfacet
  facet normal 0.33688985339221933 -0.941544065183021 0
    outer loop
      vertex 27.019548146002244 4.8803957122342645 0
      vertex 27.019548146002244 4.8803957122342645 2.4
      vertex 26.548314494938044 4.711785615807562 0
    endloop
  endfacet
  facet normal 0.24298017990326545 -0.9700312531945436 0
    outer loop
      vertex 27.505039357717745 5.002004930056475 0
      vertex 27.505039357717745 5.002004930056475 2.4
      vertex 27.019548146002244 4.8803957122342645 0
    endloop
  endfacet
  facet normal 0.1467304744553621 -0.9891765099647809 0
    outer loop
      vertex 28.00011258431924 5.075442106028204 0
      vertex 28.00011258431924 5.075442106028204 2.4
      vertex 27.505039357717745 5.002004930056475 0
    endloop
  endfacet
  facet normal 0.04906767432741786 -0.9987954562051724 0
    outer loop
      vertex 28.5 5.1 0
      vertex 28.5 5.1 2.4
      vertex 28.00011258431924 5.075442106028204 0
    endloop
  endfacet
  facet normal -0.1467304744553621 -0.9891765099647809 0
    outer loop
      vertex 29.494960642282255 5.002004930056475 0
      vertex 29.494960642282255 5.002004930056475 2.4
      vertex 28.99988741568076 5.075442106028204 0
    endloop
  endfacet
  facet normal -0.04906767432741786 -0.9987954562051724 0
    outer loop
      vertex 28.99988741568076 5.075442106028204 0
      vertex 28.99988741568076 5.075442106028204 2.4
      vertex 28.5 5.1 0
    endloop
  endfacet
  facet normal -0.24298017990326545 -0.9700312531945436 0
    outer loop
      vertex 29.980451853997756 4.8803957122342645 0
      vertex 29.980451853997756 4.8803957122342645 2.4
      vertex 29.494960642282255 5.002004930056475 0
    endloop
  endfacet
  facet normal -0.9987954562051724 -0.04906767432741798 6.524216685472369e-19
    outer loop
      vertex 33.575442106028206 0.49988741568075906 0
      vertex 33.6 0 0
      vertex 33.6 0 2.4
    endloop
  endfacet
  facet normal -0.9891765099647796 -0.14673047445537069 1.5231653680907143e-18
    outer loop
      vertex 33.50200493005647 0.994960642282254 0
      vertex 33.575442106028206 0.49988741568075906 0
      vertex 33.575442106028206 0.49988741568075906 2.4
    endloop
  endfacet
  facet normal -0.9700312531945434 -0.24298017990326612 1.7431439933442612e-18
    outer loop
      vertex 33.38039571223426 1.4804518539977578 0
      vertex 33.50200493005647 0.994960642282254 0
      vertex 33.50200493005647 0.994960642282254 2.4
    endloop
  endfacet
  facet normal -0.9415440651830245 -0.3368898533922098 4.456653409585959e-18
    outer loop
      vertex 33.211785615807564 1.9516855050619577 0
      vertex 33.38039571223426 1.4804518539977578 0
      vertex 33.38039571223426 1.4804518539977578 2.4
    endloop
  endfacet
  facet normal -0.9039892931234417 -0.4275550934302856 3.076577824224428e-18
    outer loop
      vertex 32.99779844817661 2.404123357812588 0
      vertex 33.211785615807564 1.9516855050619577 0
      vertex 33.211785615807564 1.9516855050619577 2.4
    endloop
  endfacet
  facet normal -0.7409511253549597 -0.6715589548470178 3.617533317553929e-18
    outer loop
      vertex 32.106244584051396 3.6062445840513924 0
      vertex 32.44235331214996 3.235405749234592 0
      vertex 32.44235331214996 3.235405749234592 2.4
    endloop
  endfacet
  facet normal -0.5141027441932204 -0.8577286100002727 0
    outer loop
      vertex 31.33340818839997 4.24049502274298 0
      vertex 31.33340818839997 4.24049502274298 2.4
      vertex 30.904123357812587 4.49779844817661 0
    endloop
  endfacet
  facet normal -0.42755509343028225 -0.9039892931234433 0
    outer loop
      vertex 30.904123357812587 4.49779844817661 0
      vertex 30.904123357812587 4.49779844817661 2.4
      vertex 30.451685505061956 4.711785615807562 0
    endloop
  endfacet
  facet normal -0.5956993044924338 -0.8032075314806446 0
    outer loop
      vertex 31.73540574923459 3.9423533121499585 0
      vertex 31.73540574923459 3.9423533121499585 2.4
      vertex 31.33340818839997 4.24049502274298 0
    endloop
  endfacet
  facet normal -0.6715589548470138 -0.7409511253549632 0
    outer loop
      vertex 32.106244584051396 3.6062445840513924 0
      vertex 32.106244584051396 3.6062445840513924 2.4
      vertex 31.73540574923459 3.9423533121499585 0
    endloop
  endfacet
  facet normal -0.857728610000269 -0.514102744193227 1.2725497221114685e-18
    outer loop
      vertex 32.74049502274298 2.833408188399971 0
      vertex 32.99779844817661 2.404123357812588 0
      vertex 32.99779844817661 2.404123357812588 2.4
    endloop
  endfacet
  facet normal -0.8032075314806519 -0.5956993044924239 5.493042139703943e-18
    outer loop
      vertex 32.44235331214996 3.235405749234592 0
      vertex 32.74049502274298 2.833408188399971 0
      vertex 32.74049502274298 2.833408188399971 2.4
    endloop
  endfacet
  facet normal -0.33688985339221933 -0.941544065183021 0
    outer loop
      vertex 30.451685505061956 4.711785615807562 0
      vertex 30.451685505061956 4.711785615807562 2.4
      vertex 29.980451853997756 4.8803957122342645 0
    endloop
  endfacet
  facet normal 0.9987954562051724 -0.04906767432741798 0
    outer loop
      vertex 23.4 0 0
      vertex 23.424557893971794 0.49988741568075906 2.4
      vertex 23.4 0 2.4
    endloop
  endfacet
  facet normal 0.9891765099647807 -0.14673047445536377 0
    outer loop
      vertex 23.424557893971794 0.49988741568075906 0
      vertex 23.497995069943524 0.994960642282254 2.4
      vertex 23.424557893971794 0.49988741568075906 2.4
    endloop
  endfacet
  facet normal 0.9700312531945434 -0.24298017990326612 0
    outer loop
      vertex 23.497995069943524 0.994960642282254 0
      vertex 23.619604287765736 1.4804518539977578 2.4
      vertex 23.497995069943524 0.994960642282254 2.4
    endloop
  endfacet
  facet normal 0.9415440651830222 -0.3368898533922161 0
    outer loop
      vertex 23.619604287765736 1.4804518539977578 0
      vertex 23.788214384192436 1.9516855050619577 2.4
      vertex 23.619604287765736 1.4804518539977578 2.4
    endloop
  endfacet
  facet normal 0.9039892931234417 -0.4275550934302856 0
    outer loop
      vertex 23.788214384192436 1.9516855050619577 0
      vertex 24.00220155182339 2.404123357812588 2.4
      vertex 23.788214384192436 1.9516855050619577 2.4
    endloop
  endfacet
  facet normal 0.857728610000272 -0.5141027441932217 0
    outer loop
      vertex 24.00220155182339 2.404123357812588 0
      vertex 24.25950497725702 2.833408188399971 2.4
      vertex 24.00220155182339 2.404123357812588 2.4
    endloop
  endfacet
  facet normal 0.8032075314806452 -0.5956993044924331 0
    outer loop
      vertex 24.25950497725702 2.833408188399971 0
      vertex 24.557646687850042 3.235405749234592 2.4
      vertex 24.25950497725702 2.833408188399971 2.4
    endloop
  endfacet
  facet normal 0.7409511253549601 -0.6715589548470172 0
    outer loop
      vertex 24.557646687850042 3.235405749234592 0
      vertex 24.893755415948608 3.606244584051393 2.4
      vertex 24.557646687850042 3.235405749234592 2.4
    endloop
  endfacet
  facet normal 0.6715589548470169 -0.7409511253549605 1.371034999151663e-16
    outer loop
      vertex 24.893755415948608 3.6062445840513924 0
      vertex 25.26459425076541 3.9423533121499585 2.4
      vertex 24.893755415948608 3.606244584051393 2.4
    endloop
  endfacet
  facet normal 0.5956993044924338 -0.8032075314806446 0
    outer loop
      vertex 25.26459425076541 3.9423533121499585 0
      vertex 25.66659181160003 4.24049502274298 2.4
      vertex 25.26459425076541 3.9423533121499585 2.4
    endloop
  endfacet
  facet normal 0.5141027441932204 -0.8577286100002727 0
    outer loop
      vertex 25.66659181160003 4.24049502274298 0
      vertex 26.095876642187413 4.49779844817661 2.4
      vertex 25.66659181160003 4.24049502274298 2.4
    endloop
  endfacet
  facet normal 0.42755509343028225 -0.9039892931234433 0
    outer loop
      vertex 26.095876642187413 4.49779844817661 0
      vertex 26.548314494938044 4.711785615807562 2.4
      vertex 26.095876642187413 4.49779844817661 2.4
    endloop
  endfacet
  facet normal 0.33688985339221933 -0.941544065183021 0
    outer loop
      vertex 26.548314494938044 4.711785615807562 0
      vertex 27.019548146002244 4.8803957122342645 2.4
      vertex 26.548314494938044 4.711785615807562 2.4
    endloop
  endfacet
  facet normal 0.24298017990326545 -0.9700312531945436 0
    outer loop
      vertex 27.019548146002244 4.8803957122342645 0
      vertex 27.505039357717745 5.002004930056475 2.4
      vertex 27.019548146002244 4.8803957122342645 2.4
    endloop
  endfacet
  facet normal 0.1467304744553621 -0.9891765099647809 0
    outer loop
      vertex 27.505039357717745 5.002004930056475 0
      vertex 28.00011258431924 5.075442106028204 2.4
      vertex 27.505039357717745 5.002004930056475 2.4
    endloop
  endfacet
  facet normal 0.04906767432741786 -0.9987954562051724 0
    outer loop
      vertex 28.00011258431924 5.075442106028204 0
      vertex 28.5 5.1 2.4
      vertex 28.00011258431924 5.075442106028204 2.4
    endloop
  endfacet
  facet normal -0.04906767432741786 -0.9987954562051724 0
    outer loop
      vertex 28.5 5.1 0
      vertex 28.99988741568076 5.075442106028204 2.4
      vertex 28.5 5.1 2.4
    endloop
  endfacet
  facet normal -0.1467304744553621 -0.9891765099647809 0
    outer loop
      vertex 28.99988741568076 5.075442106028204 0
      vertex 29.494960642282255 5.002004930056475 2.4
      vertex 28.99988741568076 5.075442106028204 2.4
    endloop
  endfacet
  facet normal -0.24298017990326545 -0.9700312531945436 0
    outer loop
      vertex 29.494960642282255 5.002004930056475 0
      vertex 29.980451853997756 4.8803957122342645 2.4
      vertex 29.494960642282255 5.002004930056475 2.4
    endloop
  endfacet
  facet normal -0.9987954562051724 -0.04906767432741798 0
    outer loop
      vertex 33.575442106028206 0.49988741568075906 0
      vertex 33.6 0 2.4
      vertex 33.575442106028206 0.49988741568075906 2.4
    endloop
  endfacet
  facet normal -0.9891765099647796 -0.14673047445537069 0
    outer loop
      vertex 33.50200493005647 0.994960642282254 0
      vertex 33.575442106028206 0.49988741568075906 2.4
      vertex 33.50200493005647 0.994960642282254 2.4
    endloop
  endfacet
  facet normal -0.9700312531945434 -0.24298017990326612 0
    outer loop
      vertex 33.38039571223426 1.4804518539977578 0
      vertex 33.50200493005647 0.994960642282254 2.4
      vertex 33.38039571223426 1.4804518539977578 2.4
    endloop
  endfacet
  facet normal -0.9039892931234417 -0.4275550934302856 0
    outer loop
      vertex 32.99779844817661 2.404123357812588 0
      vertex 33.211785615807564 1.9516855050619577 2.4
      vertex 32.99779844817661 2.404123357812588 2.4
    endloop
  endfacet
  facet normal -0.9415440651830245 -0.3368898533922098 0
    outer loop
      vertex 33.211785615807564 1.9516855050619577 0
      vertex 33.38039571223426 1.4804518539977578 2.4
      vertex 33.211785615807564 1.9516855050619577 2.4
    endloop
  endfacet
  facet normal -0.7409511253549597 -0.6715589548470178 0
    outer loop
      vertex 32.106244584051396 3.6062445840513924 0
      vertex 32.44235331214996 3.235405749234592 2.4
      vertex 32.106244584051396 3.6062445840513924 2.4
    endloop
  endfacet
  facet normal -0.42755509343028225 -0.9039892931234433 0
    outer loop
      vertex 30.451685505061956 4.711785615807562 0
      vertex 30.904123357812587 4.49779844817661 2.4
      vertex 30.451685505061956 4.711785615807562 2.4
    endloop
  endfacet
  facet normal -0.5141027441932204 -0.8577286100002727 0
    outer loop
      vertex 30.904123357812587 4.49779844817661 0
      vertex 31.33340818839997 4.24049502274298 2.4
      vertex 30.904123357812587 4.49779844817661 2.4
    endloop
  endfacet
  facet normal -0.6715589548470138 -0.7409511253549632 0
    outer loop
      vertex 31.73540574923459 3.9423533121499585 0
      vertex 32.106244584051396 3.6062445840513924 2.4
      vertex 31.73540574923459 3.9423533121499585 2.4
    endloop
  endfacet
  facet normal -0.5956993044924338 -0.8032075314806446 0
    outer loop
      vertex 31.33340818839997 4.24049502274298 0
      vertex 31.73540574923459 3.9423533121499585 2.4
      vertex 31.33340818839997 4.24049502274298 2.4
    endloop
  endfacet
  facet normal -0.857728610000269 -0.514102744193227 0
    outer loop
      vertex 32.74049502274298 2.833408188399971 0
      vertex 32.99779844817661 2.404123357812588 2.4
      vertex 32.74049502274298 2.833408188399971 2.4
    endloop
  endfacet
  facet normal -0.8032075314806519 -0.5956993044924239 0
    outer loop
      vertex 32.44235331214996 3.235405749234592 0
      vertex 32.74049502274298 2.833408188399971 2.4
      vertex 32.44235331214996 3.235405749234592 2.4
    endloop
  endfacet
  facet normal -0.33688985339221933 -0.941544065183021 0
    outer loop
      vertex 29.980451853997756 4.8803957122342645 0
      vertex 30.451685505061956 4.711785615807562 2.4
      vertex 29.980451853997756 4.8803957122342645 2.4
    endloop
  endfacet
  facet normal 0.3558000098940658 0.9345621182989298 0
    outer loop
      vertex -29.888899996876717 -12.43716000020504 0.7000000000000001
      vertex -27.10317999869585 -13.497720003128052 0
      vertex -29.888899996876717 -12.43716000020504 0
    endloop
  endfacet
  facet normal -0.36250119832948624 -0.9319833052204778 0
    outer loop
      vertex -27.10317999869585 -12.881999999284744 0.7000000000000001
      vertex -29.362659998238087 -12.003159999847412 0
      vertex -27.10317999869585 -12.881999999284744 0
    endloop
  endfacet
  facet normal -1 0 0
    outer loop
      vertex -27.10317999869585 -13.497720003128052 0.7000000000000001
      vertex -27.10317999869585 -12.881999999284744 0
      vertex -27.10317999869585 -13.497720003128052 0
    endloop
  endfacet
  facet normal 0.3558000098940658 0.9345621182989298 -5.320873097467942e-17
    outer loop
      vertex -29.888899996876717 -12.43716000020504 0.7000000000000001
      vertex -27.10317999869585 -13.497720003128052 0.7000000000000001
      vertex -27.10317999869585 -13.497720003128052 0
    endloop
  endfacet
  facet normal 1 0 0
    outer loop
      vertex -29.888899996876717 -12.43716000020504 0.7000000000000001
      vertex -29.888899996876717 -12.43716000020504 0
      vertex -29.888899996876717 -11.563720002770424 0.7000000000000001
    endloop
  endfacet
  facet normal -0.36250119832948624 -0.9319833052204778 0
    outer loop
      vertex -27.10317999869585 -12.881999999284744 0.7000000000000001
      vertex -29.362659998238087 -12.003159999847412 0.7000000000000001
      vertex -29.362659998238087 -12.003159999847412 0
    endloop
  endfacet
  facet normal -1 0 0
    outer loop
      vertex -27.10317999869585 -13.497720003128052 0.7000000000000001
      vertex -27.10317999869585 -12.881999999284744 0.7000000000000001
      vertex -27.10317999869585 -12.881999999284744 0
    endloop
  endfacet
  facet normal 1 0 0
    outer loop
      vertex -29.888899996876717 -11.563720002770424 0.7000000000000001
      vertex -29.888899996876717 -12.43716000020504 0
      vertex -29.888899996876717 -11.563720002770424 0
    endloop
  endfacet
  facet normal -0.36347510966648855 0.9316039097454101 0
    outer loop
      vertex -29.362659998238087 -12.003159999847412 0.7000000000000001
      vertex -27.10317999869585 -11.1216000020504 0
      vertex -29.362659998238087 -12.003159999847412 0
    endloop
  endfacet
  facet normal 0.3558117309696998 -0.9345576558481269 0
    outer loop
      vertex -27.10317999869585 -10.503119997680187 0.7000000000000001
      vertex -29.888899996876717 -11.563720002770424 0
      vertex -27.10317999869585 -10.503119997680187 0
    endloop
  endfacet
  facet normal -1 0 0
    outer loop
      vertex -27.10317999869585 -11.1216000020504 0.7000000000000001
      vertex -27.10317999869585 -10.503119997680187 0
      vertex -27.10317999869585 -11.1216000020504 0
    endloop
  endfacet
  facet normal 0.3558117309696998 -0.9345576558481269 0
    outer loop
      vertex -29.888899996876717 -11.563720002770424 0.7000000000000001
      vertex -29.888899996876717 -11.563720002770424 0
      vertex -27.10317999869585 -10.503119997680187 0.7000000000000001
    endloop
  endfacet
  facet normal -0.36347510966648855 0.9316039097454101 0
    outer loop
      vertex -29.362659998238087 -12.003159999847412 0.7000000000000001
      vertex -27.10317999869585 -11.1216000020504 0.7000000000000001
      vertex -27.10317999869585 -11.1216000020504 0
    endloop
  endfacet
  facet normal -1 0 0
    outer loop
      vertex -27.10317999869585 -11.1216000020504 0.7000000000000001
      vertex -27.10317999869585 -10.503119997680187 0.7000000000000001
      vertex -27.10317999869585 -10.503119997680187 0
    endloop
  endfacet
  facet normal 0 0 -1
    outer loop
      vertex -29.888899996876717 -12.43716000020504 0.7000000000000001
      vertex -29.362659998238087 -12.003159999847412 0.7000000000000001
      vertex -27.10317999869585 -13.497720003128052 0.7000000000000001
    endloop
  endfacet
  facet normal 0 0 -1
    outer loop
      vertex -29.888899996876717 -12.43716000020504 0.7000000000000001
      vertex -29.888899996876717 -11.563720002770424 0.7000000000000001
      vertex -29.362659998238087 -12.003159999847412 0.7000000000000001
    endloop
  endfacet
  facet normal 0 0 -1
    outer loop
      vertex -27.10317999869585 -13.497720003128052 0.7000000000000001
      vertex -29.362659998238087 -12.003159999847412 0.7000000000000001
      vertex -27.10317999869585 -12.881999999284744 0.7000000000000001
    endloop
  endfacet
  facet normal 0 0 -1
    outer loop
      vertex -29.362659998238087 -12.003159999847412 0.7000000000000001
      vertex -29.888899996876717 -11.563720002770424 0.7000000000000001
      vertex -27.10317999869585 -10.503119997680187 0.7000000000000001
    endloop
  endfacet
  facet normal 0 0 -1
    outer loop
      vertex -29.362659998238087 -12.003159999847412 0.7000000000000001
      vertex -27.10317999869585 -10.503119997680187 0.7000000000000001
      vertex -27.10317999869585 -11.1216000020504 0.7000000000000001
    endloop
  endfacet
  facet normal 1 0 0
    outer loop
      vertex -10.208020001649857 -11.668719999492168 0.7000000000000001
      vertex -10.208020001649857 -12.330600000917912 0
      vertex -10.208020001649857 -11.668719999492168 0
    endloop
  endfacet
  facet normal 1 0 0
    outer loop
      vertex -10.208020001649857 -12.330600000917912 0.7000000000000001
      vertex -10.208020001649857 -12.330600000917912 0
      vertex -10.208020001649857 -11.668719999492168 0.7000000000000001
    endloop
  endfacet
  facet normal 0 1 0
    outer loop
      vertex -10.208020001649857 -12.330600000917912 0.7000000000000001
      vertex -8.797499999403954 -12.330600000917912 0
      vertex -10.208020001649857 -12.330600000917912 0
    endloop
  endfacet
  facet normal -1 0 0
    outer loop
      vertex -8.797499999403954 -12.330600000917912 0.7000000000000001
      vertex -8.797499999403954 -11.668719999492168 0
      vertex -8.797499999403954 -12.330600000917912 0
    endloop
  endfacet
  facet normal 0 1 0
    outer loop
      vertex -10.208020001649857 -12.330600000917912 0.7000000000000001
      vertex -8.797499999403954 -12.330600000917912 0.7000000000000001
      vertex -8.797499999403954 -12.330600000917912 0
    endloop
  endfacet
  facet normal -1 0 0
    outer loop
      vertex -8.797499999403954 -12.330600000917912 0.7000000000000001
      vertex -8.797499999403954 -11.668719999492168 0.7000000000000001
      vertex -8.797499999403954 -11.668719999492168 0
    endloop
  endfacet
  facet normal 0 -1 0
    outer loop
      vertex -8.797499999403954 -11.668719999492168 0.7000000000000001
      vertex -10.208020001649857 -11.668719999492168 0
      vertex -8.797499999403954 -11.668719999492168 0
    endloop
  endfacet
  facet normal 0 -1 0
    outer loop
      vertex -10.208020001649857 -11.668719999492168 0.7000000000000001
      vertex -10.208020001649857 -11.668719999492168 0
      vertex -8.797499999403954 -11.668719999492168 0.7000000000000001
    endloop
  endfacet
  facet normal 0 0 -1
    outer loop
      vertex -10.208020001649857 -12.330600000917912 0.7000000000000001
      vertex -10.208020001649857 -11.668719999492168 0.7000000000000001
      vertex -8.797499999403954 -11.668719999492168 0.7000000000000001
    endloop
  endfacet
  facet normal 0 0 -1
    outer loop
      vertex -10.208020001649857 -12.330600000917912 0.7000000000000001
      vertex -8.797499999403954 -11.668719999492168 0.7000000000000001
      vertex -8.797499999403954 -12.330600000917912 0.7000000000000001
    endloop
  endfacet
  facet normal 0 1 0
    outer loop
      vertex 6.49337999522686 -13.41031999886036 0.7000000000000001
      vertex 7.106419995427132 -13.41031999886036 0
      vertex 6.49337999522686 -13.41031999886036 0
    endloop
  endfacet
  facet normal 1 0 0
    outer loop
      vertex 5.411100000143051 -11.696039997041225 0.7000000000000001
      vertex 5.411100000143051 -12.303640000522137 0
      vertex 5.411100000143051 -11.696039997041225 0
    endloop
  endfacet
  facet normal 0 1 0
    outer loop
      vertex 5.411100000143051 -12.303640000522137 0.7000000000000001
      vertex 6.49337999522686 -12.303640000522137 0
      vertex 5.411100000143051 -12.303640000522137 0
    endloop
  endfacet
  facet normal 1 0 0
    outer loop
      vertex 6.49337999522686 -12.303640000522137 0.7000000000000001
      vertex 6.49337999522686 -13.41031999886036 0
      vertex 6.49337999522686 -12.303640000522137 0
    endloop
  endfacet
  facet normal -1 0 0
    outer loop
      vertex 7.106419995427132 -13.41031999886036 0.7000000000000001
      vertex 7.106419995427132 -12.303640000522137 0
      vertex 7.106419995427132 -13.41031999886036 0
    endloop
  endfacet
  facet normal 0 1 0
    outer loop
      vertex 7.106419995427132 -12.303640000522137 0.7000000000000001
      vertex 8.196819998323917 -12.303640000522137 0
      vertex 7.106419995427132 -12.303640000522137 0
    endloop
  endfacet
  facet normal -1 0 0
    outer loop
      vertex 8.196819998323917 -12.303640000522137 0.7000000000000001
      vertex 8.196819998323917 -11.696039997041225 0
      vertex 8.196819998323917 -12.303640000522137 0
    endloop
  endfacet
  facet normal 0 1 0
    outer loop
      vertex 6.49337999522686 -13.41031999886036 0.7000000000000001
      vertex 7.106419995427132 -13.41031999886036 0.7000000000000001
      vertex 7.106419995427132 -13.41031999886036 0
    endloop
  endfacet
  facet normal 1 0 0
    outer loop
      vertex 5.411100000143051 -12.303640000522137 0.7000000000000001
      vertex 5.411100000143051 -12.303640000522137 0
      vertex 5.411100000143051 -11.696039997041225 0.7000000000000001
    endloop
  endfacet
  facet normal 0 1 0
    outer loop
      vertex 5.411100000143051 -12.303640000522137 0.7000000000000001
      vertex 6.49337999522686 -12.303640000522137 0.7000000000000001
      vertex 6.49337999522686 -12.303640000522137 0
    endloop
  endfacet
  facet normal 1 0 0
    outer loop
      vertex 6.49337999522686 -13.41031999886036 0.7000000000000001
      vertex 6.49337999522686 -13.41031999886036 0
      vertex 6.49337999522686 -12.303640000522137 0.7000000000000001
    endloop
  endfacet
  facet normal -1 0 0
    outer loop
      vertex 7.106419995427132 -13.41031999886036 0.7000000000000001
      vertex 7.106419995427132 -12.303640000522137 0.7000000000000001
      vertex 7.106419995427132 -12.303640000522137 0
    endloop
  endfacet
  facet normal 0 1 0
    outer loop
      vertex 7.106419995427132 -12.303640000522137 0.7000000000000001
      vertex 8.196819998323917 -12.303640000522137 0.7000000000000001
      vertex 8.196819998323917 -12.303640000522137 0
    endloop
  endfacet
  facet normal -1 0 0
    outer loop
      vertex 8.196819998323917 -12.303640000522137 0.7000000000000001
      vertex 8.196819998323917 -11.696039997041225 0.7000000000000001
      vertex 8.196819998323917 -11.696039997041225 0
    endloop
  endfacet
  facet normal 0 -1 0
    outer loop
      vertex 6.49337999522686 -11.696039997041225 0.7000000000000001
      vertex 5.411100000143051 -11.696039997041225 0
      vertex 6.49337999522686 -11.696039997041225 0
    endloop
  endfacet
  facet normal -1 0 0
    outer loop
      vertex 7.106419995427132 -11.696039997041225 0.7000000000000001
      vertex 7.106419995427132 -10.589319996535778 0
      vertex 7.106419995427132 -11.696039997041225 0
    endloop
  endfacet
  facet normal 1 0 0
    outer loop
      vertex 6.49337999522686 -10.589319996535778 0.7000000000000001
      vertex 6.49337999522686 -11.696039997041225 0
      vertex 6.49337999522686 -10.589319996535778 0
    endloop
  endfacet
  facet normal 0 -1 0
    outer loop
      vertex 7.106419995427132 -10.589319996535778 0.7000000000000001
      vertex 6.49337999522686 -10.589319996535778 0
      vertex 7.106419995427132 -10.589319996535778 0
    endloop
  endfacet
  facet normal 0 -1 0
    outer loop
      vertex 8.196819998323917 -11.696039997041225 0.7000000000000001
      vertex 7.106419995427132 -11.696039997041225 0
      vertex 8.196819998323917 -11.696039997041225 0
    endloop
  endfacet
  facet normal 0 -1 0
    outer loop
      vertex 5.411100000143051 -11.696039997041225 0.7000000000000001
      vertex 5.411100000143051 -11.696039997041225 0
      vertex 6.49337999522686 -11.696039997041225 0.7000000000000001
    endloop
  endfacet
  facet normal 1 0 0
    outer loop
      vertex 6.49337999522686 -11.696039997041225 0.7000000000000001
      vertex 6.49337999522686 -11.696039997041225 0
      vertex 6.49337999522686 -10.589319996535778 0.7000000000000001
    endloop
  endfacet
  facet normal 0 -1 0
    outer loop
      vertex 7.106419995427132 -11.696039997041225 0.7000000000000001
      vertex 7.106419995427132 -11.696039997041225 0
      vertex 8.196819998323917 -11.696039997041225 0.7000000000000001
    endloop
  endfacet
  facet normal -1 0 0
    outer loop
      vertex 7.106419995427132 -11.696039997041225 0.7000000000000001
      vertex 7.106419995427132 -10.589319996535778 0.7000000000000001
      vertex 7.106419995427132 -10.589319996535778 0
    endloop
  endfacet
  facet normal 0 -1 0
    outer loop
      vertex 6.49337999522686 -10.589319996535778 0.7000000000000001
      vertex 6.49337999522686 -10.589319996535778 0
      vertex 7.106419995427132 -10.589319996535778 0.7000000000000001
    endloop
  endfacet
  facet normal 0 0 -1
    outer loop
      vertex 5.411100000143051 -12.303640000522137 0.7000000000000001
      vertex 5.411100000143051 -11.696039997041225 0.7000000000000001
      vertex 6.49337999522686 -11.696039997041225 0.7000000000000001
    endloop
  endfacet
  facet normal 0 0 -1
    outer loop
      vertex 5.411100000143051 -12.303640000522137 0.7000000000000001
      vertex 6.49337999522686 -11.696039997041225 0.7000000000000001
      vertex 6.49337999522686 -12.303640000522137 0.7000000000000001
    endloop
  endfacet
  facet normal 0 0 -1
    outer loop
      vertex 6.49337999522686 -13.41031999886036 0.7000000000000001
      vertex 6.49337999522686 -12.303640000522137 0.7000000000000001
      vertex 7.106419995427132 -13.41031999886036 0.7000000000000001
    endloop
  endfacet
  facet normal 0 0 -1
    outer loop
      vertex 7.106419995427132 -13.41031999886036 0.7000000000000001
      vertex 6.49337999522686 -12.303640000522137 0.7000000000000001
      vertex 7.106419995427132 -12.303640000522137 0.7000000000000001
    endloop
  endfacet
  facet normal 0 0 -1
    outer loop
      vertex 6.49337999522686 -12.303640000522137 0.7000000000000001
      vertex 6.49337999522686 -11.696039997041225 0.7000000000000001
      vertex 7.106419995427132 -12.303640000522137 0.7000000000000001
    endloop
  endfacet
  facet normal 0 0 -1
    outer loop
      vertex 7.106419995427132 -12.303640000522137 0.7000000000000001
      vertex 6.49337999522686 -11.696039997041225 0.7000000000000001
      vertex 7.106419995427132 -11.696039997041225 0.7000000000000001
    endloop
  endfacet
  facet normal 0 0 -1
    outer loop
      vertex 7.106419995427132 -12.303640000522137 0.7000000000000001
      vertex 7.106419995427132 -11.696039997041225 0.7000000000000001
      vertex 8.196819998323917 -11.696039997041225 0.7000000000000001
    endloop
  endfacet
  facet normal 0 0 -1
    outer loop
      vertex 7.106419995427132 -12.303640000522137 0.7000000000000001
      vertex 8.196819998323917 -11.696039997041225 0.7000000000000001
      vertex 8.196819998323917 -12.303640000522137 0.7000000000000001
    endloop
  endfacet
  facet normal 0 0 -1
    outer loop
      vertex 6.49337999522686 -11.696039997041225 0.7000000000000001
      vertex 6.49337999522686 -10.589319996535778 0.7000000000000001
      vertex 7.106419995427132 -11.696039997041225 0.7000000000000001
    endloop
  endfacet
  facet normal 0 0 -1
    outer loop
      vertex 7.106419995427132 -11.696039997041225 0.7000000000000001
      vertex 6.49337999522686 -10.589319996535778 0.7000000000000001
      vertex 7.106419995427132 -10.589319996535778 0.7000000000000001
    endloop
  endfacet
  facet normal 0.514102735187669 0.8577286153979924 0
    outer loop
      vertex 10.888859532773495 -13.662939228117466 0.7000000000000001
      vertex 11.057206526398659 -13.763842530548573 0
      vertex 10.888859532773495 -13.662939228117466 0
    endloop
  endfacet
  facet normal 0.42755510310083966 0.9039892885496102 0
    outer loop
      vertex 11.057206526398659 -13.763842530548573 0.7000000000000001
      vertex 11.234633132815361 -13.847759068012238 0
      vertex 11.057206526398659 -13.763842530548573 0
    endloop
  endfacet
  facet normal 0.7409510994850821 0.671558983390028 0
    outer loop
      vertex 10.453979089856148 -13.268786571919918 0.7000000000000001
      vertex 10.585786439478397 -13.414213560521603 0
      vertex 10.453979089856148 -13.268786571919918 0
    endloop
  endfacet
  facet normal 0.8032075356003305 0.5956992989376801 0
    outer loop
      vertex 10.337060771882534 -13.111140467226505 0.7000000000000001
      vertex 10.453979089856148 -13.268786571919918 0
      vertex 10.337060771882534 -13.111140467226505 0
    endloop
  endfacet
  facet normal 0.5956992989376801 0.8032075356003305 0
    outer loop
      vertex 10.731213428080082 -13.546020910143852 0.7000000000000001
      vertex 10.888859532773495 -13.662939228117466 0
      vertex 10.731213428080082 -13.546020910143852 0
    endloop
  endfacet
  facet normal 0.671558983390028 0.7409510994850821 0
    outer loop
      vertex 10.585786439478397 -13.414213560521603 0.7000000000000001
      vertex 10.731213428080082 -13.546020910143852 0
      vertex 10.585786439478397 -13.414213560521603 0
    endloop
  endfacet
  facet normal -0.59569929762256 -0.8032075365756902 0
    outer loop
      vertex 11.249980188906193 -13.122483976185322 0.7000000000000001
      vertex 11.143569067120552 -13.043564110994339 0
      vertex 11.249980188906193 -13.122483976185322 0
    endloop
  endfacet
  facet normal 0.14673047607854156 0.989176509724005 0
    outer loop
      vertex 11.6098193526268 -13.96157056093216 0.7000000000000001
      vertex 11.803965717554092 -13.990369454026222 0
      vertex 11.6098193526268 -13.96157056093216 0
    endloop
  endfacet
  facet normal 0.049067670415704694 0.9987954563973425 0
    outer loop
      vertex 11.803965717554092 -13.990369454026222 0.7000000000000001
      vertex 12 -14 0
      vertex 11.803965717554092 -13.990369454026222 0
    endloop
  endfacet
  facet normal 0.3368898264047599 0.9415440748392878 0
    outer loop
      vertex 11.234633132815361 -13.847759068012238 0.7000000000000001
      vertex 11.419430643320084 -13.913880668580532 0
      vertex 11.234633132815361 -13.847759068012238 0
    endloop
  endfacet
  facet normal 0.24298019573678306 0.9700312492284537 0
    outer loop
      vertex 11.419430643320084 -13.913880668580532 0.7000000000000001
      vertex 11.6098193526268 -13.96157056093216 0
      vertex 11.419430643320084 -13.913880668580532 0
    endloop
  endfacet
  facet normal -0.049067670415704694 0.9987954563973425 0
    outer loop
      vertex 12 -14 0.7000000000000001
      vertex 12.196034282445908 -13.990369454026222 0
      vertex 12 -14 0
    endloop
  endfacet
  facet normal -0.14673047607854156 0.989176509724005 0
    outer loop
      vertex 12.196034282445908 -13.990369454026222 0.7000000000000001
      vertex 12.3901806473732 -13.96157056093216 0
      vertex 12.196034282445908 -13.990369454026222 0
    endloop
  endfacet
  facet normal -0.24298019573678306 0.9700312492284537 0
    outer loop
      vertex 12.3901806473732 -13.96157056093216 0.7000000000000001
      vertex 12.580569356679916 -13.913880668580532 0
      vertex 12.3901806473732 -13.96157056093216 0
    endloop
  endfacet
  facet normal -0.4275551005237505 -0.9039892897684826 0
    outer loop
      vertex 11.483377367258072 -13.247237369418144 0.7000000000000001
      vertex 11.363614402711391 -13.19059370458126 0
      vertex 11.483377367258072 -13.247237369418144 0
    endloop
  endfacet
  facet normal -0.5141027539891311 -0.8577286041288299 0
    outer loop
      vertex 11.363614402711391 -13.19059370458126 0.7000000000000001
      vertex 11.249980188906193 -13.122483976185322 0
      vertex 11.363614402711391 -13.19059370458126 0
    endloop
  endfacet
  facet normal -0.2429801719366269 -0.9700312551900827 0
    outer loop
      vertex 11.73662806302309 -13.324060127139091 0.7000000000000001
      vertex 11.608115687966347 -13.291869454085827 0
      vertex 11.73662806302309 -13.324060127139091 0
    endloop
  endfacet
  facet normal -0.33688985239583175 -0.9415440655395342 0
    outer loop
      vertex 11.608115687966347 -13.291869454085827 0.7000000000000001
      vertex 11.483377367258072 -13.247237369418144 0
      vertex 11.608115687966347 -13.291869454085827 0
    endloop
  endfacet
  facet normal -0.14673045437021512 -0.9891765129441309 0
    outer loop
      vertex 11.867676861584187 -13.34349937736988 0.7000000000000001
      vertex 11.73662806302309 -13.324060127139091 0
      vertex 11.867676861584187 -13.34349937736988 0
    endloop
  endfacet
  facet normal -0.04906771331959745 -0.9987954542896086 0
    outer loop
      vertex 12 -13.350000001490116 0.7000000000000001
      vertex 11.867676861584187 -13.34349937736988 0
      vertex 12 -13.350000001490116 0
    endloop
  endfacet
  facet normal 0.04906771331959745 -0.9987954542896086 0
    outer loop
      vertex 12.132323138415813 -13.34349937736988 0.7000000000000001
      vertex 12 -13.350000001490116 0
      vertex 12.132323138415813 -13.34349937736988 0
    endloop
  endfacet
  facet normal 0.14673045437021512 -0.9891765129441309 0
    outer loop
      vertex 12.26337193697691 -13.324060127139091 0.7000000000000001
      vertex 12.132323138415813 -13.34349937736988 0
      vertex 12.26337193697691 -13.324060127139091 0
    endloop
  endfacet
  facet normal 0.2429801719366269 -0.9700312551900827 0
    outer loop
      vertex 12.391884312033653 -13.291869454085827 0.7000000000000001
      vertex 12.26337193697691 -13.324060127139091 0
      vertex 12.391884312033653 -13.291869454085827 0
    endloop
  endfacet
  facet normal 0.33688985239583175 -0.9415440655395342 0
    outer loop
      vertex 12.516622632741928 -13.247237369418144 0.7000000000000001
      vertex 12.391884312033653 -13.291869454085827 0
      vertex 12.516622632741928 -13.247237369418144 0
    endloop
  endfacet
  facet normal 0.8577286153979924 0.514102735187669 0
    outer loop
      vertex 10.236157469451427 -12.942793473601341 0.7000000000000001
      vertex 10.337060771882534 -13.111140467226505 0
      vertex 10.236157469451427 -12.942793473601341 0
    endloop
  endfacet
  facet normal 0.9039892885496102 0.42755510310083966 0
    outer loop
      vertex 10.152240931987762 -12.765366867184639 0.7000000000000001
      vertex 10.236157469451427 -12.942793473601341 0
      vertex 10.152240931987762 -12.765366867184639 0
    endloop
  endfacet
  facet normal 0.9415440748392878 0.3368898264047599 0
    outer loop
      vertex 10.086119331419468 -12.580569356679916 0.7000000000000001
      vertex 10.152240931987762 -12.765366867184639 0
      vertex 10.086119331419468 -12.580569356679916 0
    endloop
  endfacet
  facet normal -0.8032075365756902 -0.59569929762256 0
    outer loop
      vertex 10.956435889005661 -12.856430932879448 0.7000000000000001
      vertex 10.877516023814678 -12.750019811093807 0
      vertex 10.956435889005661 -12.856430932879448 0
    endloop
  endfacet
  facet normal -0.7409511535312534 -0.6715589237592672 0
    outer loop
      vertex 11.045405842363834 -12.954594157636166 0.7000000000000001
      vertex 10.956435889005661 -12.856430932879448 0
      vertex 11.045405842363834 -12.954594157636166 0
    endloop
  endfacet
  facet normal -0.6715589237592672 -0.7409511535312534 0
    outer loop
      vertex 11.143569067120552 -13.043564110994339 0.7000000000000001
      vertex 11.045405842363834 -12.954594157636166 0
      vertex 11.143569067120552 -13.043564110994339 0
    endloop
  endfacet
  facet normal -0.8577286041288299 -0.5141027539891311 0
    outer loop
      vertex 10.877516023814678 -12.750019811093807 0.7000000000000001
      vertex 10.80940629541874 -12.636385597288609 0
      vertex 10.877516023814678 -12.750019811093807 0
    endloop
  endfacet
  facet normal -0.9415440655395342 -0.33688985239583175 0
    outer loop
      vertex 10.752762630581856 -12.516622632741928 0.7000000000000001
      vertex 10.708130545914173 -12.391884312033653 0
      vertex 10.752762630581856 -12.516622632741928 0
    endloop
  endfacet
  facet normal -0.9039892897684826 -0.4275551005237505 0
    outer loop
      vertex 10.80940629541874 -12.636385597288609 0.7000000000000001
      vertex 10.752762630581856 -12.516622632741928 0
      vertex 10.80940629541874 -12.636385597288609 0
    endloop
  endfacet
  facet normal 0.9700312492284537 0.24298019573678306 0
    outer loop
      vertex 10.03842943906784 -12.3901806473732 0.7000000000000001
      vertex 10.086119331419468 -12.580569356679916 0
      vertex 10.03842943906784 -12.3901806473732 0
    endloop
  endfacet
  facet normal 0.989176509724005 0.14673047607854156 0
    outer loop
      vertex 10.009630545973778 -12.196034282445908 0.7000000000000001
      vertex 10.03842943906784 -12.3901806473732 0
      vertex 10.009630545973778 -12.196034282445908 0
    endloop
  endfacet
  facet normal 0.9987954563973425 0.049067670415704694 0
    outer loop
      vertex 10 -12 0.7000000000000001
      vertex 10.009630545973778 -12.196034282445908 0
      vertex 10 -12 0
    endloop
  endfacet
  facet normal -0.9700312551900827 -0.2429801719366269 0
    outer loop
      vertex 10.708130545914173 -12.391884312033653 0.7000000000000001
      vertex 10.675939872860909 -12.26337193697691 0
      vertex 10.708130545914173 -12.391884312033653 0
    endloop
  endfacet
  facet normal -0.9891765129441309 -0.14673045437021512 0
    outer loop
      vertex 10.675939872860909 -12.26337193697691 0.7000000000000001
      vertex 10.65650062263012 -12.132323138415813 0
      vertex 10.675939872860909 -12.26337193697691 0
    endloop
  endfacet
  facet normal -0.9987954542896086 -0.04906771331959745 0
    outer loop
      vertex 10.65650062263012 -12.132323138415813 0.7000000000000001
      vertex 10.649999998509884 -12 0
      vertex 10.65650062263012 -12.132323138415813 0
    endloop
  endfacet
  facet normal -0.9987954542896086 0.04906771331959745 0
    outer loop
      vertex 10.649999998509884 -12 0.7000000000000001
      vertex 10.65650062263012 -11.867676861584187 0
      vertex 10.649999998509884 -12 0
    endloop
  endfacet
  facet normal -0.3368898264047599 0.9415440748392878 0
    outer loop
      vertex 12.580569356679916 -13.913880668580532 0.7000000000000001
      vertex 12.765366867184639 -13.847759068012238 0
      vertex 12.580569356679916 -13.913880668580532 0
    endloop
  endfacet
  facet normal -0.42755510310083966 0.9039892885496102 0
    outer loop
      vertex 12.765366867184639 -13.847759068012238 0.7000000000000001
      vertex 12.942793473601341 -13.763842530548573 0
      vertex 12.765366867184639 -13.847759068012238 0
    endloop
  endfacet
  facet normal -0.514102735187669 0.8577286153979924 0
    outer loop
      vertex 12.942793473601341 -13.763842530548573 0.7000000000000001
      vertex 13.111140467226505 -13.662939228117466 0
      vertex 12.942793473601341 -13.763842530548573 0
    endloop
  endfacet
  facet normal 0.4275551005237505 -0.9039892897684826 0
    outer loop
      vertex 12.636385597288609 -13.19059370458126 0.7000000000000001
      vertex 12.516622632741928 -13.247237369418144 0
      vertex 12.636385597288609 -13.19059370458126 0
    endloop
  endfacet
  facet normal 0.5141027539891311 -0.8577286041288299 0
    outer loop
      vertex 12.750019811093807 -13.122483976185322 0.7000000000000001
      vertex 12.636385597288609 -13.19059370458126 0
      vertex 12.750019811093807 -13.122483976185322 0
    endloop
  endfacet
  facet normal 0.59569929762256 -0.8032075365756902 0
    outer loop
      vertex 12.856430932879448 -13.043564110994339 0.7000000000000001
      vertex 12.750019811093807 -13.122483976185322 0
      vertex 12.856430932879448 -13.043564110994339 0
    endloop
  endfacet
  facet normal -0.5956992989376801 0.8032075356003305 0
    outer loop
      vertex 13.111140467226505 -13.662939228117466 0.7000000000000001
      vertex 13.268786571919918 -13.546020910143852 0
      vertex 13.111140467226505 -13.662939228117466 0
    endloop
  endfacet
  facet normal -0.671558983390028 0.7409510994850821 0
    outer loop
      vertex 13.268786571919918 -13.546020910143852 0.7000000000000001
      vertex 13.414213560521603 -13.414213560521603 0
      vertex 13.268786571919918 -13.546020910143852 0
    endloop
  endfacet
  facet normal -0.7409510994850821 0.671558983390028 0
    outer loop
      vertex 13.414213560521603 -13.414213560521603 0.7000000000000001
      vertex 13.546020910143852 -13.268786571919918 0
      vertex 13.414213560521603 -13.414213560521603 0
    endloop
  endfacet
  facet normal -0.8032075356003305 0.5956992989376801 0
    outer loop
      vertex 13.546020910143852 -13.268786571919918 0.7000000000000001
      vertex 13.662939228117466 -13.111140467226505 0
      vertex 13.546020910143852 -13.268786571919918 0
    endloop
  endfacet
  facet normal 0.6715589237592672 -0.7409511535312534 0
    outer loop
      vertex 12.954594157636166 -12.954594157636166 0.7000000000000001
      vertex 12.856430932879448 -13.043564110994339 0
      vertex 12.954594157636166 -12.954594157636166 0
    endloop
  endfacet
  facet normal 0.7409511535312534 -0.6715589237592672 0
    outer loop
      vertex 13.043564110994339 -12.856430932879448 0.7000000000000001
      vertex 12.954594157636166 -12.954594157636166 0
      vertex 13.043564110994339 -12.856430932879448 0
    endloop
  endfacet
  facet normal 0.8032075365756902 -0.59569929762256 0
    outer loop
      vertex 13.122483976185322 -12.750019811093807 0.7000000000000001
      vertex 13.043564110994339 -12.856430932879448 0
      vertex 13.122483976185322 -12.750019811093807 0
    endloop
  endfacet
  facet normal -0.8577286153979924 0.514102735187669 0
    outer loop
      vertex 13.662939228117466 -13.111140467226505 0.7000000000000001
      vertex 13.763842530548573 -12.942793473601341 0
      vertex 13.662939228117466 -13.111140467226505 0
    endloop
  endfacet
  facet normal 0.8577286041288299 -0.5141027539891311 0
    outer loop
      vertex 13.19059370458126 -12.636385597288609 0.7000000000000001
      vertex 13.122483976185322 -12.750019811093807 0
      vertex 13.19059370458126 -12.636385597288609 0
    endloop
  endfacet
  facet normal 0.9039892897684826 -0.4275551005237505 0
    outer loop
      vertex 13.247237369418144 -12.516622632741928 0.7000000000000001
      vertex 13.19059370458126 -12.636385597288609 0
      vertex 13.247237369418144 -12.516622632741928 0
    endloop
  endfacet
  facet normal 0.9415440655395342 -0.33688985239583175 0
    outer loop
      vertex 13.291869454085827 -12.391884312033653 0.7000000000000001
      vertex 13.247237369418144 -12.516622632741928 0
      vertex 13.291869454085827 -12.391884312033653 0
    endloop
  endfacet
  facet normal 0.9700312551900827 -0.2429801719366269 0
    outer loop
      vertex 13.324060127139091 -12.26337193697691 0.7000000000000001
      vertex 13.291869454085827 -12.391884312033653 0
      vertex 13.324060127139091 -12.26337193697691 0
    endloop
  endfacet
  facet normal 0.9891765129441309 -0.14673045437021512 0
    outer loop
      vertex 13.34349937736988 -12.132323138415813 0.7000000000000001
      vertex 13.324060127139091 -12.26337193697691 0
      vertex 13.34349937736988 -12.132323138415813 0
    endloop
  endfacet
  facet normal 0.9987954542896086 -0.04906771331959745 0
    outer loop
      vertex 13.350000001490116 -12 0.7000000000000001
      vertex 13.34349937736988 -12.132323138415813 0
      vertex 13.350000001490116 -12 0
    endloop
  endfacet
  facet normal 0.9987954542896086 0.04906771331959745 0
    outer loop
      vertex 13.34349937736988 -11.867676861584187 0.7000000000000001
      vertex 13.350000001490116 -12 0
      vertex 13.34349937736988 -11.867676861584187 0
    endloop
  endfacet
  facet normal -0.9039892885496102 0.42755510310083966 0
    outer loop
      vertex 13.763842530548573 -12.942793473601341 0.7000000000000001
      vertex 13.847759068012238 -12.765366867184639 0
      vertex 13.763842530548573 -12.942793473601341 0
    endloop
  endfacet
  facet normal -0.9415440748392878 0.3368898264047599 0
    outer loop
      vertex 13.847759068012238 -12.765366867184639 0.7000000000000001
      vertex 13.913880668580532 -12.580569356679916 0
      vertex 13.847759068012238 -12.765366867184639 0
    endloop
  endfacet
  facet normal -0.9700312492284537 0.24298019573678306 0
    outer loop
      vertex 13.913880668580532 -12.580569356679916 0.7000000000000001
      vertex 13.96157056093216 -12.3901806473732 0
      vertex 13.913880668580532 -12.580569356679916 0
    endloop
  endfacet
  facet normal -0.989176509724005 0.14673047607854156 0
    outer loop
      vertex 13.96157056093216 -12.3901806473732 0.7000000000000001
      vertex 13.990369454026222 -12.196034282445908 0
      vertex 13.96157056093216 -12.3901806473732 0
    endloop
  endfacet
  facet normal -0.9987954563973425 0.049067670415704694 0
    outer loop
      vertex 13.990369454026222 -12.196034282445908 0.7000000000000001
      vertex 14 -12 0
      vertex 13.990369454026222 -12.196034282445908 0
    endloop
  endfacet
  facet normal -0.9987954563973425 -0.049067670415704694 0
    outer loop
      vertex 14 -12 0.7000000000000001
      vertex 13.990369454026222 -11.803965717554092 0
      vertex 14 -12 0
    endloop
  endfacet
  facet normal 0.42755510310083966 0.9039892885496102 0
    outer loop
      vertex 11.234633132815361 -13.847759068012238 0.7000000000000001
      vertex 11.234633132815361 -13.847759068012238 0
      vertex 11.057206526398659 -13.763842530548573 0.7000000000000001
    endloop
  endfacet
  facet normal 0.514102735187669 0.8577286153979924 0
    outer loop
      vertex 11.057206526398659 -13.763842530548573 0.7000000000000001
      vertex 11.057206526398659 -13.763842530548573 0
      vertex 10.888859532773495 -13.662939228117466 0.7000000000000001
    endloop
  endfacet
  facet normal 0.7409510994850821 0.671558983390028 0
    outer loop
      vertex 10.453979089856148 -13.268786571919918 0.7000000000000001
      vertex 10.585786439478397 -13.414213560521603 0.7000000000000001
      vertex 10.585786439478397 -13.414213560521603 0
    endloop
  endfacet
  facet normal 0.8032075356003305 0.5956992989376801 0
    outer loop
      vertex 10.453979089856148 -13.268786571919918 0.7000000000000001
      vertex 10.453979089856148 -13.268786571919918 0
      vertex 10.337060771882534 -13.111140467226505 0.7000000000000001
    endloop
  endfacet
  facet normal 0.5956992989376801 0.8032075356003305 0
    outer loop
      vertex 10.888859532773495 -13.662939228117466 0.7000000000000001
      vertex 10.888859532773495 -13.662939228117466 0
      vertex 10.731213428080082 -13.546020910143852 0.7000000000000001
    endloop
  endfacet
  facet normal 0.671558983390028 0.7409510994850821 0
    outer loop
      vertex 10.731213428080082 -13.546020910143852 0.7000000000000001
      vertex 10.731213428080082 -13.546020910143852 0
      vertex 10.585786439478397 -13.414213560521603 0.7000000000000001
    endloop
  endfacet
  facet normal -0.59569929762256 -0.8032075365756902 0
    outer loop
      vertex 11.249980188906193 -13.122483976185322 0.7000000000000001
      vertex 11.143569067120552 -13.043564110994339 0.7000000000000001
      vertex 11.143569067120552 -13.043564110994339 0
    endloop
  endfacet
  facet normal 0.14673047607854156 0.989176509724005 0
    outer loop
      vertex 11.6098193526268 -13.96157056093216 0.7000000000000001
      vertex 11.803965717554092 -13.990369454026222 0.7000000000000001
      vertex 11.803965717554092 -13.990369454026222 0
    endloop
  endfacet
  facet normal 0.3368898264047599 0.9415440748392878 0
    outer loop
      vertex 11.419430643320084 -13.913880668580532 0.7000000000000001
      vertex 11.419430643320084 -13.913880668580532 0
      vertex 11.234633132815361 -13.847759068012238 0.7000000000000001
    endloop
  endfacet
  facet normal 0.24298019573678306 0.9700312492284537 0
    outer loop
      vertex 11.419430643320084 -13.913880668580532 0.7000000000000001
      vertex 11.6098193526268 -13.96157056093216 0.7000000000000001
      vertex 11.6098193526268 -13.96157056093216 0
    endloop
  endfacet
  facet normal 0.049067670415704694 0.9987954563973425 0
    outer loop
      vertex 11.803965717554092 -13.990369454026222 0.7000000000000001
      vertex 12 -14 0.7000000000000001
      vertex 12 -14 0
    endloop
  endfacet
  facet normal -0.049067670415704694 0.9987954563973425 0
    outer loop
      vertex 12 -14 0.7000000000000001
      vertex 12.196034282445908 -13.990369454026222 0.7000000000000001
      vertex 12.196034282445908 -13.990369454026222 0
    endloop
  endfacet
  facet normal -0.14673047607854156 0.989176509724005 0
    outer loop
      vertex 12.196034282445908 -13.990369454026222 0.7000000000000001
      vertex 12.3901806473732 -13.96157056093216 0.7000000000000001
      vertex 12.3901806473732 -13.96157056093216 0
    endloop
  endfacet
  facet normal -0.33688985239583175 -0.9415440655395342 0
    outer loop
      vertex 11.483377367258072 -13.247237369418144 0.7000000000000001
      vertex 11.483377367258072 -13.247237369418144 0
      vertex 11.608115687966347 -13.291869454085827 0.7000000000000001
    endloop
  endfacet
  facet normal -0.5141027539891311 -0.8577286041288299 0
    outer loop
      vertex 11.249980188906193 -13.122483976185322 0.7000000000000001
      vertex 11.249980188906193 -13.122483976185322 0
      vertex 11.363614402711391 -13.19059370458126 0.7000000000000001
    endloop
  endfacet
  facet normal -0.4275551005237505 -0.9039892897684826 0
    outer loop
      vertex 11.363614402711391 -13.19059370458126 0.7000000000000001
      vertex 11.363614402711391 -13.19059370458126 0
      vertex 11.483377367258072 -13.247237369418144 0.7000000000000001
    endloop
  endfacet
  facet normal -0.2429801719366269 -0.9700312551900827 0
    outer loop
      vertex 11.608115687966347 -13.291869454085827 0.7000000000000001
      vertex 11.608115687966347 -13.291869454085827 0
      vertex 11.73662806302309 -13.324060127139091 0.7000000000000001
    endloop
  endfacet
  facet normal -0.14673045437021512 -0.9891765129441309 0
    outer loop
      vertex 11.73662806302309 -13.324060127139091 0.7000000000000001
      vertex 11.73662806302309 -13.324060127139091 0
      vertex 11.867676861584187 -13.34349937736988 0.7000000000000001
    endloop
  endfacet
  facet normal -0.04906771331959745 -0.9987954542896086 0
    outer loop
      vertex 11.867676861584187 -13.34349937736988 0.7000000000000001
      vertex 11.867676861584187 -13.34349937736988 0
      vertex 12 -13.350000001490116 0.7000000000000001
    endloop
  endfacet
  facet normal 0.04906771331959745 -0.9987954542896086 0
    outer loop
      vertex 12 -13.350000001490116 0.7000000000000001
      vertex 12 -13.350000001490116 0
      vertex 12.132323138415813 -13.34349937736988 0.7000000000000001
    endloop
  endfacet
  facet normal 0.14673045437021512 -0.9891765129441309 0
    outer loop
      vertex 12.132323138415813 -13.34349937736988 0.7000000000000001
      vertex 12.132323138415813 -13.34349937736988 0
      vertex 12.26337193697691 -13.324060127139091 0.7000000000000001
    endloop
  endfacet
  facet normal 0.2429801719366269 -0.9700312551900827 0
    outer loop
      vertex 12.26337193697691 -13.324060127139091 0.7000000000000001
      vertex 12.26337193697691 -13.324060127139091 0
      vertex 12.391884312033653 -13.291869454085827 0.7000000000000001
    endloop
  endfacet
  facet normal 0.33688985239583175 -0.9415440655395342 0
    outer loop
      vertex 12.391884312033653 -13.291869454085827 0.7000000000000001
      vertex 12.391884312033653 -13.291869454085827 0
      vertex 12.516622632741928 -13.247237369418144 0.7000000000000001
    endloop
  endfacet
  facet normal 0.8577286153979924 0.514102735187669 0
    outer loop
      vertex 10.337060771882534 -13.111140467226505 0.7000000000000001
      vertex 10.337060771882534 -13.111140467226505 0
      vertex 10.236157469451427 -12.942793473601341 0.7000000000000001
    endloop
  endfacet
  facet normal 0.9039892885496102 0.42755510310083966 0
    outer loop
      vertex 10.236157469451427 -12.942793473601341 0.7000000000000001
      vertex 10.236157469451427 -12.942793473601341 0
      vertex 10.152240931987762 -12.765366867184639 0.7000000000000001
    endloop
  endfacet
  facet normal 0.9415440748392878 0.3368898264047599 0
    outer loop
      vertex 10.152240931987762 -12.765366867184639 0.7000000000000001
      vertex 10.152240931987762 -12.765366867184639 0
      vertex 10.086119331419468 -12.580569356679916 0.7000000000000001
    endloop
  endfacet
  facet normal 0.9700312492284537 0.24298019573678306 0
    outer loop
      vertex 10.086119331419468 -12.580569356679916 0.7000000000000001
      vertex 10.086119331419468 -12.580569356679916 0
      vertex 10.03842943906784 -12.3901806473732 0.7000000000000001
    endloop
  endfacet
  facet normal -0.8032075365756902 -0.59569929762256 0
    outer loop
      vertex 10.956435889005661 -12.856430932879448 0.7000000000000001
      vertex 10.877516023814678 -12.750019811093807 0.7000000000000001
      vertex 10.877516023814678 -12.750019811093807 0
    endloop
  endfacet
  facet normal -0.6715589237592672 -0.7409511535312534 0
    outer loop
      vertex 11.143569067120552 -13.043564110994339 0.7000000000000001
      vertex 11.045405842363834 -12.954594157636166 0.7000000000000001
      vertex 11.045405842363834 -12.954594157636166 0
    endloop
  endfacet
  facet normal -0.7409511535312534 -0.6715589237592672 0
    outer loop
      vertex 10.956435889005661 -12.856430932879448 0.7000000000000001
      vertex 10.956435889005661 -12.856430932879448 0
      vertex 11.045405842363834 -12.954594157636166 0.7000000000000001
    endloop
  endfacet
  facet normal -0.8577286041288299 -0.5141027539891311 0
    outer loop
      vertex 10.877516023814678 -12.750019811093807 0.7000000000000001
      vertex 10.80940629541874 -12.636385597288609 0.7000000000000001
      vertex 10.80940629541874 -12.636385597288609 0
    endloop
  endfacet
  facet normal -0.9039892897684826 -0.4275551005237505 0
    outer loop
      vertex 10.752762630581856 -12.516622632741928 0.7000000000000001
      vertex 10.752762630581856 -12.516622632741928 0
      vertex 10.80940629541874 -12.636385597288609 0.7000000000000001
    endloop
  endfacet
  facet normal 0.989176509724005 0.14673047607854156 0
    outer loop
      vertex 10.03842943906784 -12.3901806473732 0.7000000000000001
      vertex 10.03842943906784 -12.3901806473732 0
      vertex 10.009630545973778 -12.196034282445908 0.7000000000000001
    endloop
  endfacet
  facet normal 0.9987954563973425 0.049067670415704694 0
    outer loop
      vertex 10.009630545973778 -12.196034282445908 0.7000000000000001
      vertex 10.009630545973778 -12.196034282445908 0
      vertex 10 -12 0.7000000000000001
    endloop
  endfacet
  facet normal 0.9987954563973425 -0.049067670415704694 0
    outer loop
      vertex 10 -12 0.7000000000000001
      vertex 10 -12 0
      vertex 10.009630545973778 -11.803965717554092 0.7000000000000001
    endloop
  endfacet
  facet normal -0.9415440655395342 -0.33688985239583175 0
    outer loop
      vertex 10.752762630581856 -12.516622632741928 0.7000000000000001
      vertex 10.708130545914173 -12.391884312033653 0.7000000000000001
      vertex 10.708130545914173 -12.391884312033653 0
    endloop
  endfacet
  facet normal -0.9700312551900827 -0.2429801719366269 0
    outer loop
      vertex 10.708130545914173 -12.391884312033653 0.7000000000000001
      vertex 10.675939872860909 -12.26337193697691 0.7000000000000001
      vertex 10.675939872860909 -12.26337193697691 0
    endloop
  endfacet
  facet normal -0.9891765129441309 -0.14673045437021512 0
    outer loop
      vertex 10.675939872860909 -12.26337193697691 0.7000000000000001
      vertex 10.65650062263012 -12.132323138415813 0.7000000000000001
      vertex 10.65650062263012 -12.132323138415813 0
    endloop
  endfacet
  facet normal -0.9987954542896086 -0.04906771331959745 0
    outer loop
      vertex 10.65650062263012 -12.132323138415813 0.7000000000000001
      vertex 10.649999998509884 -12 0.7000000000000001
      vertex 10.649999998509884 -12 0
    endloop
  endfacet
  facet normal -0.9987954542896086 0.04906771331959745 0
    outer loop
      vertex 10.649999998509884 -12 0.7000000000000001
      vertex 10.65650062263012 -11.867676861584187 0.7000000000000001
      vertex 10.65650062263012 -11.867676861584187 0
    endloop
  endfacet
  facet normal -0.24298019573678306 0.9700312492284537 0
    outer loop
      vertex 12.3901806473732 -13.96157056093216 0.7000000000000001
      vertex 12.580569356679916 -13.913880668580532 0.7000000000000001
      vertex 12.580569356679916 -13.913880668580532 0
    endloop
  endfacet
  facet normal -0.3368898264047599 0.9415440748392878 0
    outer loop
      vertex 12.580569356679916 -13.913880668580532 0.7000000000000001
      vertex 12.765366867184639 -13.847759068012238 0.7000000000000001
      vertex 12.765366867184639 -13.847759068012238 0
    endloop
  endfacet
  facet normal -0.42755510310083966 0.9039892885496102 0
    outer loop
      vertex 12.765366867184639 -13.847759068012238 0.7000000000000001
      vertex 12.942793473601341 -13.763842530548573 0.7000000000000001
      vertex 12.942793473601341 -13.763842530548573 0
    endloop
  endfacet
  facet normal -0.514102735187669 0.8577286153979924 0
    outer loop
      vertex 12.942793473601341 -13.763842530548573 0.7000000000000001
      vertex 13.111140467226505 -13.662939228117466 0.7000000000000001
      vertex 13.111140467226505 -13.662939228117466 0
    endloop
  endfacet
  facet normal 0.4275551005237505 -0.9039892897684826 0
    outer loop
      vertex 12.516622632741928 -13.247237369418144 0.7000000000000001
      vertex 12.516622632741928 -13.247237369418144 0
      vertex 12.636385597288609 -13.19059370458126 0.7000000000000001
    endloop
  endfacet
  facet normal 0.5141027539891311 -0.8577286041288299 0
    outer loop
      vertex 12.636385597288609 -13.19059370458126 0.7000000000000001
      vertex 12.636385597288609 -13.19059370458126 0
      vertex 12.750019811093807 -13.122483976185322 0.7000000000000001
    endloop
  endfacet
  facet normal 0.59569929762256 -0.8032075365756902 0
    outer loop
      vertex 12.750019811093807 -13.122483976185322 0.7000000000000001
      vertex 12.750019811093807 -13.122483976185322 0
      vertex 12.856430932879448 -13.043564110994339 0.7000000000000001
    endloop
  endfacet
  facet normal -0.5956992989376801 0.8032075356003305 0
    outer loop
      vertex 13.111140467226505 -13.662939228117466 0.7000000000000001
      vertex 13.268786571919918 -13.546020910143852 0.7000000000000001
      vertex 13.268786571919918 -13.546020910143852 0
    endloop
  endfacet
  facet normal -0.671558983390028 0.7409510994850821 0
    outer loop
      vertex 13.268786571919918 -13.546020910143852 0.7000000000000001
      vertex 13.414213560521603 -13.414213560521603 0.7000000000000001
      vertex 13.414213560521603 -13.414213560521603 0
    endloop
  endfacet
  facet normal -0.7409510994850821 0.671558983390028 0
    outer loop
      vertex 13.414213560521603 -13.414213560521603 0.7000000000000001
      vertex 13.546020910143852 -13.268786571919918 0.7000000000000001
      vertex 13.546020910143852 -13.268786571919918 0
    endloop
  endfacet
  facet normal -0.8032075356003305 0.5956992989376801 0
    outer loop
      vertex 13.546020910143852 -13.268786571919918 0.7000000000000001
      vertex 13.662939228117466 -13.111140467226505 0.7000000000000001
      vertex 13.662939228117466 -13.111140467226505 0
    endloop
  endfacet
  facet normal 0.6715589237592672 -0.7409511535312534 0
    outer loop
      vertex 12.856430932879448 -13.043564110994339 0.7000000000000001
      vertex 12.856430932879448 -13.043564110994339 0
      vertex 12.954594157636166 -12.954594157636166 0.7000000000000001
    endloop
  endfacet
  facet normal 0.7409511535312534 -0.6715589237592672 0
    outer loop
      vertex 12.954594157636166 -12.954594157636166 0.7000000000000001
      vertex 12.954594157636166 -12.954594157636166 0
      vertex 13.043564110994339 -12.856430932879448 0.7000000000000001
    endloop
  endfacet
  facet normal 0.8032075365756902 -0.59569929762256 0
    outer loop
      vertex 13.043564110994339 -12.856430932879448 0.7000000000000001
      vertex 13.043564110994339 -12.856430932879448 0
      vertex 13.122483976185322 -12.750019811093807 0.7000000000000001
    endloop
  endfacet
  facet normal -0.8577286153979924 0.514102735187669 0
    outer loop
      vertex 13.662939228117466 -13.111140467226505 0.7000000000000001
      vertex 13.763842530548573 -12.942793473601341 0.7000000000000001
      vertex 13.763842530548573 -12.942793473601341 0
    endloop
  endfacet
  facet normal 0.8577286041288299 -0.5141027539891311 0
    outer loop
      vertex 13.122483976185322 -12.750019811093807 0.7000000000000001
      vertex 13.122483976185322 -12.750019811093807 0
      vertex 13.19059370458126 -12.636385597288609 0.7000000000000001
    endloop
  endfacet
  facet normal 0.9039892897684826 -0.4275551005237505 0
    outer loop
      vertex 13.19059370458126 -12.636385597288609 0.7000000000000001
      vertex 13.19059370458126 -12.636385597288609 0
      vertex 13.247237369418144 -12.516622632741928 0.7000000000000001
    endloop
  endfacet
  facet normal 0.9415440655395342 -0.33688985239583175 0
    outer loop
      vertex 13.247237369418144 -12.516622632741928 0.7000000000000001
      vertex 13.247237369418144 -12.516622632741928 0
      vertex 13.291869454085827 -12.391884312033653 0.7000000000000001
    endloop
  endfacet
  facet normal 0.9700312551900827 -0.2429801719366269 0
    outer loop
      vertex 13.291869454085827 -12.391884312033653 0.7000000000000001
      vertex 13.291869454085827 -12.391884312033653 0
      vertex 13.324060127139091 -12.26337193697691 0.7000000000000001
    endloop
  endfacet
  facet normal 0.9891765129441309 -0.14673045437021512 0
    outer loop
      vertex 13.324060127139091 -12.26337193697691 0.7000000000000001
      vertex 13.324060127139091 -12.26337193697691 0
      vertex 13.34349937736988 -12.132323138415813 0.7000000000000001
    endloop
  endfacet
  facet normal 0.9987954542896086 -0.04906771331959745 0
    outer loop
      vertex 13.34349937736988 -12.132323138415813 0.7000000000000001
      vertex 13.34349937736988 -12.132323138415813 0
      vertex 13.350000001490116 -12 0.7000000000000001
    endloop
  endfacet
  facet normal 0.9987954542896086 0.04906771331959745 0
    outer loop
      vertex 13.350000001490116 -12 0.7000000000000001
      vertex 13.350000001490116 -12 0
      vertex 13.34349937736988 -11.867676861584187 0.7000000000000001
    endloop
  endfacet
  facet normal -0.9039892885496102 0.42755510310083966 0
    outer loop
      vertex 13.763842530548573 -12.942793473601341 0.7000000000000001
      vertex 13.847759068012238 -12.765366867184639 0.7000000000000001
      vertex 13.847759068012238 -12.765366867184639 0
    endloop
  endfacet
  facet normal -0.9415440748392878 0.3368898264047599 0
    outer loop
      vertex 13.847759068012238 -12.765366867184639 0.7000000000000001
      vertex 13.913880668580532 -12.580569356679916 0.7000000000000001
      vertex 13.913880668580532 -12.580569356679916 0
    endloop
  endfacet
  facet normal -0.9700312492284537 0.24298019573678306 0
    outer loop
      vertex 13.913880668580532 -12.580569356679916 0.7000000000000001
      vertex 13.96157056093216 -12.3901806473732 0.7000000000000001
      vertex 13.96157056093216 -12.3901806473732 0
    endloop
  endfacet
  facet normal -0.989176509724005 0.14673047607854156 0
    outer loop
      vertex 13.96157056093216 -12.3901806473732 0.7000000000000001
      vertex 13.990369454026222 -12.196034282445908 0.7000000000000001
      vertex 13.990369454026222 -12.196034282445908 0
    endloop
  endfacet
  facet normal -0.9987954563973425 0.049067670415704694 0
    outer loop
      vertex 13.990369454026222 -12.196034282445908 0.7000000000000001
      vertex 14 -12 0.7000000000000001
      vertex 14 -12 0
    endloop
  endfacet
  facet normal 0.9987954563973425 -0.049067670415704694 0
    outer loop
      vertex 10.009630545973778 -11.803965717554092 0.7000000000000001
      vertex 10 -12 0
      vertex 10.009630545973778 -11.803965717554092 0
    endloop
  endfacet
  facet normal 0.989176509724005 -0.14673047607854156 0
    outer loop
      vertex 10.03842943906784 -11.6098193526268 0.7000000000000001
      vertex 10.009630545973778 -11.803965717554092 0
      vertex 10.03842943906784 -11.6098193526268 0
    endloop
  endfacet
  facet normal 0.9700312492284537 -0.24298019573678306 0
    outer loop
      vertex 10.086119331419468 -11.419430643320084 0.7000000000000001
      vertex 10.03842943906784 -11.6098193526268 0
      vertex 10.086119331419468 -11.419430643320084 0
    endloop
  endfacet
  facet normal 0.9415440748392878 -0.3368898264047599 0
    outer loop
      vertex 10.152240931987762 -11.234633132815361 0.7000000000000001
      vertex 10.086119331419468 -11.419430643320084 0
      vertex 10.152240931987762 -11.234633132815361 0
    endloop
  endfacet
  facet normal -0.9891765129441309 0.14673045437021512 0
    outer loop
      vertex 10.65650062263012 -11.867676861584187 0.7000000000000001
      vertex 10.675939872860909 -11.73662806302309 0
      vertex 10.65650062263012 -11.867676861584187 0
    endloop
  endfacet
  facet normal -0.9700312551900827 0.2429801719366269 0
    outer loop
      vertex 10.675939872860909 -11.73662806302309 0.7000000000000001
      vertex 10.708130545914173 -11.608115687966347 0
      vertex 10.675939872860909 -11.73662806302309 0
    endloop
  endfacet
  facet normal -0.9415440655395342 0.33688985239583175 0
    outer loop
      vertex 10.708130545914173 -11.608115687966347 0.7000000000000001
      vertex 10.752762630581856 -11.483377367258072 0
      vertex 10.708130545914173 -11.608115687966347 0
    endloop
  endfacet
  facet normal -0.9039892897684826 0.4275551005237505 0
    outer loop
      vertex 10.752762630581856 -11.483377367258072 0.7000000000000001
      vertex 10.80940629541874 -11.363614402711391 0
      vertex 10.752762630581856 -11.483377367258072 0
    endloop
  endfacet
  facet normal -0.8577286041288299 0.5141027539891311 0
    outer loop
      vertex 10.80940629541874 -11.363614402711391 0.7000000000000001
      vertex 10.877516023814678 -11.249980188906193 0
      vertex 10.80940629541874 -11.363614402711391 0
    endloop
  endfacet
  facet normal 0.9039892885496102 -0.42755510310083966 0
    outer loop
      vertex 10.236157469451427 -11.057206526398659 0.7000000000000001
      vertex 10.152240931987762 -11.234633132815361 0
      vertex 10.236157469451427 -11.057206526398659 0
    endloop
  endfacet
  facet normal 0.8577286153979924 -0.514102735187669 0
    outer loop
      vertex 10.337060771882534 -10.888859532773495 0.7000000000000001
      vertex 10.236157469451427 -11.057206526398659 0
      vertex 10.337060771882534 -10.888859532773495 0
    endloop
  endfacet
  facet normal 0.8032075356003305 -0.5956992989376801 0
    outer loop
      vertex 10.453979089856148 -10.731213428080082 0.7000000000000001
      vertex 10.337060771882534 -10.888859532773495 0
      vertex 10.453979089856148 -10.731213428080082 0
    endloop
  endfacet
  facet normal -0.8032075365756902 0.59569929762256 0
    outer loop
      vertex 10.877516023814678 -11.249980188906193 0.7000000000000001
      vertex 10.956435889005661 -11.143569067120552 0
      vertex 10.877516023814678 -11.249980188906193 0
    endloop
  endfacet
  facet normal -0.7409511535312534 0.6715589237592672 0
    outer loop
      vertex 10.956435889005661 -11.143569067120552 0.7000000000000001
      vertex 11.045405842363834 -11.045405842363834 0
      vertex 10.956435889005661 -11.143569067120552 0
    endloop
  endfacet
  facet normal -0.6715589237592672 0.7409511535312534 0
    outer loop
      vertex 11.045405842363834 -11.045405842363834 0.7000000000000001
      vertex 11.143569067120552 -10.956435889005661 0
      vertex 11.045405842363834 -11.045405842363834 0
    endloop
  endfacet
  facet normal -0.59569929762256 0.8032075365756902 0
    outer loop
      vertex 11.143569067120552 -10.956435889005661 0.7000000000000001
      vertex 11.249980188906193 -10.877516023814678 0
      vertex 11.143569067120552 -10.956435889005661 0
    endloop
  endfacet
  facet normal 0 -1 0
    outer loop
      vertex 11.38350234925747 -10.799999997019768 0.7000000000000001
      vertex 10.899999998509884 -10.799999997019768 0
      vertex 11.38350234925747 -10.799999997019768 0
    endloop
  endfacet
  facet normal 0 1 0
    outer loop
      vertex 11.649999998509884 -11.649999998509884 0.7000000000000001
      vertex 12.350000001490116 -11.649999998509884 0
      vertex 11.649999998509884 -11.649999998509884 0
    endloop
  endfacet
  facet normal -0.5141027539891311 0.8577286041288299 0
    outer loop
      vertex 11.249980188906193 -10.877516023814678 0.7000000000000001
      vertex 11.363614402711391 -10.80940629541874 0
      vertex 11.249980188906193 -10.877516023814678 0
    endloop
  endfacet
  facet normal -0.4275551015229566 0.9039892892958933 0
    outer loop
      vertex 11.363614402711391 -10.80940629541874 0.7000000000000001
      vertex 11.38350234925747 -10.799999997019768 0
      vertex 11.363614402711391 -10.80940629541874 0
    endloop
  endfacet
  facet normal -1 0 0
    outer loop
      vertex 12.350000001490116 -11.649999998509884 0.7000000000000001
      vertex 12.350000001490116 -9.149999998509884 0
      vertex 12.350000001490116 -11.649999998509884 0
    endloop
  endfacet
  facet normal 0.7409510994850821 -0.671558983390028 0
    outer loop
      vertex 10.585786439478397 -10.585786439478397 0.7000000000000001
      vertex 10.453979089856148 -10.731213428080082 0
      vertex 10.585786439478397 -10.585786439478397 0
    endloop
  endfacet
  facet normal -1 0 0
    outer loop
      vertex 10.899999998509884 -10.799999997019768 0.7000000000000001
      vertex 10.899999998509884 -10.3303834348917 0
      vertex 10.899999998509884 -10.799999997019768 0
    endloop
  endfacet
  facet normal 0.671558983390028 -0.7409510994850821 0
    outer loop
      vertex 10.731213428080082 -10.453979089856148 0.7000000000000001
      vertex 10.585786439478397 -10.585786439478397 0
      vertex 10.731213428080082 -10.453979089856148 0
    endloop
  endfacet
  facet normal 0.5956992989376801 -0.8032075356003305 0
    outer loop
      vertex 10.888859532773495 -10.337060771882534 0.7000000000000001
      vertex 10.731213428080082 -10.453979089856148 0
      vertex 10.888859532773495 -10.337060771882534 0
    endloop
  endfacet
  facet normal 0.5141026761064927 -0.8577286508098833 0
    outer loop
      vertex 10.899999998509884 -10.3303834348917 0.7000000000000001
      vertex 10.888859532773495 -10.337060771882534 0
      vertex 10.899999998509884 -10.3303834348917 0
    endloop
  endfacet
  facet normal 1 0 0
    outer loop
      vertex 11.649999998509884 -9.149999998509884 0.7000000000000001
      vertex 11.649999998509884 -11.649999998509884 0
      vertex 11.649999998509884 -9.149999998509884 0
    endloop
  endfacet
  facet normal 0.9891765129441309 0.14673045437021512 0
    outer loop
      vertex 13.324060127139091 -11.73662806302309 0.7000000000000001
      vertex 13.34349937736988 -11.867676861584187 0
      vertex 13.324060127139091 -11.73662806302309 0
    endloop
  endfacet
  facet normal 0.9700312551900827 0.2429801719366269 0
    outer loop
      vertex 13.291869454085827 -11.608115687966347 0.7000000000000001
      vertex 13.324060127139091 -11.73662806302309 0
      vertex 13.291869454085827 -11.608115687966347 0
    endloop
  endfacet
  facet normal 0.9415440655395342 0.33688985239583175 0
    outer loop
      vertex 13.247237369418144 -11.483377367258072 0.7000000000000001
      vertex 13.291869454085827 -11.608115687966347 0
      vertex 13.247237369418144 -11.483377367258072 0
    endloop
  endfacet
  facet normal 0.9039892897684826 0.4275551005237505 0
    outer loop
      vertex 13.19059370458126 -11.363614402711391 0.7000000000000001
      vertex 13.247237369418144 -11.483377367258072 0
      vertex 13.19059370458126 -11.363614402711391 0
    endloop
  endfacet
  facet normal 0.8577286041288299 0.5141027539891311 0
    outer loop
      vertex 13.122483976185322 -11.249980188906193 0.7000000000000001
      vertex 13.19059370458126 -11.363614402711391 0
      vertex 13.122483976185322 -11.249980188906193 0
    endloop
  endfacet
  facet normal 0.8032075365756902 0.59569929762256 0
    outer loop
      vertex 13.043564110994339 -11.143569067120552 0.7000000000000001
      vertex 13.122483976185322 -11.249980188906193 0
      vertex 13.043564110994339 -11.143569067120552 0
    endloop
  endfacet
  facet normal 0.6715589237592672 0.7409511535312534 0
    outer loop
      vertex 12.856430932879448 -10.956435889005661 0.7000000000000001
      vertex 12.954594157636166 -11.045405842363834 0
      vertex 12.856430932879448 -10.956435889005661 0
    endloop
  endfacet
  facet normal 0.7409511535312534 0.6715589237592672 0
    outer loop
      vertex 12.954594157636166 -11.045405842363834 0.7000000000000001
      vertex 13.043564110994339 -11.143569067120552 0
      vertex 12.954594157636166 -11.045405842363834 0
    endloop
  endfacet
  facet normal 0.59569929762256 0.8032075365756902 0
    outer loop
      vertex 12.750019811093807 -10.877516023814678 0.7000000000000001
      vertex 12.856430932879448 -10.956435889005661 0
      vertex 12.750019811093807 -10.877516023814678 0
    endloop
  endfacet
  facet normal 0.4275551015229566 0.9039892892958933 0
    outer loop
      vertex 12.61649765074253 -10.799999997019768 0.7000000000000001
      vertex 12.636385597288609 -10.80940629541874 0
      vertex 12.61649765074253 -10.799999997019768 0
    endloop
  endfacet
  facet normal 0.5141027539891311 0.8577286041288299 0
    outer loop
      vertex 12.636385597288609 -10.80940629541874 0.7000000000000001
      vertex 12.750019811093807 -10.877516023814678 0
      vertex 12.636385597288609 -10.80940629541874 0
    endloop
  endfacet
  facet normal 0 -1 0
    outer loop
      vertex 13.100000001490116 -10.799999997019768 0.7000000000000001
      vertex 12.61649765074253 -10.799999997019768 0
      vertex 13.100000001490116 -10.799999997019768 0
    endloop
  endfacet
  facet normal -0.8577286153979924 -0.514102735187669 0
    outer loop
      vertex 13.763842530548573 -11.057206526398659 0.7000000000000001
      vertex 13.662939228117466 -10.888859532773495 0
      vertex 13.763842530548573 -11.057206526398659 0
    endloop
  endfacet
  facet normal -0.8032075356003305 -0.5956992989376801 0
    outer loop
      vertex 13.662939228117466 -10.888859532773495 0.7000000000000001
      vertex 13.546020910143852 -10.731213428080082 0
      vertex 13.662939228117466 -10.888859532773495 0
    endloop
  endfacet
  facet normal -0.989176509724005 -0.14673047607854156 0
    outer loop
      vertex 13.990369454026222 -11.803965717554092 0.7000000000000001
      vertex 13.96157056093216 -11.6098193526268 0
      vertex 13.990369454026222 -11.803965717554092 0
    endloop
  endfacet
  facet normal -0.9700312492284537 -0.24298019573678306 0
    outer loop
      vertex 13.96157056093216 -11.6098193526268 0.7000000000000001
      vertex 13.913880668580532 -11.419430643320084 0
      vertex 13.96157056093216 -11.6098193526268 0
    endloop
  endfacet
  facet normal -0.9415440748392878 -0.3368898264047599 0
    outer loop
      vertex 13.913880668580532 -11.419430643320084 0.7000000000000001
      vertex 13.847759068012238 -11.234633132815361 0
      vertex 13.913880668580532 -11.419430643320084 0
    endloop
  endfacet
  facet normal -0.9039892885496102 -0.42755510310083966 0
    outer loop
      vertex 13.847759068012238 -11.234633132815361 0.7000000000000001
      vertex 13.763842530548573 -11.057206526398659 0
      vertex 13.847759068012238 -11.234633132815361 0
    endloop
  endfacet
  facet normal 1 0 0
    outer loop
      vertex 13.100000001490116 -10.3303834348917 0.7000000000000001
      vertex 13.100000001490116 -10.799999997019768 0
      vertex 13.100000001490116 -10.3303834348917 0
    endloop
  endfacet
  facet normal -0.5141026761064927 -0.8577286508098833 0
    outer loop
      vertex 13.111140467226505 -10.337060771882534 0.7000000000000001
      vertex 13.100000001490116 -10.3303834348917 0
      vertex 13.111140467226505 -10.337060771882534 0
    endloop
  endfacet
  facet normal -0.671558983390028 -0.7409510994850821 0
    outer loop
      vertex 13.414213560521603 -10.585786439478397 0.7000000000000001
      vertex 13.268786571919918 -10.453979089856148 0
      vertex 13.414213560521603 -10.585786439478397 0
    endloop
  endfacet
  facet normal -0.5956992989376801 -0.8032075356003305 0
    outer loop
      vertex 13.268786571919918 -10.453979089856148 0.7000000000000001
      vertex 13.111140467226505 -10.337060771882534 0
      vertex 13.268786571919918 -10.453979089856148 0
    endloop
  endfacet
  facet normal -0.7409510994850821 -0.671558983390028 0
    outer loop
      vertex 13.546020910143852 -10.731213428080082 0.7000000000000001
      vertex 13.414213560521603 -10.585786439478397 0
      vertex 13.546020910143852 -10.731213428080082 0
    endloop
  endfacet
  facet normal 0.989176509724005 -0.14673047607854156 0
    outer loop
      vertex 10.009630545973778 -11.803965717554092 0.7000000000000001
      vertex 10.009630545973778 -11.803965717554092 0
      vertex 10.03842943906784 -11.6098193526268 0.7000000000000001
    endloop
  endfacet
  facet normal 0.9700312492284537 -0.24298019573678306 0
    outer loop
      vertex 10.03842943906784 -11.6098193526268 0.7000000000000001
      vertex 10.03842943906784 -11.6098193526268 0
      vertex 10.086119331419468 -11.419430643320084 0.7000000000000001
    endloop
  endfacet
  facet normal 0.9415440748392878 -0.3368898264047599 0
    outer loop
      vertex 10.086119331419468 -11.419430643320084 0.7000000000000001
      vertex 10.086119331419468 -11.419430643320084 0
      vertex 10.152240931987762 -11.234633132815361 0.7000000000000001
    endloop
  endfacet
  facet normal -0.9891765129441309 0.14673045437021512 0
    outer loop
      vertex 10.65650062263012 -11.867676861584187 0.7000000000000001
      vertex 10.675939872860909 -11.73662806302309 0.7000000000000001
      vertex 10.675939872860909 -11.73662806302309 0
    endloop
  endfacet
  facet normal -0.9700312551900827 0.2429801719366269 0
    outer loop
      vertex 10.675939872860909 -11.73662806302309 0.7000000000000001
      vertex 10.708130545914173 -11.608115687966347 0.7000000000000001
      vertex 10.708130545914173 -11.608115687966347 0
    endloop
  endfacet
  facet normal -0.9415440655395342 0.33688985239583175 0
    outer loop
      vertex 10.708130545914173 -11.608115687966347 0.7000000000000001
      vertex 10.752762630581856 -11.483377367258072 0.7000000000000001
      vertex 10.752762630581856 -11.483377367258072 0
    endloop
  endfacet
  facet normal -0.9039892897684826 0.4275551005237505 0
    outer loop
      vertex 10.752762630581856 -11.483377367258072 0.7000000000000001
      vertex 10.80940629541874 -11.363614402711391 0.7000000000000001
      vertex 10.80940629541874 -11.363614402711391 0
    endloop
  endfacet
  facet normal -0.8577286041288299 0.5141027539891311 0
    outer loop
      vertex 10.80940629541874 -11.363614402711391 0.7000000000000001
      vertex 10.877516023814678 -11.249980188906193 0.7000000000000001
      vertex 10.877516023814678 -11.249980188906193 0
    endloop
  endfacet
  facet normal 0.9039892885496102 -0.42755510310083966 0
    outer loop
      vertex 10.152240931987762 -11.234633132815361 0.7000000000000001
      vertex 10.152240931987762 -11.234633132815361 0
      vertex 10.236157469451427 -11.057206526398659 0.7000000000000001
    endloop
  endfacet
  facet normal 0.8577286153979924 -0.514102735187669 0
    outer loop
      vertex 10.236157469451427 -11.057206526398659 0.7000000000000001
      vertex 10.236157469451427 -11.057206526398659 0
      vertex 10.337060771882534 -10.888859532773495 0.7000000000000001
    endloop
  endfacet
  facet normal 0.8032075356003305 -0.5956992989376801 0
    outer loop
      vertex 10.337060771882534 -10.888859532773495 0.7000000000000001
      vertex 10.337060771882534 -10.888859532773495 0
      vertex 10.453979089856148 -10.731213428080082 0.7000000000000001
    endloop
  endfacet
  facet normal -0.8032075365756902 0.59569929762256 0
    outer loop
      vertex 10.877516023814678 -11.249980188906193 0.7000000000000001
      vertex 10.956435889005661 -11.143569067120552 0.7000000000000001
      vertex 10.956435889005661 -11.143569067120552 0
    endloop
  endfacet
  facet normal -0.7409511535312534 0.6715589237592672 0
    outer loop
      vertex 10.956435889005661 -11.143569067120552 0.7000000000000001
      vertex 11.045405842363834 -11.045405842363834 0.7000000000000001
      vertex 11.045405842363834 -11.045405842363834 0
    endloop
  endfacet
  facet normal -0.6715589237592672 0.7409511535312534 0
    outer loop
      vertex 11.045405842363834 -11.045405842363834 0.7000000000000001
      vertex 11.143569067120552 -10.956435889005661 0.7000000000000001
      vertex 11.143569067120552 -10.956435889005661 0
    endloop
  endfacet
  facet normal -0.59569929762256 0.8032075365756902 0
    outer loop
      vertex 11.143569067120552 -10.956435889005661 0.7000000000000001
      vertex 11.249980188906193 -10.877516023814678 0.7000000000000001
      vertex 11.249980188906193 -10.877516023814678 0
    endloop
  endfacet
  facet normal 0 -1 0
    outer loop
      vertex 10.899999998509884 -10.799999997019768 0.7000000000000001
      vertex 10.899999998509884 -10.799999997019768 0
      vertex 11.38350234925747 -10.799999997019768 0.7000000000000001
    endloop
  endfacet
  facet normal 0 1 0
    outer loop
      vertex 11.649999998509884 -11.649999998509884 0.7000000000000001
      vertex 12.350000001490116 -11.649999998509884 0.7000000000000001
      vertex 12.350000001490116 -11.649999998509884 0
    endloop
  endfacet
  facet normal -0.5141027539891311 0.8577286041288299 0
    outer loop
      vertex 11.249980188906193 -10.877516023814678 0.7000000000000001
      vertex 11.363614402711391 -10.80940629541874 0.7000000000000001
      vertex 11.363614402711391 -10.80940629541874 0
    endloop
  endfacet
  facet normal -0.4275551015229566 0.9039892892958933 0
    outer loop
      vertex 11.363614402711391 -10.80940629541874 0.7000000000000001
      vertex 11.38350234925747 -10.799999997019768 0.7000000000000001
      vertex 11.38350234925747 -10.799999997019768 0
    endloop
  endfacet
  facet normal 1 0 0
    outer loop
      vertex 11.649999998509884 -11.649999998509884 0.7000000000000001
      vertex 11.649999998509884 -11.649999998509884 0
      vertex 11.649999998509884 -9.149999998509884 0.7000000000000001
    endloop
  endfacet
  facet normal 0.7409510994850821 -0.671558983390028 0
    outer loop
      vertex 10.453979089856148 -10.731213428080082 0.7000000000000001
      vertex 10.453979089856148 -10.731213428080082 0
      vertex 10.585786439478397 -10.585786439478397 0.7000000000000001
    endloop
  endfacet
  facet normal 0.671558983390028 -0.7409510994850821 0
    outer loop
      vertex 10.585786439478397 -10.585786439478397 0.7000000000000001
      vertex 10.585786439478397 -10.585786439478397 0
      vertex 10.731213428080082 -10.453979089856148 0.7000000000000001
    endloop
  endfacet
  facet normal -1 0 0
    outer loop
      vertex 10.899999998509884 -10.799999997019768 0.7000000000000001
      vertex 10.899999998509884 -10.3303834348917 0.7000000000000001
      vertex 10.899999998509884 -10.3303834348917 0
    endloop
  endfacet
  facet normal 0.5956992989376801 -0.8032075356003305 0
    outer loop
      vertex 10.731213428080082 -10.453979089856148 0.7000000000000001
      vertex 10.731213428080082 -10.453979089856148 0
      vertex 10.888859532773495 -10.337060771882534 0.7000000000000001
    endloop
  endfacet
  facet normal 0.5141026761064927 -0.8577286508098833 0
    outer loop
      vertex 10.888859532773495 -10.337060771882534 0.7000000000000001
      vertex 10.888859532773495 -10.337060771882534 0
      vertex 10.899999998509884 -10.3303834348917 0.7000000000000001
    endloop
  endfacet
  facet normal -1 0 0
    outer loop
      vertex 12.350000001490116 -11.649999998509884 0.7000000000000001
      vertex 12.350000001490116 -9.149999998509884 0.7000000000000001
      vertex 12.350000001490116 -9.149999998509884 0
    endloop
  endfacet
  facet normal 0.9891765129441309 0.14673045437021512 0
    outer loop
      vertex 13.34349937736988 -11.867676861584187 0.7000000000000001
      vertex 13.34349937736988 -11.867676861584187 0
      vertex 13.324060127139091 -11.73662806302309 0.7000000000000001
    endloop
  endfacet
  facet normal 0.9700312551900827 0.2429801719366269 0
    outer loop
      vertex 13.324060127139091 -11.73662806302309 0.7000000000000001
      vertex 13.324060127139091 -11.73662806302309 0
      vertex 13.291869454085827 -11.608115687966347 0.7000000000000001
    endloop
  endfacet
  facet normal 0.9415440655395342 0.33688985239583175 0
    outer loop
      vertex 13.291869454085827 -11.608115687966347 0.7000000000000001
      vertex 13.291869454085827 -11.608115687966347 0
      vertex 13.247237369418144 -11.483377367258072 0.7000000000000001
    endloop
  endfacet
  facet normal 0.9039892897684826 0.4275551005237505 0
    outer loop
      vertex 13.247237369418144 -11.483377367258072 0.7000000000000001
      vertex 13.247237369418144 -11.483377367258072 0
      vertex 13.19059370458126 -11.363614402711391 0.7000000000000001
    endloop
  endfacet
  facet normal 0.8577286041288299 0.5141027539891311 0
    outer loop
      vertex 13.19059370458126 -11.363614402711391 0.7000000000000001
      vertex 13.19059370458126 -11.363614402711391 0
      vertex 13.122483976185322 -11.249980188906193 0.7000000000000001
    endloop
  endfacet
  facet normal 0.8032075365756902 0.59569929762256 0
    outer loop
      vertex 13.122483976185322 -11.249980188906193 0.7000000000000001
      vertex 13.122483976185322 -11.249980188906193 0
      vertex 13.043564110994339 -11.143569067120552 0.7000000000000001
    endloop
  endfacet
  facet normal 0.6715589237592672 0.7409511535312534 0
    outer loop
      vertex 12.954594157636166 -11.045405842363834 0.7000000000000001
      vertex 12.954594157636166 -11.045405842363834 0
      vertex 12.856430932879448 -10.956435889005661 0.7000000000000001
    endloop
  endfacet
  facet normal 0.7409511535312534 0.6715589237592672 0
    outer loop
      vertex 13.043564110994339 -11.143569067120552 0.7000000000000001
      vertex 13.043564110994339 -11.143569067120552 0
      vertex 12.954594157636166 -11.045405842363834 0.7000000000000001
    endloop
  endfacet
  facet normal 0.5141027539891311 0.8577286041288299 0
    outer loop
      vertex 12.750019811093807 -10.877516023814678 0.7000000000000001
      vertex 12.750019811093807 -10.877516023814678 0
      vertex 12.636385597288609 -10.80940629541874 0.7000000000000001
    endloop
  endfacet
  facet normal 0.4275551015229566 0.9039892892958933 0
    outer loop
      vertex 12.636385597288609 -10.80940629541874 0.7000000000000001
      vertex 12.636385597288609 -10.80940629541874 0
      vertex 12.61649765074253 -10.799999997019768 0.7000000000000001
    endloop
  endfacet
  facet normal 0 -1 0
    outer loop
      vertex 12.61649765074253 -10.799999997019768 0.7000000000000001
      vertex 12.61649765074253 -10.799999997019768 0
      vertex 13.100000001490116 -10.799999997019768 0.7000000000000001
    endloop
  endfacet
  facet normal 0.59569929762256 0.8032075365756902 0
    outer loop
      vertex 12.856430932879448 -10.956435889005661 0.7000000000000001
      vertex 12.856430932879448 -10.956435889005661 0
      vertex 12.750019811093807 -10.877516023814678 0.7000000000000001
    endloop
  endfacet
  facet normal -0.8577286153979924 -0.514102735187669 0
    outer loop
      vertex 13.763842530548573 -11.057206526398659 0.7000000000000001
      vertex 13.662939228117466 -10.888859532773495 0.7000000000000001
      vertex 13.662939228117466 -10.888859532773495 0
    endloop
  endfacet
  facet normal -0.8032075356003305 -0.5956992989376801 0
    outer loop
      vertex 13.546020910143852 -10.731213428080082 0.7000000000000001
      vertex 13.546020910143852 -10.731213428080082 0
      vertex 13.662939228117466 -10.888859532773495 0.7000000000000001
    endloop
  endfacet
  facet normal -0.9987954563973425 -0.049067670415704694 0
    outer loop
      vertex 14 -12 0.7000000000000001
      vertex 13.990369454026222 -11.803965717554092 0.7000000000000001
      vertex 13.990369454026222 -11.803965717554092 0
    endloop
  endfacet
  facet normal -0.989176509724005 -0.14673047607854156 0
    outer loop
      vertex 13.990369454026222 -11.803965717554092 0.7000000000000001
      vertex 13.96157056093216 -11.6098193526268 0.7000000000000001
      vertex 13.96157056093216 -11.6098193526268 0
    endloop
  endfacet
  facet normal -0.9700312492284537 -0.24298019573678306 0
    outer loop
      vertex 13.96157056093216 -11.6098193526268 0.7000000000000001
      vertex 13.913880668580532 -11.419430643320084 0.7000000000000001
      vertex 13.913880668580532 -11.419430643320084 0
    endloop
  endfacet
  facet normal -0.9415440748392878 -0.3368898264047599 0
    outer loop
      vertex 13.913880668580532 -11.419430643320084 0.7000000000000001
      vertex 13.847759068012238 -11.234633132815361 0.7000000000000001
      vertex 13.847759068012238 -11.234633132815361 0
    endloop
  endfacet
  facet normal -0.9039892885496102 -0.42755510310083966 0
    outer loop
      vertex 13.847759068012238 -11.234633132815361 0.7000000000000001
      vertex 13.763842530548573 -11.057206526398659 0.7000000000000001
      vertex 13.763842530548573 -11.057206526398659 0
    endloop
  endfacet
  facet normal 1 0 0
    outer loop
      vertex 13.100000001490116 -10.799999997019768 0.7000000000000001
      vertex 13.100000001490116 -10.799999997019768 0
      vertex 13.100000001490116 -10.3303834348917 0.7000000000000001
    endloop
  endfacet
  facet normal -0.5141026761064927 -0.8577286508098833 0
    outer loop
      vertex 13.111140467226505 -10.337060771882534 0.7000000000000001
      vertex 13.100000001490116 -10.3303834348917 0.7000000000000001
      vertex 13.100000001490116 -10.3303834348917 0
    endloop
  endfacet
  facet normal -0.671558983390028 -0.7409510994850821 0
    outer loop
      vertex 13.414213560521603 -10.585786439478397 0.7000000000000001
      vertex 13.268786571919918 -10.453979089856148 0.7000000000000001
      vertex 13.268786571919918 -10.453979089856148 0
    endloop
  endfacet
  facet normal -0.7409510994850821 -0.671558983390028 0
    outer loop
      vertex 13.546020910143852 -10.731213428080082 0.7000000000000001
      vertex 13.414213560521603 -10.585786439478397 0.7000000000000001
      vertex 13.414213560521603 -10.585786439478397 0
    endloop
  endfacet
  facet normal -0.5956992989376801 -0.8032075356003305 0
    outer loop
      vertex 13.268786571919918 -10.453979089856148 0.7000000000000001
      vertex 13.111140467226505 -10.337060771882534 0.7000000000000001
      vertex 13.111140467226505 -10.337060771882534 0
    endloop
  endfacet
  facet normal 0 0 -1
    outer loop
      vertex 10.888859532773495 -13.662939228117466 0.7000000000000001
      vertex 10.731213428080082 -13.546020910143852 0.7000000000000001
      vertex 11.143569067120552 -13.043564110994339 0.7000000000000001
    endloop
  endfacet
  facet normal 0 0 -1
    outer loop
      vertex 11.057206526398659 -13.763842530548573 0.7000000000000001
      vertex 10.888859532773495 -13.662939228117466 0.7000000000000001
      vertex 11.249980188906193 -13.122483976185322 0.7000000000000001
    endloop
  endfacet
  facet normal 0 0 -1
    outer loop
      vertex 11.234633132815361 -13.847759068012238 0.7000000000000001
      vertex 11.057206526398659 -13.763842530548573 0.7000000000000001
      vertex 11.363614402711391 -13.19059370458126 0.7000000000000001
    endloop
  endfacet
  facet normal 0 0 -1
    outer loop
      vertex 10.731213428080082 -13.546020910143852 0.7000000000000001
      vertex 10.585786439478397 -13.414213560521603 0.7000000000000001
      vertex 11.045405842363834 -12.954594157636166 0.7000000000000001
    endloop
  endfacet
  facet normal 0 0 -1
    outer loop
      vertex 10.453979089856148 -13.268786571919918 0.7000000000000001
      vertex 10.956435889005661 -12.856430932879448 0.7000000000000001
      vertex 10.585786439478397 -13.414213560521603 0.7000000000000001
    endloop
  endfacet
  facet normal 0 0 -1
    outer loop
      vertex 10.585786439478397 -13.414213560521603 0.7000000000000001
      vertex 10.956435889005661 -12.856430932879448 0.7000000000000001
      vertex 11.045405842363834 -12.954594157636166 0.7000000000000001
    endloop
  endfacet
  facet normal 0 0 -1
    outer loop
      vertex 11.057206526398659 -13.763842530548573 0.7000000000000001
      vertex 11.249980188906193 -13.122483976185322 0.7000000000000001
      vertex 11.363614402711391 -13.19059370458126 0.7000000000000001
    endloop
  endfacet
  facet normal 0 0 -1
    outer loop
      vertex 10.888859532773495 -13.662939228117466 0.7000000000000001
      vertex 11.143569067120552 -13.043564110994339 0.7000000000000001
      vertex 11.249980188906193 -13.122483976185322 0.7000000000000001
    endloop
  endfacet
  facet normal 0 0 -1
    outer loop
      vertex 10.731213428080082 -13.546020910143852 0.7000000000000001
      vertex 11.045405842363834 -12.954594157636166 0.7000000000000001
      vertex 11.143569067120552 -13.043564110994339 0.7000000000000001
    endloop
  endfacet
  facet normal 0 0 -1
    outer loop
      vertex 11.419430643320084 -13.913880668580532 0.7000000000000001
      vertex 11.234633132815361 -13.847759068012238 0.7000000000000001
      vertex 11.483377367258072 -13.247237369418144 0.7000000000000001
    endloop
  endfacet
  facet normal 0 0 -1
    outer loop
      vertex 11.419430643320084 -13.913880668580532 0.7000000000000001
      vertex 11.608115687966347 -13.291869454085827 0.7000000000000001
      vertex 11.6098193526268 -13.96157056093216 0.7000000000000001
    endloop
  endfacet
  facet normal 0 0 -1
    outer loop
      vertex 11.6098193526268 -13.96157056093216 0.7000000000000001
      vertex 11.73662806302309 -13.324060127139091 0.7000000000000001
      vertex 11.803965717554092 -13.990369454026222 0.7000000000000001
    endloop
  endfacet
  facet normal 0 0 -1
    outer loop
      vertex 11.803965717554092 -13.990369454026222 0.7000000000000001
      vertex 11.867676861584187 -13.34349937736988 0.7000000000000001
      vertex 12 -14 0.7000000000000001
    endloop
  endfacet
  facet normal 0 0 -1
    outer loop
      vertex 12 -14 0.7000000000000001
      vertex 12 -13.350000001490116 0.7000000000000001
      vertex 12.196034282445908 -13.990369454026222 0.7000000000000001
    endloop
  endfacet
  facet normal 0 0 -1
    outer loop
      vertex 12.196034282445908 -13.990369454026222 0.7000000000000001
      vertex 12.132323138415813 -13.34349937736988 0.7000000000000001
      vertex 12.3901806473732 -13.96157056093216 0.7000000000000001
    endloop
  endfacet
  facet normal 0 0 -1
    outer loop
      vertex 12.3901806473732 -13.96157056093216 0.7000000000000001
      vertex 12.26337193697691 -13.324060127139091 0.7000000000000001
      vertex 12.580569356679916 -13.913880668580532 0.7000000000000001
    endloop
  endfacet
  facet normal 0 0 -1
    outer loop
      vertex 11.234633132815361 -13.847759068012238 0.7000000000000001
      vertex 11.363614402711391 -13.19059370458126 0.7000000000000001
      vertex 11.483377367258072 -13.247237369418144 0.7000000000000001
    endloop
  endfacet
  facet normal 0 0 -1
    outer loop
      vertex 11.419430643320084 -13.913880668580532 0.7000000000000001
      vertex 11.483377367258072 -13.247237369418144 0.7000000000000001
      vertex 11.608115687966347 -13.291869454085827 0.7000000000000001
    endloop
  endfacet
  facet normal 0 0 -1
    outer loop
      vertex 11.6098193526268 -13.96157056093216 0.7000000000000001
      vertex 11.608115687966347 -13.291869454085827 0.7000000000000001
      vertex 11.73662806302309 -13.324060127139091 0.7000000000000001
    endloop
  endfacet
  facet normal 0 0 -1
    outer loop
      vertex 11.803965717554092 -13.990369454026222 0.7000000000000001
      vertex 11.73662806302309 -13.324060127139091 0.7000000000000001
      vertex 11.867676861584187 -13.34349937736988 0.7000000000000001
    endloop
  endfacet
  facet normal 0 0 -1
    outer loop
      vertex 12 -14 0.7000000000000001
      vertex 11.867676861584187 -13.34349937736988 0.7000000000000001
      vertex 12 -13.350000001490116 0.7000000000000001
    endloop
  endfacet
  facet normal 0 0 -1
    outer loop
      vertex 12.196034282445908 -13.990369454026222 0.7000000000000001
      vertex 12 -13.350000001490116 0.7000000000000001
      vertex 12.132323138415813 -13.34349937736988 0.7000000000000001
    endloop
  endfacet
  facet normal 0 0 -1
    outer loop
      vertex 12.3901806473732 -13.96157056093216 0.7000000000000001
      vertex 12.132323138415813 -13.34349937736988 0.7000000000000001
      vertex 12.26337193697691 -13.324060127139091 0.7000000000000001
    endloop
  endfacet
  facet normal 0 0 -1
    outer loop
      vertex 12.580569356679916 -13.913880668580532 0.7000000000000001
      vertex 12.26337193697691 -13.324060127139091 0.7000000000000001
      vertex 12.391884312033653 -13.291869454085827 0.7000000000000001
    endloop
  endfacet
  facet normal 0 0 -1
    outer loop
      vertex 10.453979089856148 -13.268786571919918 0.7000000000000001
      vertex 10.337060771882534 -13.111140467226505 0.7000000000000001
      vertex 10.877516023814678 -12.750019811093807 0.7000000000000001
    endloop
  endfacet
  facet normal 0 0 -1
    outer loop
      vertex 10.337060771882534 -13.111140467226505 0.7000000000000001
      vertex 10.236157469451427 -12.942793473601341 0.7000000000000001
      vertex 10.80940629541874 -12.636385597288609 0.7000000000000001
    endloop
  endfacet
  facet normal 0 0 -1
    outer loop
      vertex 10.236157469451427 -12.942793473601341 0.7000000000000001
      vertex 10.152240931987762 -12.765366867184639 0.7000000000000001
      vertex 10.752762630581856 -12.516622632741928 0.7000000000000001
    endloop
  endfacet
  facet normal 0 0 -1
    outer loop
      vertex 10.236157469451427 -12.942793473601341 0.7000000000000001
      vertex 10.752762630581856 -12.516622632741928 0.7000000000000001
      vertex 10.80940629541874 -12.636385597288609 0.7000000000000001
    endloop
  endfacet
  facet normal 0 0 -1
    outer loop
      vertex 10.152240931987762 -12.765366867184639 0.7000000000000001
      vertex 10.086119331419468 -12.580569356679916 0.7000000000000001
      vertex 10.708130545914173 -12.391884312033653 0.7000000000000001
    endloop
  endfacet
  facet normal 0 0 -1
    outer loop
      vertex 10.152240931987762 -12.765366867184639 0.7000000000000001
      vertex 10.708130545914173 -12.391884312033653 0.7000000000000001
      vertex 10.752762630581856 -12.516622632741928 0.7000000000000001
    endloop
  endfacet
  facet normal 0 0 -1
    outer loop
      vertex 10.453979089856148 -13.268786571919918 0.7000000000000001
      vertex 10.877516023814678 -12.750019811093807 0.7000000000000001
      vertex 10.956435889005661 -12.856430932879448 0.7000000000000001
    endloop
  endfacet
  facet normal 0 0 -1
    outer loop
      vertex 10.337060771882534 -13.111140467226505 0.7000000000000001
      vertex 10.80940629541874 -12.636385597288609 0.7000000000000001
      vertex 10.877516023814678 -12.750019811093807 0.7000000000000001
    endloop
  endfacet
  facet normal 0 0 -1
    outer loop
      vertex 10.086119331419468 -12.580569356679916 0.7000000000000001
      vertex 10.03842943906784 -12.3901806473732 0.7000000000000001
      vertex 10.675939872860909 -12.26337193697691 0.7000000000000001
    endloop
  endfacet
  facet normal 0 0 -1
    outer loop
      vertex 10.03842943906784 -12.3901806473732 0.7000000000000001
      vertex 10.009630545973778 -12.196034282445908 0.7000000000000001
      vertex 10.65650062263012 -12.132323138415813 0.7000000000000001
    endloop
  endfacet
  facet normal 0 0 -1
    outer loop
      vertex 10.086119331419468 -12.580569356679916 0.7000000000000001
      vertex 10.675939872860909 -12.26337193697691 0.7000000000000001
      vertex 10.708130545914173 -12.391884312033653 0.7000000000000001
    endloop
  endfacet
  facet normal 0 0 -1
    outer loop
      vertex 10.03842943906784 -12.3901806473732 0.7000000000000001
      vertex 10.65650062263012 -12.132323138415813 0.7000000000000001
      vertex 10.675939872860909 -12.26337193697691 0.7000000000000001
    endloop
  endfacet
  facet normal 0 0 -1
    outer loop
      vertex 10.009630545973778 -12.196034282445908 0.7000000000000001
      vertex 10 -12 0.7000000000000001
      vertex 10.649999998509884 -12 0.7000000000000001
    endloop
  endfacet
  facet normal 0 0 -1
    outer loop
      vertex 10 -12 0.7000000000000001
      vertex 10.009630545973778 -11.803965717554092 0.7000000000000001
      vertex 10.65650062263012 -11.867676861584187 0.7000000000000001
    endloop
  endfacet
  facet normal 0 0 -1
    outer loop
      vertex 10.009630545973778 -12.196034282445908 0.7000000000000001
      vertex 10.649999998509884 -12 0.7000000000000001
      vertex 10.65650062263012 -12.132323138415813 0.7000000000000001
    endloop
  endfacet
  facet normal 0 0 -1
    outer loop
      vertex 10 -12 0.7000000000000001
      vertex 10.65650062263012 -11.867676861584187 0.7000000000000001
      vertex 10.649999998509884 -12 0.7000000000000001
    endloop
  endfacet
  facet normal 0 0 -1
    outer loop
      vertex 12.580569356679916 -13.913880668580532 0.7000000000000001
      vertex 12.391884312033653 -13.291869454085827 0.7000000000000001
      vertex 12.765366867184639 -13.847759068012238 0.7000000000000001
    endloop
  endfacet
  facet normal 0 0 -1
    outer loop
      vertex 12.516622632741928 -13.247237369418144 0.7000000000000001
      vertex 12.942793473601341 -13.763842530548573 0.7000000000000001
      vertex 12.765366867184639 -13.847759068012238 0.7000000000000001
    endloop
  endfacet
  facet normal 0 0 -1
    outer loop
      vertex 12.391884312033653 -13.291869454085827 0.7000000000000001
      vertex 12.516622632741928 -13.247237369418144 0.7000000000000001
      vertex 12.765366867184639 -13.847759068012238 0.7000000000000001
    endloop
  endfacet
  facet normal 0 0 -1
    outer loop
      vertex 12.516622632741928 -13.247237369418144 0.7000000000000001
      vertex 12.636385597288609 -13.19059370458126 0.7000000000000001
      vertex 12.942793473601341 -13.763842530548573 0.7000000000000001
    endloop
  endfacet
  facet normal 0 0 -1
    outer loop
      vertex 12.942793473601341 -13.763842530548573 0.7000000000000001
      vertex 12.636385597288609 -13.19059370458126 0.7000000000000001
      vertex 13.111140467226505 -13.662939228117466 0.7000000000000001
    endloop
  endfacet
  facet normal 0 0 -1
    outer loop
      vertex 13.111140467226505 -13.662939228117466 0.7000000000000001
      vertex 12.750019811093807 -13.122483976185322 0.7000000000000001
      vertex 13.268786571919918 -13.546020910143852 0.7000000000000001
    endloop
  endfacet
  facet normal 0 0 -1
    outer loop
      vertex 13.111140467226505 -13.662939228117466 0.7000000000000001
      vertex 12.636385597288609 -13.19059370458126 0.7000000000000001
      vertex 12.750019811093807 -13.122483976185322 0.7000000000000001
    endloop
  endfacet
  facet normal 0 0 -1
    outer loop
      vertex 13.268786571919918 -13.546020910143852 0.7000000000000001
      vertex 12.750019811093807 -13.122483976185322 0.7000000000000001
      vertex 12.856430932879448 -13.043564110994339 0.7000000000000001
    endloop
  endfacet
  facet normal 0 0 -1
    outer loop
      vertex 13.414213560521603 -13.414213560521603 0.7000000000000001
      vertex 12.856430932879448 -13.043564110994339 0.7000000000000001
      vertex 12.954594157636166 -12.954594157636166 0.7000000000000001
    endloop
  endfacet
  facet normal 0 0 -1
    outer loop
      vertex 13.268786571919918 -13.546020910143852 0.7000000000000001
      vertex 12.856430932879448 -13.043564110994339 0.7000000000000001
      vertex 13.414213560521603 -13.414213560521603 0.7000000000000001
    endloop
  endfacet
  facet normal 0 0 -1
    outer loop
      vertex 13.414213560521603 -13.414213560521603 0.7000000000000001
      vertex 12.954594157636166 -12.954594157636166 0.7000000000000001
      vertex 13.546020910143852 -13.268786571919918 0.7000000000000001
    endloop
  endfacet
  facet normal 0 0 -1
    outer loop
      vertex 13.546020910143852 -13.268786571919918 0.7000000000000001
      vertex 13.043564110994339 -12.856430932879448 0.7000000000000001
      vertex 13.662939228117466 -13.111140467226505 0.7000000000000001
    endloop
  endfacet
  facet normal 0 0 -1
    outer loop
      vertex 13.546020910143852 -13.268786571919918 0.7000000000000001
      vertex 12.954594157636166 -12.954594157636166 0.7000000000000001
      vertex 13.043564110994339 -12.856430932879448 0.7000000000000001
    endloop
  endfacet
  facet normal 0 0 -1
    outer loop
      vertex 13.043564110994339 -12.856430932879448 0.7000000000000001
      vertex 13.122483976185322 -12.750019811093807 0.7000000000000001
      vertex 13.662939228117466 -13.111140467226505 0.7000000000000001
    endloop
  endfacet
  facet normal 0 0 -1
    outer loop
      vertex 13.763842530548573 -12.942793473601341 0.7000000000000001
      vertex 13.122483976185322 -12.750019811093807 0.7000000000000001
      vertex 13.19059370458126 -12.636385597288609 0.7000000000000001
    endloop
  endfacet
  facet normal 0 0 -1
    outer loop
      vertex 13.662939228117466 -13.111140467226505 0.7000000000000001
      vertex 13.122483976185322 -12.750019811093807 0.7000000000000001
      vertex 13.763842530548573 -12.942793473601341 0.7000000000000001
    endloop
  endfacet
  facet normal 0 0 -1
    outer loop
      vertex 13.763842530548573 -12.942793473601341 0.7000000000000001
      vertex 13.19059370458126 -12.636385597288609 0.7000000000000001
      vertex 13.847759068012238 -12.765366867184639 0.7000000000000001
    endloop
  endfacet
  facet normal 0 0 -1
    outer loop
      vertex 13.19059370458126 -12.636385597288609 0.7000000000000001
      vertex 13.247237369418144 -12.516622632741928 0.7000000000000001
      vertex 13.847759068012238 -12.765366867184639 0.7000000000000001
    endloop
  endfacet
  facet normal 0 0 -1
    outer loop
      vertex 13.247237369418144 -12.516622632741928 0.7000000000000001
      vertex 13.913880668580532 -12.580569356679916 0.7000000000000001
      vertex 13.847759068012238 -12.765366867184639 0.7000000000000001
    endloop
  endfacet
  facet normal 0 0 -1
    outer loop
      vertex 13.247237369418144 -12.516622632741928 0.7000000000000001
      vertex 13.291869454085827 -12.391884312033653 0.7000000000000001
      vertex 13.913880668580532 -12.580569356679916 0.7000000000000001
    endloop
  endfacet
  facet normal 0 0 -1
    outer loop
      vertex 13.291869454085827 -12.391884312033653 0.7000000000000001
      vertex 13.324060127139091 -12.26337193697691 0.7000000000000001
      vertex 13.96157056093216 -12.3901806473732 0.7000000000000001
    endloop
  endfacet
  facet normal 0 0 -1
    outer loop
      vertex 13.291869454085827 -12.391884312033653 0.7000000000000001
      vertex 13.96157056093216 -12.3901806473732 0.7000000000000001
      vertex 13.913880668580532 -12.580569356679916 0.7000000000000001
    endloop
  endfacet
  facet normal 0 0 -1
    outer loop
      vertex 13.324060127139091 -12.26337193697691 0.7000000000000001
      vertex 13.34349937736988 -12.132323138415813 0.7000000000000001
      vertex 13.990369454026222 -12.196034282445908 0.7000000000000001
    endloop
  endfacet
  facet normal 0 0 -1
    outer loop
      vertex 13.34349937736988 -12.132323138415813 0.7000000000000001
      vertex 13.350000001490116 -12 0.7000000000000001
      vertex 14 -12 0.7000000000000001
    endloop
  endfacet
  facet normal 0 0 -1
    outer loop
      vertex 13.350000001490116 -12 0.7000000000000001
      vertex 13.34349937736988 -11.867676861584187 0.7000000000000001
      vertex 13.990369454026222 -11.803965717554092 0.7000000000000001
    endloop
  endfacet
  facet normal 0 0 -1
    outer loop
      vertex 13.324060127139091 -12.26337193697691 0.7000000000000001
      vertex 13.990369454026222 -12.196034282445908 0.7000000000000001
      vertex 13.96157056093216 -12.3901806473732 0.7000000000000001
    endloop
  endfacet
  facet normal 0 0 -1
    outer loop
      vertex 13.34349937736988 -12.132323138415813 0.7000000000000001
      vertex 14 -12 0.7000000000000001
      vertex 13.990369454026222 -12.196034282445908 0.7000000000000001
    endloop
  endfacet
  facet normal 0 0 -1
    outer loop
      vertex 13.350000001490116 -12 0.7000000000000001
      vertex 13.990369454026222 -11.803965717554092 0.7000000000000001
      vertex 14 -12 0.7000000000000001
    endloop
  endfacet
  facet normal 0 0 -1
    outer loop
      vertex 10.009630545973778 -11.803965717554092 0.7000000000000001
      vertex 10.03842943906784 -11.6098193526268 0.7000000000000001
      vertex 10.675939872860909 -11.73662806302309 0.7000000000000001
    endloop
  endfacet
  facet normal 0 0 -1
    outer loop
      vertex 10.009630545973778 -11.803965717554092 0.7000000000000001
      vertex 10.675939872860909 -11.73662806302309 0.7000000000000001
      vertex 10.65650062263012 -11.867676861584187 0.7000000000000001
    endloop
  endfacet
  facet normal 0 0 -1
    outer loop
      vertex 10.675939872860909 -11.73662806302309 0.7000000000000001
      vertex 10.03842943906784 -11.6098193526268 0.7000000000000001
      vertex 10.708130545914173 -11.608115687966347 0.7000000000000001
    endloop
  endfacet
  facet normal 0 0 -1
    outer loop
      vertex 10.03842943906784 -11.6098193526268 0.7000000000000001
      vertex 10.086119331419468 -11.419430643320084 0.7000000000000001
      vertex 10.708130545914173 -11.608115687966347 0.7000000000000001
    endloop
  endfacet
  facet normal 0 0 -1
    outer loop
      vertex 10.086119331419468 -11.419430643320084 0.7000000000000001
      vertex 10.752762630581856 -11.483377367258072 0.7000000000000001
      vertex 10.708130545914173 -11.608115687966347 0.7000000000000001
    endloop
  endfacet
  facet normal 0 0 -1
    outer loop
      vertex 10.086119331419468 -11.419430643320084 0.7000000000000001
      vertex 10.152240931987762 -11.234633132815361 0.7000000000000001
      vertex 10.752762630581856 -11.483377367258072 0.7000000000000001
    endloop
  endfacet
  facet normal 0 0 -1
    outer loop
      vertex 10.152240931987762 -11.234633132815361 0.7000000000000001
      vertex 10.80940629541874 -11.363614402711391 0.7000000000000001
      vertex 10.752762630581856 -11.483377367258072 0.7000000000000001
    endloop
  endfacet
  facet normal 0 0 -1
    outer loop
      vertex 10.152240931987762 -11.234633132815361 0.7000000000000001
      vertex 10.236157469451427 -11.057206526398659 0.7000000000000001
      vertex 10.80940629541874 -11.363614402711391 0.7000000000000001
    endloop
  endfacet
  facet normal 0 0 -1
    outer loop
      vertex 10.236157469451427 -11.057206526398659 0.7000000000000001
      vertex 10.337060771882534 -10.888859532773495 0.7000000000000001
      vertex 10.899999998509884 -10.799999997019768 0.7000000000000001
    endloop
  endfacet
  facet normal 0 0 -1
    outer loop
      vertex 10.337060771882534 -10.888859532773495 0.7000000000000001
      vertex 10.453979089856148 -10.731213428080082 0.7000000000000001
      vertex 10.899999998509884 -10.799999997019768 0.7000000000000001
    endloop
  endfacet
  facet normal 0 0 -1
    outer loop
      vertex 10.236157469451427 -11.057206526398659 0.7000000000000001
      vertex 10.877516023814678 -11.249980188906193 0.7000000000000001
      vertex 10.80940629541874 -11.363614402711391 0.7000000000000001
    endloop
  endfacet
  facet normal 0 0 -1
    outer loop
      vertex 10.236157469451427 -11.057206526398659 0.7000000000000001
      vertex 10.956435889005661 -11.143569067120552 0.7000000000000001
      vertex 10.877516023814678 -11.249980188906193 0.7000000000000001
    endloop
  endfacet
  facet normal 0 0 -1
    outer loop
      vertex 10.236157469451427 -11.057206526398659 0.7000000000000001
      vertex 10.899999998509884 -10.799999997019768 0.7000000000000001
      vertex 10.956435889005661 -11.143569067120552 0.7000000000000001
    endloop
  endfacet
  facet normal 0 0 -1
    outer loop
      vertex 10.956435889005661 -11.143569067120552 0.7000000000000001
      vertex 10.899999998509884 -10.799999997019768 0.7000000000000001
      vertex 11.045405842363834 -11.045405842363834 0.7000000000000001
    endloop
  endfacet
  facet normal 0 0 -1
    outer loop
      vertex 10.453979089856148 -10.731213428080082 0.7000000000000001
      vertex 10.585786439478397 -10.585786439478397 0.7000000000000001
      vertex 10.899999998509884 -10.799999997019768 0.7000000000000001
    endloop
  endfacet
  facet normal 0 0 -1
    outer loop
      vertex 11.045405842363834 -11.045405842363834 0.7000000000000001
      vertex 10.899999998509884 -10.799999997019768 0.7000000000000001
      vertex 11.143569067120552 -10.956435889005661 0.7000000000000001
    endloop
  endfacet
  facet normal 0 0 -1
    outer loop
      vertex 10.899999998509884 -10.799999997019768 0.7000000000000001
      vertex 11.249980188906193 -10.877516023814678 0.7000000000000001
      vertex 11.143569067120552 -10.956435889005661 0.7000000000000001
    endloop
  endfacet
  facet normal 0 0 -1
    outer loop
      vertex 10.899999998509884 -10.799999997019768 0.7000000000000001
      vertex 11.363614402711391 -10.80940629541874 0.7000000000000001
      vertex 11.249980188906193 -10.877516023814678 0.7000000000000001
    endloop
  endfacet
  facet normal 0 0 -1
    outer loop
      vertex 10.899999998509884 -10.799999997019768 0.7000000000000001
      vertex 11.38350234925747 -10.799999997019768 0.7000000000000001
      vertex 11.363614402711391 -10.80940629541874 0.7000000000000001
    endloop
  endfacet
  facet normal 0 0 -1
    outer loop
      vertex 11.649999998509884 -11.649999998509884 0.7000000000000001
      vertex 11.649999998509884 -9.149999998509884 0.7000000000000001
      vertex 12.350000001490116 -11.649999998509884 0.7000000000000001
    endloop
  endfacet
  facet normal 0 0 -1
    outer loop
      vertex 10.899999998509884 -10.799999997019768 0.7000000000000001
      vertex 10.585786439478397 -10.585786439478397 0.7000000000000001
      vertex 10.731213428080082 -10.453979089856148 0.7000000000000001
    endloop
  endfacet
  facet normal 0 0 -1
    outer loop
      vertex 10.899999998509884 -10.799999997019768 0.7000000000000001
      vertex 10.731213428080082 -10.453979089856148 0.7000000000000001
      vertex 10.888859532773495 -10.337060771882534 0.7000000000000001
    endloop
  endfacet
  facet normal 0 0 -1
    outer loop
      vertex 10.899999998509884 -10.799999997019768 0.7000000000000001
      vertex 10.888859532773495 -10.337060771882534 0.7000000000000001
      vertex 10.899999998509884 -10.3303834348917 0.7000000000000001
    endloop
  endfacet
  facet normal 0 0 -1
    outer loop
      vertex 12.350000001490116 -11.649999998509884 0.7000000000000001
      vertex 11.649999998509884 -9.149999998509884 0.7000000000000001
      vertex 12.350000001490116 -9.149999998509884 0.7000000000000001
    endloop
  endfacet
  facet normal 0 0 -1
    outer loop
      vertex 13.34349937736988 -11.867676861584187 0.7000000000000001
      vertex 13.324060127139091 -11.73662806302309 0.7000000000000001
      vertex 13.96157056093216 -11.6098193526268 0.7000000000000001
    endloop
  endfacet
  facet normal 0 0 -1
    outer loop
      vertex 13.324060127139091 -11.73662806302309 0.7000000000000001
      vertex 13.291869454085827 -11.608115687966347 0.7000000000000001
      vertex 13.913880668580532 -11.419430643320084 0.7000000000000001
    endloop
  endfacet
  facet normal 0 0 -1
    outer loop
      vertex 13.324060127139091 -11.73662806302309 0.7000000000000001
      vertex 13.913880668580532 -11.419430643320084 0.7000000000000001
      vertex 13.96157056093216 -11.6098193526268 0.7000000000000001
    endloop
  endfacet
  facet normal 0 0 -1
    outer loop
      vertex 13.247237369418144 -11.483377367258072 0.7000000000000001
      vertex 13.19059370458126 -11.363614402711391 0.7000000000000001
      vertex 13.763842530548573 -11.057206526398659 0.7000000000000001
    endloop
  endfacet
  facet normal 0 0 -1
    outer loop
      vertex 13.291869454085827 -11.608115687966347 0.7000000000000001
      vertex 13.247237369418144 -11.483377367258072 0.7000000000000001
      vertex 13.847759068012238 -11.234633132815361 0.7000000000000001
    endloop
  endfacet
  facet normal 0 0 -1
    outer loop
      vertex 13.291869454085827 -11.608115687966347 0.7000000000000001
      vertex 13.847759068012238 -11.234633132815361 0.7000000000000001
      vertex 13.913880668580532 -11.419430643320084 0.7000000000000001
    endloop
  endfacet
  facet normal 0 0 -1
    outer loop
      vertex 13.043564110994339 -11.143569067120552 0.7000000000000001
      vertex 12.954594157636166 -11.045405842363834 0.7000000000000001
      vertex 13.100000001490116 -10.799999997019768 0.7000000000000001
    endloop
  endfacet
  facet normal 0 0 -1
    outer loop
      vertex 12.636385597288609 -10.80940629541874 0.7000000000000001
      vertex 12.61649765074253 -10.799999997019768 0.7000000000000001
      vertex 13.100000001490116 -10.799999997019768 0.7000000000000001
    endloop
  endfacet
  facet normal 0 0 -1
    outer loop
      vertex 12.856430932879448 -10.956435889005661 0.7000000000000001
      vertex 12.750019811093807 -10.877516023814678 0.7000000000000001
      vertex 13.100000001490116 -10.799999997019768 0.7000000000000001
    endloop
  endfacet
  facet normal 0 0 -1
    outer loop
      vertex 12.954594157636166 -11.045405842363834 0.7000000000000001
      vertex 12.856430932879448 -10.956435889005661 0.7000000000000001
      vertex 13.100000001490116 -10.799999997019768 0.7000000000000001
    endloop
  endfacet
  facet normal 0 0 -1
    outer loop
      vertex 12.750019811093807 -10.877516023814678 0.7000000000000001
      vertex 12.636385597288609 -10.80940629541874 0.7000000000000001
      vertex 13.100000001490116 -10.799999997019768 0.7000000000000001
    endloop
  endfacet
  facet normal 0 0 -1
    outer loop
      vertex 13.19059370458126 -11.363614402711391 0.7000000000000001
      vertex 13.122483976185322 -11.249980188906193 0.7000000000000001
      vertex 13.763842530548573 -11.057206526398659 0.7000000000000001
    endloop
  endfacet
  facet normal 0 0 -1
    outer loop
      vertex 13.122483976185322 -11.249980188906193 0.7000000000000001
      vertex 13.043564110994339 -11.143569067120552 0.7000000000000001
      vertex 13.763842530548573 -11.057206526398659 0.7000000000000001
    endloop
  endfacet
  facet normal 0 0 -1
    outer loop
      vertex 13.043564110994339 -11.143569067120552 0.7000000000000001
      vertex 13.100000001490116 -10.799999997019768 0.7000000000000001
      vertex 13.763842530548573 -11.057206526398659 0.7000000000000001
    endloop
  endfacet
  facet normal 0 0 -1
    outer loop
      vertex 13.247237369418144 -11.483377367258072 0.7000000000000001
      vertex 13.763842530548573 -11.057206526398659 0.7000000000000001
      vertex 13.847759068012238 -11.234633132815361 0.7000000000000001
    endloop
  endfacet
  facet normal 0 0 -1
    outer loop
      vertex 13.100000001490116 -10.799999997019768 0.7000000000000001
      vertex 13.546020910143852 -10.731213428080082 0.7000000000000001
      vertex 13.662939228117466 -10.888859532773495 0.7000000000000001
    endloop
  endfacet
  facet normal 0 0 -1
    outer loop
      vertex 13.100000001490116 -10.799999997019768 0.7000000000000001
      vertex 13.414213560521603 -10.585786439478397 0.7000000000000001
      vertex 13.546020910143852 -10.731213428080082 0.7000000000000001
    endloop
  endfacet
  facet normal 0 0 -1
    outer loop
      vertex 13.763842530548573 -11.057206526398659 0.7000000000000001
      vertex 13.100000001490116 -10.799999997019768 0.7000000000000001
      vertex 13.662939228117466 -10.888859532773495 0.7000000000000001
    endloop
  endfacet
  facet normal 0 0 -1
    outer loop
      vertex 13.34349937736988 -11.867676861584187 0.7000000000000001
      vertex 13.96157056093216 -11.6098193526268 0.7000000000000001
      vertex 13.990369454026222 -11.803965717554092 0.7000000000000001
    endloop
  endfacet
  facet normal 0 0 -1
    outer loop
      vertex 13.100000001490116 -10.799999997019768 0.7000000000000001
      vertex 13.100000001490116 -10.3303834348917 0.7000000000000001
      vertex 13.111140467226505 -10.337060771882534 0.7000000000000001
    endloop
  endfacet
  facet normal 0 0 -1
    outer loop
      vertex 13.100000001490116 -10.799999997019768 0.7000000000000001
      vertex 13.268786571919918 -10.453979089856148 0.7000000000000001
      vertex 13.414213560521603 -10.585786439478397 0.7000000000000001
    endloop
  endfacet
  facet normal 0 0 -1
    outer loop
      vertex 13.100000001490116 -10.799999997019768 0.7000000000000001
      vertex 13.111140467226505 -10.337060771882534 0.7000000000000001
      vertex 13.268786571919918 -10.453979089856148 0.7000000000000001
    endloop
  endfacet
  facet normal 0 -1 0
    outer loop
      vertex 12.350000001490116 -9.149999998509884 0.7000000000000001
      vertex 11.649999998509884 -9.149999998509884 0
      vertex 12.350000001490116 -9.149999998509884 0
    endloop
  endfacet
  facet normal 0 -1 0
    outer loop
      vertex 11.649999998509884 -9.149999998509884 0.7000000000000001
      vertex 11.649999998509884 -9.149999998509884 0
      vertex 12.350000001490116 -9.149999998509884 0.7000000000000001
    endloop
  endfacet
  facet normal 1 0 0
    outer loop
      vertex 27.111100003123283 -12.881999999284744 0.7000000000000001
      vertex 27.111100003123283 -13.497720003128052 0
      vertex 27.111100003123283 -12.881999999284744 0
    endloop
  endfacet
  facet normal -0.3558000098940658 0.9345621182989298 0
    outer loop
      vertex 27.111100003123283 -13.497720003128052 0.7000000000000001
      vertex 29.89682000130415 -12.43716000020504 0
      vertex 27.111100003123283 -13.497720003128052 0
    endloop
  endfacet
  facet normal 0.3628750216077071 -0.93183781780587 0
    outer loop
      vertex 29.367899999022484 -12.003159999847412 0.7000000000000001
      vertex 27.111100003123283 -12.881999999284744 0
      vertex 29.367899999022484 -12.003159999847412 0
    endloop
  endfacet
  facet normal -1 0 0
    outer loop
      vertex 29.89682000130415 -12.43716000020504 0.7000000000000001
      vertex 29.89682000130415 -11.563720002770424 0
      vertex 29.89682000130415 -12.43716000020504 0
    endloop
  endfacet
  facet normal 1 0 0
    outer loop
      vertex 27.111100003123283 -13.497720003128052 0.7000000000000001
      vertex 27.111100003123283 -13.497720003128052 0
      vertex 27.111100003123283 -12.881999999284744 0.7000000000000001
    endloop
  endfacet
  facet normal 0.3628750216077071 -0.93183781780587 0
    outer loop
      vertex 27.111100003123283 -12.881999999284744 0.7000000000000001
      vertex 27.111100003123283 -12.881999999284744 0
      vertex 29.367899999022484 -12.003159999847412 0.7000000000000001
    endloop
  endfacet
  facet normal -0.3558000098940658 0.9345621182989298 5.320873097467942e-17
    outer loop
      vertex 27.111100003123283 -13.497720003128052 0.7000000000000001
      vertex 29.89682000130415 -12.43716000020504 0.7000000000000001
      vertex 29.89682000130415 -12.43716000020504 0
    endloop
  endfacet
  facet normal 1 0 0
    outer loop
      vertex 27.111100003123283 -10.503119997680187 0.7000000000000001
      vertex 27.111100003123283 -11.1216000020504 0
      vertex 27.111100003123283 -10.503119997680187 0
    endloop
  endfacet
  facet normal 0.3638496316921816 0.9314576992636132 0
    outer loop
      vertex 27.111100003123283 -11.1216000020504 0.7000000000000001
      vertex 29.367899999022484 -12.003159999847412 0
      vertex 27.111100003123283 -11.1216000020504 0
    endloop
  endfacet
  facet normal -0.3558117309696998 -0.9345576558481269 0
    outer loop
      vertex 29.89682000130415 -11.563720002770424 0.7000000000000001
      vertex 27.111100003123283 -10.503119997680187 0
      vertex 29.89682000130415 -11.563720002770424 0
    endloop
  endfacet
  facet normal 1 0 0
    outer loop
      vertex 27.111100003123283 -11.1216000020504 0.7000000000000001
      vertex 27.111100003123283 -11.1216000020504 0
      vertex 27.111100003123283 -10.503119997680187 0.7000000000000001
    endloop
  endfacet
  facet normal 0.3638496316921816 0.9314576992636132 0
    outer loop
      vertex 29.367899999022484 -12.003159999847412 0.7000000000000001
      vertex 29.367899999022484 -12.003159999847412 0
      vertex 27.111100003123283 -11.1216000020504 0.7000000000000001
    endloop
  endfacet
  facet normal -0.3558117309696998 -0.9345576558481269 0
    outer loop
      vertex 27.111100003123283 -10.503119997680187 0.7000000000000001
      vertex 27.111100003123283 -10.503119997680187 0
      vertex 29.89682000130415 -11.563720002770424 0.7000000000000001
    endloop
  endfacet
  facet normal -1 0 0
    outer loop
      vertex 29.89682000130415 -12.43716000020504 0.7000000000000001
      vertex 29.89682000130415 -11.563720002770424 0.7000000000000001
      vertex 29.89682000130415 -11.563720002770424 0
    endloop
  endfacet
  facet normal 0 0 -1
    outer loop
      vertex 27.111100003123283 -13.497720003128052 0.7000000000000001
      vertex 27.111100003123283 -12.881999999284744 0.7000000000000001
      vertex 29.367899999022484 -12.003159999847412 0.7000000000000001
    endloop
  endfacet
  facet normal 0 0 -1
    outer loop
      vertex 27.111100003123283 -13.497720003128052 0.7000000000000001
      vertex 29.367899999022484 -12.003159999847412 0.7000000000000001
      vertex 29.89682000130415 -12.43716000020504 0.7000000000000001
    endloop
  endfacet
  facet normal 0 0 -1
    outer loop
      vertex 29.367899999022484 -12.003159999847412 0.7000000000000001
      vertex 29.89682000130415 -11.563720002770424 0.7000000000000001
      vertex 29.89682000130415 -12.43716000020504 0.7000000000000001
    endloop
  endfacet
  facet normal 0 0 -1
    outer loop
      vertex 29.367899999022484 -12.003159999847412 0.7000000000000001
      vertex 27.111100003123283 -11.1216000020504 0.7000000000000001
      vertex 27.111100003123283 -10.503119997680187 0.7000000000000001
    endloop
  endfacet
  facet normal 0 0 -1
    outer loop
      vertex 29.367899999022484 -12.003159999847412 0.7000000000000001
      vertex 27.111100003123283 -10.503119997680187 0.7000000000000001
      vertex 29.89682000130415 -11.563720002770424 0.7000000000000001
    endloop
  endfacet
endsolid OpenSCAD_Model
