solid OpenSCAD_Model
  facet normal 0 -1 0
    outer loop
      vertex -37.75 -13.75 2.4
      vertex -36.349999999999994 -13.75 2.4
      vertex -36.349999999999994 -13.75 5.6
    endloop
  endfacet
  facet normal 0 -1 0
    outer loop
      vertex -37.75 -13.75 2.4
      vertex -36.349999999999994 -13.75 5.6
      vertex -37.75 -13.75 5.6
    endloop
  endfacet
  facet normal 1 0 0
    outer loop
      vertex -36.349999999999994 -13.75 2.4
      vertex -36.349999999999994 13.75 2.4
      vertex -36.349999999999994 -13.75 5.6
    endloop
  endfacet
  facet normal -1 0 0
    outer loop
      vertex -37.75 -13.75 2.4
      vertex -37.75 -13.75 5.6
      vertex -37.75 13.75 5.6
    endloop
  endfacet
  facet normal 0 0 1
    outer loop
      vertex -37.75 -13.75 5.6
      vertex -36.349999999999994 -13.75 5.6
      vertex -37.75 13.75 5.6
    endloop
  endfacet
  facet normal -1 0 0
    outer loop
      vertex -37.75 -13.75 2.4
      vertex -37.75 13.75 5.6
      vertex -37.75 13.75 2.4
    endloop
  endfacet
  facet normal 1 0 0
    outer loop
      vertex -36.349999999999994 -13.75 5.6
      vertex -36.349999999999994 13.75 2.4
      vertex -36.349999999999994 13.75 5.6
    endloop
  endfacet
  facet normal 0 0 1
    outer loop
      vertex -36.349999999999994 -13.75 5.6
      vertex -36.349999999999994 13.75 5.6
      vertex -37.75 13.75 5.6
    endloop
  endfacet
  facet normal 0 1 0
    outer loop
      vertex -37.75 13.75 2.4
      vertex -37.75 13.75 5.6
      vertex -36.349999999999994 13.75 2.4
    endloop
  endfacet
  facet normal 0 1 0
    outer loop
      vertex -36.349999999999994 13.75 2.4
      vertex -37.75 13.75 5.6
      vertex -36.349999999999994 13.75 5.6
    endloop
  endfacet
  facet normal 0 -1 0
    outer loop
      vertex 36.349999999999994 -13.75 2.4
      vertex 37.75 -13.75 2.4
      vertex 37.75 -13.75 5.6
    endloop
  endfacet
  facet normal 0 -1 0
    outer loop
      vertex 36.349999999999994 -13.75 2.4
      vertex 37.75 -13.75 5.6
      vertex 36.349999999999994 -13.75 5.6
    endloop
  endfacet
  facet normal 1 0 0
    outer loop
      vertex 37.75 -13.75 2.4
      vertex 37.75 13.75 2.4
      vertex 37.75 -13.75 5.6
    endloop
  endfacet
  facet normal -1 0 0
    outer loop
      vertex 36.349999999999994 -13.75 2.4
      vertex 36.349999999999994 -13.75 5.6
      vertex 36.349999999999994 13.75 5.6
    endloop
  endfacet
  facet normal 0 0 1
    outer loop
      vertex 36.349999999999994 -13.75 5.6
      vertex 37.75 -13.75 5.6
      vertex 36.349999999999994 13.75 5.6
    endloop
  endfacet
  facet normal -1 0 0
    outer loop
      vertex 36.349999999999994 -13.75 2.4
      vertex 36.349999999999994 13.75 5.6
      vertex 36.349999999999994 13.75 2.4
    endloop
  endfacet
  facet normal 1 0 0
    outer loop
      vertex 37.75 -13.75 5.6
      vertex 37.75 13.75 2.4
      vertex 37.75 13.75 5.6
    endloop
  endfacet
  facet normal 0 0 1
    outer loop
      vertex 37.75 -13.75 5.6
      vertex 37.75 13.75 5.6
      vertex 36.349999999999994 13.75 5.6
    endloop
  endfacet
  facet normal 0 1 0
    outer loop
      vertex 36.349999999999994 13.75 2.4
      vertex 36.349999999999994 13.75 5.6
      vertex 37.75 13.75 2.4
    endloop
  endfacet
  facet normal 0 1 0
    outer loop
      vertex 37.75 13.75 2.4
      vertex 36.349999999999994 13.75 5.6
      vertex 37.75 13.75 5.6
    endloop
  endfacet
  facet normal -1 0 0
    outer loop
      vertex -20.85 -7.35 2.4
      vertex -20.85 -6.15 5.6
      vertex -20.85 -6.15 2.4
    endloop
  endfacet
  facet normal -1 0 0
    outer loop
      vertex -20.85 -7.35 2.4
      vertex -20.85 -7.35 5.6
      vertex -20.85 -6.15 5.6
    endloop
  endfacet
  facet normal 0 1 0
    outer loop
      vertex -19.65 -6.15 2.4
      vertex -19.65 -6.15 5.6
      vertex -7.35 -6.15 2.4
    endloop
  endfacet
  facet normal 0 -1 0
    outer loop
      vertex -20.85 -7.35 2.4
      vertex -6.1499999999999995 -7.35 2.4
      vertex -6.1499999999999995 -7.35 5.6
    endloop
  endfacet
  facet normal 1 7.401486830834382e-16 0
    outer loop
      vertex -6.1499999999999995 -7.35 2.4
      vertex -6.15 -6.15 2.4
      vertex -6.1499999999999995 -7.35 5.6
    endloop
  endfacet
  facet normal 0 -1 0
    outer loop
      vertex -20.85 -7.35 2.4
      vertex -6.1499999999999995 -7.35 5.6
      vertex -20.85 -7.35 5.6
    endloop
  endfacet
  facet normal 0 1 0
    outer loop
      vertex -7.35 -6.15 2.4
      vertex -19.65 -6.15 5.6
      vertex -7.35 -6.15 5.6
    endloop
  endfacet
  facet normal 0 0 1
    outer loop
      vertex -20.85 -7.35 5.6
      vertex -6.1499999999999995 -7.35 5.6
      vertex -20.85 -6.15 5.6
    endloop
  endfacet
  facet normal 0 0 1
    outer loop
      vertex -20.85 -6.15 5.6
      vertex -6.1499999999999995 -7.35 5.6
      vertex -19.65 -6.15 5.6
    endloop
  endfacet
  facet normal 0 0 1
    outer loop
      vertex -19.65 -6.15 5.6
      vertex -6.1499999999999995 -7.35 5.6
      vertex -7.35 -6.15 5.6
    endloop
  endfacet
  facet normal 1 7.401486830834382e-16 0
    outer loop
      vertex -6.15 -6.15 2.4
      vertex -6.15 -6.15 5.6
      vertex -6.1499999999999995 -7.35 5.6
    endloop
  endfacet
  facet normal 0 0 1
    outer loop
      vertex -6.1499999999999995 -7.35 5.6
      vertex -6.15 -6.15 5.6
      vertex -7.35 -6.15 5.6
    endloop
  endfacet
  facet normal -1 0 0
    outer loop
      vertex -20.85 6.15 2.4
      vertex -20.85 7.35 5.6
      vertex -20.85 7.35 2.4
    endloop
  endfacet
  facet normal -1 0 0
    outer loop
      vertex -20.85 6.15 2.4
      vertex -20.85 6.15 5.6
      vertex -20.85 7.35 5.6
    endloop
  endfacet
  facet normal 0 0 1
    outer loop
      vertex -20.85 6.15 5.6
      vertex -19.65 6.15 5.6
      vertex -20.85 7.35 5.6
    endloop
  endfacet
  facet normal 0 1 0
    outer loop
      vertex -20.85 7.35 2.4
      vertex -20.85 7.35 5.6
      vertex -6.1499999999999995 7.35 2.4
    endloop
  endfacet
  facet normal 0 -1 0
    outer loop
      vertex -19.65 6.15 2.4
      vertex -7.35 6.15 2.4
      vertex -7.35 6.15 5.6
    endloop
  endfacet
  facet normal 1 -7.401486830834382e-16 0
    outer loop
      vertex -6.15 6.15 2.4
      vertex -6.1499999999999995 7.35 2.4
      vertex -6.15 6.15 5.6
    endloop
  endfacet
  facet normal 0 -1 0
    outer loop
      vertex -19.65 6.15 2.4
      vertex -7.35 6.15 5.6
      vertex -19.65 6.15 5.6
    endloop
  endfacet
  facet normal 0 1 0
    outer loop
      vertex -6.1499999999999995 7.35 2.4
      vertex -20.85 7.35 5.6
      vertex -6.1499999999999995 7.35 5.6
    endloop
  endfacet
  facet normal 0 0 1
    outer loop
      vertex -20.85 7.35 5.6
      vertex -19.65 6.15 5.6
      vertex -7.35 6.15 5.6
    endloop
  endfacet
  facet normal 0 0 1
    outer loop
      vertex -20.85 7.35 5.6
      vertex -7.35 6.15 5.6
      vertex -6.15 6.15 5.6
    endloop
  endfacet
  facet normal 0 0 1
    outer loop
      vertex -20.85 7.35 5.6
      vertex -6.15 6.15 5.6
      vertex -6.1499999999999995 7.35 5.6
    endloop
  endfacet
  facet normal 1 -7.401486830834382e-16 0
    outer loop
      vertex -6.1499999999999995 7.35 2.4
      vertex -6.1499999999999995 7.35 5.6
      vertex -6.15 6.15 5.6
    endloop
  endfacet
  facet normal -1 0 0
    outer loop
      vertex -20.85 -6.15 2.4
      vertex -20.85 -6.15 5.6
      vertex -20.85 6.15 5.6
    endloop
  endfacet
  facet normal 0 0 1
    outer loop
      vertex -20.85 -6.15 5.6
      vertex -19.65 -6.15 5.6
      vertex -20.85 6.15 5.6
    endloop
  endfacet
  facet normal 1 0 0
    outer loop
      vertex -19.65 -6.15 2.4
      vertex -19.65 6.15 2.4
      vertex -19.65 -6.15 5.6
    endloop
  endfacet
  facet normal -1 0 0
    outer loop
      vertex -20.85 -6.15 2.4
      vertex -20.85 6.15 5.6
      vertex -20.85 6.15 2.4
    endloop
  endfacet
  facet normal 0 0 1
    outer loop
      vertex -19.65 -6.15 5.6
      vertex -19.65 6.15 5.6
      vertex -20.85 6.15 5.6
    endloop
  endfacet
  facet normal 1 0 0
    outer loop
      vertex -19.65 -6.15 5.6
      vertex -19.65 6.15 2.4
      vertex -19.65 6.15 5.6
    endloop
  endfacet
  facet normal 1 0 0
    outer loop
      vertex -6.15 -6.15 2.4
      vertex -6.15 6.15 2.4
      vertex -6.15 -6.15 5.6
    endloop
  endfacet
  facet normal -1 0 0
    outer loop
      vertex -7.35 -6.15 2.4
      vertex -7.35 -6.15 5.6
      vertex -7.35 6.15 5.6
    endloop
  endfacet
  facet normal 0 0 1
    outer loop
      vertex -7.35 -6.15 5.6
      vertex -6.15 -6.15 5.6
      vertex -7.35 6.15 5.6
    endloop
  endfacet
  facet normal -1 0 0
    outer loop
      vertex -7.35 -6.15 2.4
      vertex -7.35 6.15 5.6
      vertex -7.35 6.15 2.4
    endloop
  endfacet
  facet normal 1 0 0
    outer loop
      vertex -6.15 -6.15 5.6
      vertex -6.15 6.15 2.4
      vertex -6.15 6.15 5.6
    endloop
  endfacet
  facet normal 0 0 1
    outer loop
      vertex -6.15 -6.15 5.6
      vertex -6.15 6.15 5.6
      vertex -7.35 6.15 5.6
    endloop
  endfacet
  facet normal -1 7.401486830834382e-16 0
    outer loop
      vertex 6.1499999999999995 -7.35 2.4
      vertex 6.15 -6.15 5.6
      vertex 6.15 -6.15 2.4
    endloop
  endfacet
  facet normal 0 1 0
    outer loop
      vertex 7.35 -6.15 2.4
      vertex 7.35 -6.15 5.6
      vertex 19.65 -6.15 2.4
    endloop
  endfacet
  facet normal 0 -1 0
    outer loop
      vertex 6.1499999999999995 -7.35 2.4
      vertex 20.85 -7.35 2.4
      vertex 20.85 -7.35 5.6
    endloop
  endfacet
  facet normal -1 7.401486830834382e-16 0
    outer loop
      vertex 6.1499999999999995 -7.35 2.4
      vertex 6.1499999999999995 -7.35 5.6
      vertex 6.15 -6.15 5.6
    endloop
  endfacet
  facet normal 0 -1 0
    outer loop
      vertex 6.1499999999999995 -7.35 2.4
      vertex 20.85 -7.35 5.6
      vertex 6.1499999999999995 -7.35 5.6
    endloop
  endfacet
  facet normal 0 1 0
    outer loop
      vertex 19.65 -6.15 2.4
      vertex 7.35 -6.15 5.6
      vertex 19.65 -6.15 5.6
    endloop
  endfacet
  facet normal 0 0 1
    outer loop
      vertex 6.1499999999999995 -7.35 5.6
      vertex 20.85 -7.35 5.6
      vertex 6.15 -6.15 5.6
    endloop
  endfacet
  facet normal 0 0 1
    outer loop
      vertex 6.15 -6.15 5.6
      vertex 20.85 -7.35 5.6
      vertex 7.35 -6.15 5.6
    endloop
  endfacet
  facet normal 0 0 1
    outer loop
      vertex 7.35 -6.15 5.6
      vertex 20.85 -7.35 5.6
      vertex 19.65 -6.15 5.6
    endloop
  endfacet
  facet normal 1 0 0
    outer loop
      vertex 20.85 -7.35 2.4
      vertex 20.85 -6.15 2.4
      vertex 20.85 -7.35 5.6
    endloop
  endfacet
  facet normal 1 0 0
    outer loop
      vertex 20.85 -6.15 2.4
      vertex 20.85 -6.15 5.6
      vertex 20.85 -7.35 5.6
    endloop
  endfacet
  facet normal 0 0 1
    outer loop
      vertex 19.65 -6.15 5.6
      vertex 20.85 -7.35 5.6
      vertex 20.85 -6.15 5.6
    endloop
  endfacet
  facet normal -1 -7.401486830834382e-16 0
    outer loop
      vertex 6.15 6.15 2.4
      vertex 6.1499999999999995 7.35 5.6
      vertex 6.1499999999999995 7.35 2.4
    endloop
  endfacet
  facet normal 0 1 0
    outer loop
      vertex 6.1499999999999995 7.35 2.4
      vertex 6.1499999999999995 7.35 5.6
      vertex 20.85 7.35 2.4
    endloop
  endfacet
  facet normal 0 -1 0
    outer loop
      vertex 7.35 6.15 2.4
      vertex 19.65 6.15 2.4
      vertex 19.65 6.15 5.6
    endloop
  endfacet
  facet normal -1 -7.401486830834382e-16 0
    outer loop
      vertex 6.15 6.15 2.4
      vertex 6.15 6.15 5.6
      vertex 6.1499999999999995 7.35 5.6
    endloop
  endfacet
  facet normal 0 0 1
    outer loop
      vertex 6.15 6.15 5.6
      vertex 7.35 6.15 5.6
      vertex 6.1499999999999995 7.35 5.6
    endloop
  endfacet
  facet normal 0 -1 0
    outer loop
      vertex 7.35 6.15 2.4
      vertex 19.65 6.15 5.6
      vertex 7.35 6.15 5.6
    endloop
  endfacet
  facet normal 0 1 0
    outer loop
      vertex 20.85 7.35 2.4
      vertex 6.1499999999999995 7.35 5.6
      vertex 20.85 7.35 5.6
    endloop
  endfacet
  facet normal 0 0 1
    outer loop
      vertex 7.35 6.15 5.6
      vertex 19.65 6.15 5.6
      vertex 6.1499999999999995 7.35 5.6
    endloop
  endfacet
  facet normal 0 0 1
    outer loop
      vertex 6.1499999999999995 7.35 5.6
      vertex 19.65 6.15 5.6
      vertex 20.85 6.15 5.6
    endloop
  endfacet
  facet normal 0 0 1
    outer loop
      vertex 6.1499999999999995 7.35 5.6
      vertex 20.85 6.15 5.6
      vertex 20.85 7.35 5.6
    endloop
  endfacet
  facet normal 1 0 0
    outer loop
      vertex 20.85 6.15 2.4
      vertex 20.85 7.35 2.4
      vertex 20.85 6.15 5.6
    endloop
  endfacet
  facet normal 1 0 0
    outer loop
      vertex 20.85 7.35 2.4
      vertex 20.85 7.35 5.6
      vertex 20.85 6.15 5.6
    endloop
  endfacet
  facet normal 1 0 0
    outer loop
      vertex 7.35 -6.15 2.4
      vertex 7.35 6.15 2.4
      vertex 7.35 -6.15 5.6
    endloop
  endfacet
  facet normal -1 0 0
    outer loop
      vertex 6.15 -6.15 2.4
      vertex 6.15 -6.15 5.6
      vertex 6.15 6.15 5.6
    endloop
  endfacet
  facet normal 0 0 1
    outer loop
      vertex 6.15 -6.15 5.6
      vertex 7.35 -6.15 5.6
      vertex 6.15 6.15 5.6
    endloop
  endfacet
  facet normal -1 0 0
    outer loop
      vertex 6.15 -6.15 2.4
      vertex 6.15 6.15 5.6
      vertex 6.15 6.15 2.4
    endloop
  endfacet
  facet normal 1 0 0
    outer loop
      vertex 7.35 -6.15 5.6
      vertex 7.35 6.15 2.4
      vertex 7.35 6.15 5.6
    endloop
  endfacet
  facet normal 0 0 1
    outer loop
      vertex 7.35 -6.15 5.6
      vertex 7.35 6.15 5.6
      vertex 6.15 6.15 5.6
    endloop
  endfacet
  facet normal -1 0 0
    outer loop
      vertex 19.65 -6.15 2.4
      vertex 19.65 -6.15 5.6
      vertex 19.65 6.15 5.6
    endloop
  endfacet
  facet normal 1 0 0
    outer loop
      vertex 20.85 -6.15 2.4
      vertex 20.85 6.15 2.4
      vertex 20.85 -6.15 5.6
    endloop
  endfacet
  facet normal 0 0 1
    outer loop
      vertex 19.65 -6.15 5.6
      vertex 20.85 -6.15 5.6
      vertex 19.65 6.15 5.6
    endloop
  endfacet
  facet normal -1 0 0
    outer loop
      vertex 19.65 -6.15 2.4
      vertex 19.65 6.15 5.6
      vertex 19.65 6.15 2.4
    endloop
  endfacet
  facet normal 1 0 0
    outer loop
      vertex 20.85 -6.15 5.6
      vertex 20.85 6.15 2.4
      vertex 20.85 6.15 5.6
    endloop
  endfacet
  facet normal 0 0 1
    outer loop
      vertex 20.85 -6.15 5.6
      vertex 20.85 6.15 5.6
      vertex 19.65 6.15 5.6
    endloop
  endfacet
  facet normal 0 0 -1
    outer loop
      vertex -27.8 -17.1 3.7
      vertex -27.8 -16.75 3.7
      vertex -24.2 -16.75 3.7
    endloop
  endfacet
  facet normal 0 0 -1
    outer loop
      vertex -27.8 -17.1 3.7
      vertex -24.2 -16.75 3.7
      vertex -24.2 -17.1 3.7
    endloop
  endfacet
  facet normal -1 0 0
    outer loop
      vertex -27.8 -17.1 3.7
      vertex -27.8 -17.1 4.7
      vertex -27.8 -16.75 3.7
    endloop
  endfacet
  facet normal 0 -1 0
    outer loop
      vertex -27.8 -17.1 3.7
      vertex -24.2 -17.1 3.7
      vertex -24.2 -17.1 4.7
    endloop
  endfacet
  facet normal 1 0 0
    outer loop
      vertex -24.2 -17.1 3.7
      vertex -24.2 -16.75 3.7
      vertex -24.2 -16.75 4.7
    endloop
  endfacet
  facet normal -1 0 0
    outer loop
      vertex -27.8 -16.75 3.7
      vertex -27.8 -17.1 4.7
      vertex -27.8 -16.75 4.7
    endloop
  endfacet
  facet normal 0 -1 0
    outer loop
      vertex -27.8 -17.1 3.7
      vertex -24.2 -17.1 4.7
      vertex -27.8 -17.1 4.7
    endloop
  endfacet
  facet normal 0 0 1
    outer loop
      vertex -27.8 -17.1 4.7
      vertex -24.2 -17.1 4.7
      vertex -27.8 -16.75 4.7
    endloop
  endfacet
  facet normal 0 0 1
    outer loop
      vertex -27.8 -16.75 4.7
      vertex -24.2 -17.1 4.7
      vertex -24.2 -16.75 4.7
    endloop
  endfacet
  facet normal 1 0 0
    outer loop
      vertex -24.2 -17.1 3.7
      vertex -24.2 -16.75 4.7
      vertex -24.2 -17.1 4.7
    endloop
  endfacet
  facet normal 0 0 -1
    outer loop
      vertex -27.8 16.75 3.7
      vertex -27.8 17.1 3.7
      vertex -24.2 17.1 3.7
    endloop
  endfacet
  facet normal 0 0 -1
    outer loop
      vertex -27.8 16.75 3.7
      vertex -24.2 17.1 3.7
      vertex -24.2 16.75 3.7
    endloop
  endfacet
  facet normal -1 0 0
    outer loop
      vertex -27.8 16.75 3.7
      vertex -27.8 16.75 4.7
      vertex -27.8 17.1 3.7
    endloop
  endfacet
  facet normal 0 1 0
    outer loop
      vertex -27.8 17.1 3.7
      vertex -27.8 17.1 4.7
      vertex -24.2 17.1 3.7
    endloop
  endfacet
  facet normal 1 0 0
    outer loop
      vertex -24.2 16.75 3.7
      vertex -24.2 17.1 3.7
      vertex -24.2 17.1 4.7
    endloop
  endfacet
  facet normal -1 0 0
    outer loop
      vertex -27.8 17.1 3.7
      vertex -27.8 16.75 4.7
      vertex -27.8 17.1 4.7
    endloop
  endfacet
  facet normal 0 1 0
    outer loop
      vertex -24.2 17.1 3.7
      vertex -27.8 17.1 4.7
      vertex -24.2 17.1 4.7
    endloop
  endfacet
  facet normal 0 0 1
    outer loop
      vertex -27.8 16.75 4.7
      vertex -24.2 16.75 4.7
      vertex -27.8 17.1 4.7
    endloop
  endfacet
  facet normal 0 0 1
    outer loop
      vertex -27.8 17.1 4.7
      vertex -24.2 16.75 4.7
      vertex -24.2 17.1 4.7
    endloop
  endfacet
  facet normal 1 0 0
    outer loop
      vertex -24.2 16.75 3.7
      vertex -24.2 17.1 4.7
      vertex -24.2 16.75 4.7
    endloop
  endfacet
  facet normal -1 0 0
    outer loop
      vertex 24.2 -17.1 3.7
      vertex 24.2 -17.1 4.7
      vertex 24.2 -16.75 3.7
    endloop
  endfacet
  facet normal 0 0 -1
    outer loop
      vertex 24.2 -17.1 3.7
      vertex 24.2 -16.75 3.7
      vertex 27.8 -16.75 3.7
    endloop
  endfacet
  facet normal 0 0 -1
    outer loop
      vertex 24.2 -17.1 3.7
      vertex 27.8 -16.75 3.7
      vertex 27.8 -17.1 3.7
    endloop
  endfacet
  facet normal 0 -1 0
    outer loop
      vertex 24.2 -17.1 3.7
      vertex 27.8 -17.1 3.7
      vertex 27.8 -17.1 4.7
    endloop
  endfacet
  facet normal 1 0 0
    outer loop
      vertex 27.8 -17.1 3.7
      vertex 27.8 -16.75 3.7
      vertex 27.8 -16.75 4.7
    endloop
  endfacet
  facet normal -1 0 0
    outer loop
      vertex 24.2 -16.75 3.7
      vertex 24.2 -17.1 4.7
      vertex 24.2 -16.75 4.7
    endloop
  endfacet
  facet normal 0 -1 0
    outer loop
      vertex 24.2 -17.1 3.7
      vertex 27.8 -17.1 4.7
      vertex 24.2 -17.1 4.7
    endloop
  endfacet
  facet normal 1 0 0
    outer loop
      vertex 27.8 -17.1 3.7
      vertex 27.8 -16.75 4.7
      vertex 27.8 -17.1 4.7
    endloop
  endfacet
  facet normal 0 0 1
    outer loop
      vertex 24.2 -17.1 4.7
      vertex 27.8 -17.1 4.7
      vertex 24.2 -16.75 4.7
    endloop
  endfacet
  facet normal 0 0 1
    outer loop
      vertex 24.2 -16.75 4.7
      vertex 27.8 -17.1 4.7
      vertex 27.8 -16.75 4.7
    endloop
  endfacet
  facet normal -1 0 0
    outer loop
      vertex 24.2 16.75 3.7
      vertex 24.2 16.75 4.7
      vertex 24.2 17.1 3.7
    endloop
  endfacet
  facet normal 0 0 -1
    outer loop
      vertex 24.2 16.75 3.7
      vertex 24.2 17.1 3.7
      vertex 27.8 17.1 3.7
    endloop
  endfacet
  facet normal 0 0 -1
    outer loop
      vertex 24.2 16.75 3.7
      vertex 27.8 17.1 3.7
      vertex 27.8 16.75 3.7
    endloop
  endfacet
  facet normal 0 1 0
    outer loop
      vertex 24.2 17.1 3.7
      vertex 24.2 17.1 4.7
      vertex 27.8 17.1 3.7
    endloop
  endfacet
  facet normal 1 0 0
    outer loop
      vertex 27.8 16.75 3.7
      vertex 27.8 17.1 3.7
      vertex 27.8 17.1 4.7
    endloop
  endfacet
  facet normal -1 0 0
    outer loop
      vertex 24.2 17.1 3.7
      vertex 24.2 16.75 4.7
      vertex 24.2 17.1 4.7
    endloop
  endfacet
  facet normal 0 1 0
    outer loop
      vertex 27.8 17.1 3.7
      vertex 24.2 17.1 4.7
      vertex 27.8 17.1 4.7
    endloop
  endfacet
  facet normal 1 0 0
    outer loop
      vertex 27.8 16.75 3.7
      vertex 27.8 17.1 4.7
      vertex 27.8 16.75 4.7
    endloop
  endfacet
  facet normal 0 0 1
    outer loop
      vertex 24.2 16.75 4.7
      vertex 27.8 16.75 4.7
      vertex 24.2 17.1 4.7
    endloop
  endfacet
  facet normal 0 0 1
    outer loop
      vertex 24.2 17.1 4.7
      vertex 27.8 16.75 4.7
      vertex 27.8 17.1 4.7
    endloop
  endfacet
  facet normal -0.5141027497065688 -0.8577286066956991 0
    outer loop
      vertex -37.77785116434097 -18.157348059117794 0
      vertex -37.35698368400335 -18.40960632264614 0
      vertex -37.77785116434097 -18.157348059117794 2.4
    endloop
  endfacet
  facet normal -0.5956993013048966 -0.8032075338446832 0
    outer loop
      vertex -38.171966418623924 -17.86505226790905 0
      vertex -37.77785116434097 -18.157348059117794 0
      vertex -38.171966418623924 -17.86505226790905 2.4
    endloop
  endfacet
  facet normal -0.7409511245144411 -0.6715589557743871 0
    outer loop
      vertex -38.86505226790905 -17.171966418623924 0
      vertex -38.5355339050293 -17.535533905029297 0
      vertex -38.86505226790905 -17.171966418623924 2.4
    endloop
  endfacet
  facet normal -0.8032075338446832 -0.5956993013048966 0
    outer loop
      vertex -38.86505226790905 -17.171966418623924 0
      vertex -39.157348059117794 -16.777851164340973 2.4
      vertex -39.157348059117794 -16.777851164340973 0
    endloop
  endfacet
  facet normal -0.6715589557743871 -0.7409511245144411 0
    outer loop
      vertex -38.171966418623924 -17.86505226790905 0
      vertex -38.5355339050293 -17.535533905029297 2.4
      vertex -38.5355339050293 -17.535533905029297 0
    endloop
  endfacet
  facet normal -0.42755509102775247 -0.9039892942597553 0
    outer loop
      vertex -37.35698368400335 -18.40960632264614 0
      vertex -36.91341716051102 -18.619397662580013 0
      vertex -37.35698368400335 -18.40960632264614 2.4
    endloop
  endfacet
  facet normal -0.24298018859287093 -0.9700312510179105 0
    outer loop
      vertex -36.45142338424921 -18.78470167517662 0
      vertex -35.97545161098242 -18.9039264023304 0
      vertex -36.45142338424921 -18.78470167517662 2.4
    endloop
  endfacet
  facet normal -0.33688984659619614 -0.941544067614677 0
    outer loop
      vertex -36.91341716051102 -18.619397662580013 0
      vertex -36.45142338424921 -18.78470167517662 0
      vertex -36.91341716051102 -18.619397662580013 2.4
    endloop
  endfacet
  facet normal -0.14673047607854153 -0.989176509724005 0
    outer loop
      vertex -35.97545161098242 -18.9039264023304 0
      vertex -35.49008569866419 -18.975923635065556 0
      vertex -35.97545161098242 -18.9039264023304 2.4
    endloop
  endfacet
  facet normal -0.049067671159865246 -0.9987954563607843 0
    outer loop
      vertex -35.49008569866419 -18.975923635065556 0
      vertex -35 -19 0
      vertex -35.49008569866419 -18.975923635065556 2.4
    endloop
  endfacet
  facet normal -0.9039892942597553 -0.42755509102775247 0
    outer loop
      vertex -39.40960632264614 -16.356983684003353 0
      vertex -39.61939766258001 -15.913417160511017 2.4
      vertex -39.61939766258001 -15.913417160511017 0
    endloop
  endfacet
  facet normal -0.8577286066956991 -0.5141027497065688 0
    outer loop
      vertex -39.157348059117794 -16.777851164340973 0
      vertex -39.40960632264614 -16.356983684003353 2.4
      vertex -39.40960632264614 -16.356983684003353 0
    endloop
  endfacet
  facet normal -0.941544067614677 -0.33688984659619614 0
    outer loop
      vertex -39.61939766258001 -15.913417160511017 0
      vertex -39.78470167517662 -15.45142338424921 2.4
      vertex -39.78470167517662 -15.45142338424921 0
    endloop
  endfacet
  facet normal -0.9700312510179105 -0.24298018859287093 0
    outer loop
      vertex -39.78470167517662 -15.45142338424921 0
      vertex -39.9039264023304 -14.975451610982418 2.4
      vertex -39.9039264023304 -14.975451610982418 0
    endloop
  endfacet
  facet normal -0.989176509724005 -0.14673047607854153 0
    outer loop
      vertex -39.9039264023304 -14.975451610982418 0
      vertex -39.975923635065556 -14.490085698664188 2.4
      vertex -39.975923635065556 -14.490085698664188 0
    endloop
  endfacet
  facet normal 0 0 -1
    outer loop
      vertex -39.975923635065556 -14.490085698664188 0
      vertex -40 -14 0
      vertex -14.494960642282255 -5.002004930056475 0
    endloop
  endfacet
  facet normal 0 0 -1
    outer loop
      vertex -39.9039264023304 -14.975451610982418 0
      vertex -39.975923635065556 -14.490085698664188 0
      vertex -13.5 -5.1 0
    endloop
  endfacet
  facet normal -0.9987954563607843 -0.049067671159865246 0
    outer loop
      vertex -39.975923635065556 -14.490085698664188 0
      vertex -40 -14 2.4
      vertex -40 -14 0
    endloop
  endfacet
  facet normal 0 0 -1
    outer loop
      vertex -39.9039264023304 -14.975451610982418 0
      vertex -14.208020001649857 -11.668719999492168 0
      vertex -14.208020001649857 -12.330600000917912 0
    endloop
  endfacet
  facet normal 0 0 -1
    outer loop
      vertex -39.9039264023304 -14.975451610982418 0
      vertex -14.208020001649857 -12.330600000917912 0
      vertex -12.797499999403954 -12.330600000917912 0
    endloop
  endfacet
  facet normal 0 0 -1
    outer loop
      vertex -39.9039264023304 -14.975451610982418 0
      vertex -12.019548146002242 -4.8803957122342645 0
      vertex -14.208020001649857 -11.668719999492168 0
    endloop
  endfacet
  facet normal -0.5956993013048966 -0.8032075338446832 0
    outer loop
      vertex -37.77785116434097 -18.157348059117794 0
      vertex -37.77785116434097 -18.157348059117794 2.4
      vertex -38.171966418623924 -17.86505226790905 2.4
    endloop
  endfacet
  facet normal -0.8032075338446832 -0.5956993013048966 0
    outer loop
      vertex -38.86505226790905 -17.171966418623924 0
      vertex -38.86505226790905 -17.171966418623924 2.4
      vertex -39.157348059117794 -16.777851164340973 2.4
    endloop
  endfacet
  facet normal -0.8577286066956991 -0.5141027497065688 0
    outer loop
      vertex -39.157348059117794 -16.777851164340973 0
      vertex -39.157348059117794 -16.777851164340973 2.4
      vertex -39.40960632264614 -16.356983684003353 2.4
    endloop
  endfacet
  facet normal -0.6715589557743871 -0.7409511245144411 0
    outer loop
      vertex -38.171966418623924 -17.86505226790905 0
      vertex -38.171966418623924 -17.86505226790905 2.4
      vertex -38.5355339050293 -17.535533905029297 2.4
    endloop
  endfacet
  facet normal -0.7409511245144411 -0.6715589557743871 0
    outer loop
      vertex -38.5355339050293 -17.535533905029297 0
      vertex -38.5355339050293 -17.535533905029297 2.4
      vertex -38.86505226790905 -17.171966418623924 2.4
    endloop
  endfacet
  facet normal -0.42755509102775247 -0.9039892942597553 0
    outer loop
      vertex -36.91341716051102 -18.619397662580013 0
      vertex -36.91341716051102 -18.619397662580013 2.4
      vertex -37.35698368400335 -18.40960632264614 2.4
    endloop
  endfacet
  facet normal -0.33688984659619614 -0.941544067614677 0
    outer loop
      vertex -36.45142338424921 -18.78470167517662 0
      vertex -36.45142338424921 -18.78470167517662 2.4
      vertex -36.91341716051102 -18.619397662580013 2.4
    endloop
  endfacet
  facet normal -0.5141027497065688 -0.8577286066956991 0
    outer loop
      vertex -37.35698368400335 -18.40960632264614 0
      vertex -37.35698368400335 -18.40960632264614 2.4
      vertex -37.77785116434097 -18.157348059117794 2.4
    endloop
  endfacet
  facet normal -0.24298018859287093 -0.9700312510179105 0
    outer loop
      vertex -35.97545161098242 -18.9039264023304 0
      vertex -35.97545161098242 -18.9039264023304 2.4
      vertex -36.45142338424921 -18.78470167517662 2.4
    endloop
  endfacet
  facet normal -0.14673047607854153 -0.989176509724005 0
    outer loop
      vertex -35.49008569866419 -18.975923635065556 0
      vertex -35.49008569866419 -18.975923635065556 2.4
      vertex -35.97545161098242 -18.9039264023304 2.4
    endloop
  endfacet
  facet normal -0.049067671159865246 -0.9987954563607843 0
    outer loop
      vertex -35 -19 0
      vertex -35 -19 2.4
      vertex -35.49008569866419 -18.975923635065556 2.4
    endloop
  endfacet
  facet normal -0.9039892942597553 -0.42755509102775247 0
    outer loop
      vertex -39.40960632264614 -16.356983684003353 0
      vertex -39.40960632264614 -16.356983684003353 2.4
      vertex -39.61939766258001 -15.913417160511017 2.4
    endloop
  endfacet
  facet normal -0.941544067614677 -0.33688984659619614 0
    outer loop
      vertex -39.61939766258001 -15.913417160511017 0
      vertex -39.61939766258001 -15.913417160511017 2.4
      vertex -39.78470167517662 -15.45142338424921 2.4
    endloop
  endfacet
  facet normal -0.9700312510179105 -0.24298018859287093 0
    outer loop
      vertex -39.78470167517662 -15.45142338424921 0
      vertex -39.78470167517662 -15.45142338424921 2.4
      vertex -39.9039264023304 -14.975451610982418 2.4
    endloop
  endfacet
  facet normal -0.989176509724005 -0.14673047607854153 0
    outer loop
      vertex -39.9039264023304 -14.975451610982418 0
      vertex -39.9039264023304 -14.975451610982418 2.4
      vertex -39.975923635065556 -14.490085698664188 2.4
    endloop
  endfacet
  facet normal -0.9987954563607843 -0.049067671159865246 0
    outer loop
      vertex -39.975923635065556 -14.490085698664188 0
      vertex -39.975923635065556 -14.490085698664188 2.4
      vertex -40 -14 2.4
    endloop
  endfacet
  facet normal 0 0 1
    outer loop
      vertex -38.86505226790905 -17.171966418623924 2.4
      vertex -38.5355339050293 -17.535533905029297 2.4
      vertex -34.75 -16.75 2.4
    endloop
  endfacet
  facet normal 0 0 1
    outer loop
      vertex -38.86505226790905 -17.171966418623924 2.4
      vertex -34.75 -15.350000000000001 2.4
      vertex -39.157348059117794 -16.777851164340973 2.4
    endloop
  endfacet
  facet normal 0 0 1
    outer loop
      vertex -39.157348059117794 -16.777851164340973 2.4
      vertex -34.75 -15.350000000000001 2.4
      vertex -39.40960632264614 -16.356983684003353 2.4
    endloop
  endfacet
  facet normal 0 0 1
    outer loop
      vertex -39.40960632264614 -16.356983684003353 2.4
      vertex -34.75 -15.350000000000001 2.4
      vertex -39.61939766258001 -15.913417160511017 2.4
    endloop
  endfacet
  facet normal 0 0 1
    outer loop
      vertex -39.61939766258001 -15.913417160511017 2.4
      vertex -34.75 -15.350000000000001 2.4
      vertex -39.78470167517662 -15.45142338424921 2.4
    endloop
  endfacet
  facet normal 0 0 1
    outer loop
      vertex -39.9039264023304 -14.975451610982418 2.4
      vertex -37.75 -13.75 2.4
      vertex -39.975923635065556 -14.490085698664188 2.4
    endloop
  endfacet
  facet normal 0 0 1
    outer loop
      vertex -39.78470167517662 -15.45142338424921 2.4
      vertex -34.75 -15.350000000000001 2.4
      vertex -39.9039264023304 -14.975451610982418 2.4
    endloop
  endfacet
  facet normal 0 0 1
    outer loop
      vertex -38.86505226790905 -17.171966418623924 2.4
      vertex -34.75 -16.75 2.4
      vertex -34.75 -15.350000000000001 2.4
    endloop
  endfacet
  facet normal 0 0 1
    outer loop
      vertex -39.9039264023304 -14.975451610982418 2.4
      vertex -36.349999999999994 -13.75 2.4
      vertex -37.75 -13.75 2.4
    endloop
  endfacet
  facet normal 0 0 1
    outer loop
      vertex -39.9039264023304 -14.975451610982418 2.4
      vertex -6.1499999999999995 -7.35 2.4
      vertex -36.349999999999994 -13.75 2.4
    endloop
  endfacet
  facet normal 0 0 -1
    outer loop
      vertex -40 -14 0
      vertex -40 14 0
      vertex -18.380395712234264 -1.4804518539977578 0
    endloop
  endfacet
  facet normal 0 0 -1
    outer loop
      vertex -40 -14 0
      vertex -17.74049502274298 -2.833408188399971 0
      vertex -17.442353312149958 -3.235405749234592 0
    endloop
  endfacet
  facet normal 0 0 -1
    outer loop
      vertex -40 -14 0
      vertex -17.99779844817661 -2.404123357812588 0
      vertex -17.74049502274298 -2.833408188399971 0
    endloop
  endfacet
  facet normal 0 0 -1
    outer loop
      vertex -40 -14 0
      vertex -18.211785615807564 -1.9516855050619577 0
      vertex -17.99779844817661 -2.404123357812588 0
    endloop
  endfacet
  facet normal 0 0 -1
    outer loop
      vertex -40 -14 0
      vertex -18.380395712234264 -1.4804518539977578 0
      vertex -18.211785615807564 -1.9516855050619577 0
    endloop
  endfacet
  facet normal 0 0 -1
    outer loop
      vertex -40 -14 0
      vertex -15.904123357812587 -4.49779844817661 0
      vertex -15.451685505061958 -4.711785615807562 0
    endloop
  endfacet
  facet normal 0 0 -1
    outer loop
      vertex -40 -14 0
      vertex -17.106244584051392 -3.6062445840513924 0
      vertex -16.73540574923459 -3.9423533121499585 0
    endloop
  endfacet
  facet normal 0 0 -1
    outer loop
      vertex -40 -14 0
      vertex -16.33340818839997 -4.24049502274298 0
      vertex -15.904123357812587 -4.49779844817661 0
    endloop
  endfacet
  facet normal 0 0 -1
    outer loop
      vertex -40 -14 0
      vertex -16.73540574923459 -3.9423533121499585 0
      vertex -16.33340818839997 -4.24049502274298 0
    endloop
  endfacet
  facet normal 0 0 -1
    outer loop
      vertex -40 -14 0
      vertex -15.451685505061958 -4.711785615807562 0
      vertex -14.980451853997758 -4.8803957122342645 0
    endloop
  endfacet
  facet normal 0 0 -1
    outer loop
      vertex -40 -14 0
      vertex -14.980451853997758 -4.8803957122342645 0
      vertex -14.494960642282255 -5.002004930056475 0
    endloop
  endfacet
  facet normal 0 0 -1
    outer loop
      vertex -39.975923635065556 -14.490085698664188 0
      vertex -14.494960642282255 -5.002004930056475 0
      vertex -13.999887415680758 -5.075442106028204 0
    endloop
  endfacet
  facet normal 0 0 -1
    outer loop
      vertex -39.9039264023304 -14.975451610982418 0
      vertex -13.5 -5.1 0
      vertex -13.000112584319242 -5.075442106028204 0
    endloop
  endfacet
  facet normal 0 0 -1
    outer loop
      vertex -39.9039264023304 -14.975451610982418 0
      vertex -13.000112584319242 -5.075442106028204 0
      vertex -12.505039357717745 -5.002004930056475 0
    endloop
  endfacet
  facet normal 0 0 -1
    outer loop
      vertex -39.975923635065556 -14.490085698664188 0
      vertex -13.999887415680758 -5.075442106028204 0
      vertex -13.5 -5.1 0
    endloop
  endfacet
  facet normal 0 0 -1
    outer loop
      vertex -39.9039264023304 -14.975451610982418 0
      vertex -12.505039357717745 -5.002004930056475 0
      vertex -12.019548146002242 -4.8803957122342645 0
    endloop
  endfacet
  facet normal 0 0 -1
    outer loop
      vertex -40 -14 0
      vertex -17.442353312149958 -3.235405749234592 0
      vertex -17.106244584051392 -3.6062445840513924 0
    endloop
  endfacet
  facet normal 0 0 1
    outer loop
      vertex -39.975923635065556 -14.490085698664188 2.4
      vertex -37.75 13.75 2.4
      vertex -40 -14 2.4
    endloop
  endfacet
  facet normal 0 0 1
    outer loop
      vertex -39.975923635065556 -14.490085698664188 2.4
      vertex -37.75 -13.75 2.4
      vertex -37.75 13.75 2.4
    endloop
  endfacet
  facet normal -1 0 0
    outer loop
      vertex -40 -14 0
      vertex -40 -14 2.4
      vertex -40 14 2.4
    endloop
  endfacet
  facet normal 0 0 1
    outer loop
      vertex -36.349999999999994 -13.75 2.4
      vertex -20.85 -7.35 2.4
      vertex -20.85 -6.15 2.4
    endloop
  endfacet
  facet normal 0 0 1
    outer loop
      vertex -36.349999999999994 -13.75 2.4
      vertex -6.1499999999999995 -7.35 2.4
      vertex -20.85 -7.35 2.4
    endloop
  endfacet
  facet normal 0 0 1
    outer loop
      vertex -36.349999999999994 -13.75 2.4
      vertex -20.85 -6.15 2.4
      vertex -20.85 6.15 2.4
    endloop
  endfacet
  facet normal 0 0 1
    outer loop
      vertex -36.349999999999994 -13.75 2.4
      vertex -20.85 6.15 2.4
      vertex -20.85 7.35 2.4
    endloop
  endfacet
  facet normal 0 0 -1
    outer loop
      vertex -38.171966418623924 -17.86505226790905 0
      vertex -38.5355339050293 -17.535533905029297 0
      vertex 39.157348059117794 -16.777851164340973 0
    endloop
  endfacet
  facet normal 0 0 -1
    outer loop
      vertex -38.86505226790905 -17.171966418623924 0
      vertex 39.40960632264614 -16.356983684003353 0
      vertex -38.5355339050293 -17.535533905029297 0
    endloop
  endfacet
  facet normal 0 0 -1
    outer loop
      vertex -35.49008569866419 -18.975923635065556 0
      vertex 36.45142338424921 -18.78470167517662 0
      vertex -35 -19 0
    endloop
  endfacet
  facet normal 0 0 -1
    outer loop
      vertex -35.97545161098242 -18.9039264023304 0
      vertex 36.91341716051102 -18.619397662580013 0
      vertex -35.49008569866419 -18.975923635065556 0
    endloop
  endfacet
  facet normal 0 0 -1
    outer loop
      vertex -36.45142338424921 -18.78470167517662 0
      vertex 37.35698368400335 -18.40960632264614 0
      vertex -35.97545161098242 -18.9039264023304 0
    endloop
  endfacet
  facet normal 0 0 -1
    outer loop
      vertex -36.91341716051102 -18.619397662580013 0
      vertex 37.77785116434097 -18.157348059117794 0
      vertex -36.45142338424921 -18.78470167517662 0
    endloop
  endfacet
  facet normal 0 0 -1
    outer loop
      vertex -37.35698368400335 -18.40960632264614 0
      vertex 38.171966418623924 -17.86505226790905 0
      vertex -36.91341716051102 -18.619397662580013 0
    endloop
  endfacet
  facet normal 0 0 -1
    outer loop
      vertex -37.77785116434097 -18.157348059117794 0
      vertex 38.5355339050293 -17.535533905029297 0
      vertex -37.35698368400335 -18.40960632264614 0
    endloop
  endfacet
  facet normal 0 0 -1
    outer loop
      vertex -38.171966418623924 -17.86505226790905 0
      vertex 38.86505226790905 -17.171966418623924 0
      vertex -37.77785116434097 -18.157348059117794 0
    endloop
  endfacet
  facet normal 0 0 -1
    outer loop
      vertex -38.86505226790905 -17.171966418623924 0
      vertex -39.157348059117794 -16.777851164340973 0
      vertex 39.61939766258001 -15.913417160511017 0
    endloop
  endfacet
  facet normal 0 0 -1
    outer loop
      vertex -39.157348059117794 -16.777851164340973 0
      vertex -39.40960632264614 -16.356983684003353 0
      vertex 39.78470167517662 -15.45142338424921 0
    endloop
  endfacet
  facet normal 0 0 -1
    outer loop
      vertex -39.40960632264614 -16.356983684003353 0
      vertex -39.61939766258001 -15.913417160511017 0
      vertex 39.9039264023304 -14.975451610982418 0
    endloop
  endfacet
  facet normal 0 0 -1
    outer loop
      vertex -39.61939766258001 -15.913417160511017 0
      vertex -39.78470167517662 -15.45142338424921 0
      vertex 39.975923635065556 -14.490085698664188 0
    endloop
  endfacet
  facet normal 0 0 -1
    outer loop
      vertex -39.78470167517662 -15.45142338424921 0
      vertex -39.9039264023304 -14.975451610982418 0
      vertex 40 -14 0
    endloop
  endfacet
  facet normal 0 -1 0
    outer loop
      vertex -35 -19 0
      vertex 35 -19 0
      vertex -35 -19 2.4
    endloop
  endfacet
  facet normal 0 0 -1
    outer loop
      vertex -39.9039264023304 -14.975451610982418 0
      vertex -12.797499999403954 -12.330600000917912 0
      vertex 13.193379998207092 -13.41031999886036 0
    endloop
  endfacet
  facet normal 0 0 -1
    outer loop
      vertex -39.9039264023304 -14.975451610982418 0
      vertex 13.193379998207092 -13.41031999886036 0
      vertex 13.806419998407364 -13.41031999886036 0
    endloop
  endfacet
  facet normal 0 0 -1
    outer loop
      vertex -12.797499999403954 -11.668719999492168 0
      vertex 12.111100003123283 -12.303640000522137 0
      vertex -12.797499999403954 -12.330600000917912 0
    endloop
  endfacet
  facet normal 0 0 1
    outer loop
      vertex -38.171966418623924 -17.86505226790905 2.4
      vertex 39.157348059117794 -16.777851164340973 2.4
      vertex -38.5355339050293 -17.535533905029297 2.4
    endloop
  endfacet
  facet normal 0 0 1
    outer loop
      vertex -35.49008569866419 -18.975923635065556 2.4
      vertex -35 -19 2.4
      vertex 36.45142338424921 -18.78470167517662 2.4
    endloop
  endfacet
  facet normal 0 0 1
    outer loop
      vertex -35.97545161098242 -18.9039264023304 2.4
      vertex -35.49008569866419 -18.975923635065556 2.4
      vertex 36.91341716051102 -18.619397662580013 2.4
    endloop
  endfacet
  facet normal 0 0 1
    outer loop
      vertex -36.45142338424921 -18.78470167517662 2.4
      vertex -35.97545161098242 -18.9039264023304 2.4
      vertex 37.35698368400335 -18.40960632264614 2.4
    endloop
  endfacet
  facet normal 0 0 1
    outer loop
      vertex -36.91341716051102 -18.619397662580013 2.4
      vertex -36.45142338424921 -18.78470167517662 2.4
      vertex 37.77785116434097 -18.157348059117794 2.4
    endloop
  endfacet
  facet normal 0 0 1
    outer loop
      vertex -37.35698368400335 -18.40960632264614 2.4
      vertex -36.91341716051102 -18.619397662580013 2.4
      vertex 38.171966418623924 -17.86505226790905 2.4
    endloop
  endfacet
  facet normal 0 0 1
    outer loop
      vertex -37.77785116434097 -18.157348059117794 2.4
      vertex -37.35698368400335 -18.40960632264614 2.4
      vertex 38.5355339050293 -17.535533905029297 2.4
    endloop
  endfacet
  facet normal 0 0 1
    outer loop
      vertex -38.171966418623924 -17.86505226790905 2.4
      vertex -37.77785116434097 -18.157348059117794 2.4
      vertex 38.86505226790905 -17.171966418623924 2.4
    endloop
  endfacet
  facet normal 0 0 1
    outer loop
      vertex -38.5355339050293 -17.535533905029297 2.4
      vertex 39.157348059117794 -16.777851164340973 2.4
      vertex -34.75 -16.75 2.4
    endloop
  endfacet
  facet normal 0 0 1
    outer loop
      vertex -39.9039264023304 -14.975451610982418 2.4
      vertex -34.75 -15.350000000000001 2.4
      vertex 40 -14 2.4
    endloop
  endfacet
  facet normal 0 0 1
    outer loop
      vertex -39.9039264023304 -14.975451610982418 2.4
      vertex 6.1499999999999995 -7.35 2.4
      vertex -6.1499999999999995 -7.35 2.4
    endloop
  endfacet
  facet normal 0 0 -1
    outer loop
      vertex -12.019548146002242 -4.8803957122342645 0
      vertex -12.797499999403954 -11.668719999492168 0
      vertex -14.208020001649857 -11.668719999492168 0
    endloop
  endfacet
  facet normal 0 0 -1
    outer loop
      vertex -12.019548146002242 -4.8803957122342645 0
      vertex 12.111100003123283 -11.696039997041225 0
      vertex -12.797499999403954 -11.668719999492168 0
    endloop
  endfacet
  facet normal 0 0 -1
    outer loop
      vertex -12.019548146002242 -4.8803957122342645 0
      vertex -11.548314494938042 -4.711785615807562 0
      vertex 12.111100003123283 -11.696039997041225 0
    endloop
  endfacet
  facet normal 0 0 -1
    outer loop
      vertex -11.548314494938042 -4.711785615807562 0
      vertex -11.095876642187413 -4.49779844817661 0
      vertex 12.111100003123283 -11.696039997041225 0
    endloop
  endfacet
  facet normal 0 0 -1
    outer loop
      vertex 9.25950497725702 2.833408188399971 0
      vertex -11.095876642187413 -4.49779844817661 0
      vertex -10.666591811600028 -4.24049502274298 0
    endloop
  endfacet
  facet normal 0 0 -1
    outer loop
      vertex 9.25950497725702 2.833408188399971 0
      vertex -10.666591811600028 -4.24049502274298 0
      vertex -10.264594250765409 -3.9423533121499585 0
    endloop
  endfacet
  facet normal 0 0 -1
    outer loop
      vertex 9.25950497725702 2.833408188399971 0
      vertex -10.264594250765409 -3.9423533121499585 0
      vertex -9.893755415948608 -3.6062445840513924 0
    endloop
  endfacet
  facet normal 0 0 -1
    outer loop
      vertex 9.25950497725702 2.833408188399971 0
      vertex -9.893755415948608 -3.6062445840513924 0
      vertex -9.557646687850042 -3.235405749234592 0
    endloop
  endfacet
  facet normal 0 0 -1
    outer loop
      vertex -9.25950497725702 -2.833408188399971 0
      vertex 9.557646687850042 3.235405749234592 0
      vertex -9.557646687850042 -3.235405749234592 0
    endloop
  endfacet
  facet normal 0 0 -1
    outer loop
      vertex 11.095876642187413 4.49779844817661 0
      vertex -9.25950497725702 -2.833408188399971 0
      vertex -9.00220155182339 -2.404123357812588 0
    endloop
  endfacet
  facet normal 0 0 1
    outer loop
      vertex -19.65 -6.15 2.4
      vertex -16.33340818839997 -4.24049502274298 2.4
      vertex -16.73540574923459 -3.9423533121499585 2.4
    endloop
  endfacet
  facet normal 0 0 1
    outer loop
      vertex -19.65 -6.15 2.4
      vertex -14.494960642282255 -5.002004930056475 2.4
      vertex -14.980451853997758 -4.8803957122342645 2.4
    endloop
  endfacet
  facet normal 0 0 1
    outer loop
      vertex -19.65 -6.15 2.4
      vertex -15.451685505061958 -4.711785615807562 2.4
      vertex -15.904123357812587 -4.49779844817661 2.4
    endloop
  endfacet
  facet normal 0 0 1
    outer loop
      vertex -19.65 -6.15 2.4
      vertex -15.904123357812587 -4.49779844817661 2.4
      vertex -16.33340818839997 -4.24049502274298 2.4
    endloop
  endfacet
  facet normal 0 0 1
    outer loop
      vertex -19.65 -6.15 2.4
      vertex -14.980451853997758 -4.8803957122342645 2.4
      vertex -15.451685505061958 -4.711785615807562 2.4
    endloop
  endfacet
  facet normal 0 0 1
    outer loop
      vertex -19.65 -6.15 2.4
      vertex -7.35 -6.15 2.4
      vertex -14.494960642282255 -5.002004930056475 2.4
    endloop
  endfacet
  facet normal 0 0 1
    outer loop
      vertex -7.35 -6.15 2.4
      vertex -13.999887415680758 -5.075442106028204 2.4
      vertex -14.494960642282255 -5.002004930056475 2.4
    endloop
  endfacet
  facet normal 0 0 1
    outer loop
      vertex -7.35 -6.15 2.4
      vertex -13.5 -5.1 2.4
      vertex -13.999887415680758 -5.075442106028204 2.4
    endloop
  endfacet
  facet normal 0 0 1
    outer loop
      vertex -7.35 -6.15 2.4
      vertex -13.000112584319242 -5.075442106028204 2.4
      vertex -13.5 -5.1 2.4
    endloop
  endfacet
  facet normal 0 0 1
    outer loop
      vertex -7.35 -6.15 2.4
      vertex -12.505039357717745 -5.002004930056475 2.4
      vertex -13.000112584319242 -5.075442106028204 2.4
    endloop
  endfacet
  facet normal 0 0 1
    outer loop
      vertex -7.35 -6.15 2.4
      vertex -12.019548146002242 -4.8803957122342645 2.4
      vertex -12.505039357717745 -5.002004930056475 2.4
    endloop
  endfacet
  facet normal 0 0 1
    outer loop
      vertex -7.35 -6.15 2.4
      vertex -11.548314494938042 -4.711785615807562 2.4
      vertex -12.019548146002242 -4.8803957122342645 2.4
    endloop
  endfacet
  facet normal 0 0 1
    outer loop
      vertex -19.65 -6.15 2.4
      vertex -16.73540574923459 -3.9423533121499585 2.4
      vertex -17.106244584051392 -3.6062445840513924 2.4
    endloop
  endfacet
  facet normal 0 0 1
    outer loop
      vertex -19.65 -6.15 2.4
      vertex -17.106244584051392 -3.6062445840513924 2.4
      vertex -17.442353312149958 -3.235405749234592 2.4
    endloop
  endfacet
  facet normal 0 0 1
    outer loop
      vertex -19.65 -6.15 2.4
      vertex -17.442353312149958 -3.235405749234592 2.4
      vertex -17.74049502274298 -2.833408188399971 2.4
    endloop
  endfacet
  facet normal 0 0 1
    outer loop
      vertex -19.65 -6.15 2.4
      vertex -17.74049502274298 -2.833408188399971 2.4
      vertex -17.99779844817661 -2.404123357812588 2.4
    endloop
  endfacet
  facet normal 0 0 1
    outer loop
      vertex -19.65 -6.15 2.4
      vertex -18.380395712234264 -1.4804518539977578 2.4
      vertex -18.502004930056476 -0.994960642282254 2.4
    endloop
  endfacet
  facet normal 0 0 1
    outer loop
      vertex -19.65 -6.15 2.4
      vertex -18.502004930056476 -0.994960642282254 2.4
      vertex -18.575442106028206 -0.49988741568075906 2.4
    endloop
  endfacet
  facet normal 0 0 1
    outer loop
      vertex -19.65 -6.15 2.4
      vertex -17.99779844817661 -2.404123357812588 2.4
      vertex -18.211785615807564 -1.9516855050619577 2.4
    endloop
  endfacet
  facet normal 0 0 1
    outer loop
      vertex -19.65 -6.15 2.4
      vertex -18.211785615807564 -1.9516855050619577 2.4
      vertex -18.380395712234264 -1.4804518539977578 2.4
    endloop
  endfacet
  facet normal 0 0 1
    outer loop
      vertex -19.65 -6.15 2.4
      vertex -18.575442106028206 -0.49988741568075906 2.4
      vertex -18.6 0 2.4
    endloop
  endfacet
  facet normal 0 0 1
    outer loop
      vertex -19.65 -6.15 2.4
      vertex -18.6 0 2.4
      vertex -18.575442106028206 0.49988741568075906 2.4
    endloop
  endfacet
  facet normal 0 0 1
    outer loop
      vertex -19.65 -6.15 2.4
      vertex -18.575442106028206 0.49988741568075906 2.4
      vertex -18.502004930056476 0.994960642282254 2.4
    endloop
  endfacet
  facet normal 0 0 1
    outer loop
      vertex -7.35 -6.15 2.4
      vertex -11.095876642187413 -4.49779844817661 2.4
      vertex -11.548314494938042 -4.711785615807562 2.4
    endloop
  endfacet
  facet normal 0 0 1
    outer loop
      vertex -7.35 -6.15 2.4
      vertex -10.666591811600028 -4.24049502274298 2.4
      vertex -11.095876642187413 -4.49779844817661 2.4
    endloop
  endfacet
  facet normal 0 0 1
    outer loop
      vertex -7.35 -6.15 2.4
      vertex -10.264594250765409 -3.9423533121499585 2.4
      vertex -10.666591811600028 -4.24049502274298 2.4
    endloop
  endfacet
  facet normal 0 0 1
    outer loop
      vertex -6.1499999999999995 -7.35 2.4
      vertex 6.1499999999999995 -7.35 2.4
      vertex -6.15 -6.15 2.4
    endloop
  endfacet
  facet normal 0 0 1
    outer loop
      vertex -7.35 -6.15 2.4
      vertex -9.893755415948608 -3.6062445840513924 2.4
      vertex -10.264594250765409 -3.9423533121499585 2.4
    endloop
  endfacet
  facet normal 0 0 1
    outer loop
      vertex -7.35 -6.15 2.4
      vertex -9.557646687850042 -3.235405749234592 2.4
      vertex -9.893755415948608 -3.6062445840513924 2.4
    endloop
  endfacet
  facet normal 0 0 1
    outer loop
      vertex -7.35 -6.15 2.4
      vertex -9.25950497725702 -2.833408188399971 2.4
      vertex -9.557646687850042 -3.235405749234592 2.4
    endloop
  endfacet
  facet normal 0 0 1
    outer loop
      vertex -7.35 -6.15 2.4
      vertex -9.00220155182339 -2.404123357812588 2.4
      vertex -9.25950497725702 -2.833408188399971 2.4
    endloop
  endfacet
  facet normal 0 0 1
    outer loop
      vertex -7.35 -6.15 2.4
      vertex -8.788214384192438 -1.9516855050619577 2.4
      vertex -9.00220155182339 -2.404123357812588 2.4
    endloop
  endfacet
  facet normal 0 0 1
    outer loop
      vertex -7.35 -6.15 2.4
      vertex -8.619604287765736 -1.4804518539977578 2.4
      vertex -8.788214384192438 -1.9516855050619577 2.4
    endloop
  endfacet
  facet normal 0 0 1
    outer loop
      vertex -7.35 -6.15 2.4
      vertex -8.497995069943524 -0.994960642282254 2.4
      vertex -8.619604287765736 -1.4804518539977578 2.4
    endloop
  endfacet
  facet normal 0 0 1
    outer loop
      vertex -7.35 -6.15 2.4
      vertex -7.35 6.15 2.4
      vertex -8.497995069943524 -0.994960642282254 2.4
    endloop
  endfacet
  facet normal -1 0 0
    outer loop
      vertex -40 -14 0
      vertex -40 14 2.4
      vertex -40 14 0
    endloop
  endfacet
  facet normal 0 0 -1
    outer loop
      vertex -40 14 0
      vertex -18.502004930056476 -0.994960642282254 0
      vertex -18.380395712234264 -1.4804518539977578 0
    endloop
  endfacet
  facet normal 0 0 -1
    outer loop
      vertex -40 14 0
      vertex -18.575442106028206 -0.49988741568075906 0
      vertex -18.502004930056476 -0.994960642282254 0
    endloop
  endfacet
  facet normal 0 0 -1
    outer loop
      vertex -40 14 0
      vertex -18.6 0 0
      vertex -18.575442106028206 -0.49988741568075906 0
    endloop
  endfacet
  facet normal 0 0 -1
    outer loop
      vertex -40 14 0
      vertex -18.575442106028206 0.49988741568075906 0
      vertex -18.6 0 0
    endloop
  endfacet
  facet normal 0 0 -1
    outer loop
      vertex -40 14 0
      vertex -18.502004930056476 0.994960642282254 0
      vertex -18.575442106028206 0.49988741568075906 0
    endloop
  endfacet
  facet normal 0 0 -1
    outer loop
      vertex -40 14 0
      vertex -18.380395712234264 1.4804518539977578 0
      vertex -18.502004930056476 0.994960642282254 0
    endloop
  endfacet
  facet normal 0 0 -1
    outer loop
      vertex -40 14 0
      vertex -18.211785615807564 1.9516855050619577 0
      vertex -18.380395712234264 1.4804518539977578 0
    endloop
  endfacet
  facet normal 0 0 -1
    outer loop
      vertex -40 14 0
      vertex -17.99779844817661 2.404123357812588 0
      vertex -18.211785615807564 1.9516855050619577 0
    endloop
  endfacet
  facet normal 0 0 -1
    outer loop
      vertex -40 14 0
      vertex -17.74049502274298 2.833408188399971 0
      vertex -17.99779844817661 2.404123357812588 0
    endloop
  endfacet
  facet normal 0 0 -1
    outer loop
      vertex -40 14 0
      vertex -17.442353312149958 3.235405749234592 0
      vertex -17.74049502274298 2.833408188399971 0
    endloop
  endfacet
  facet normal 0 0 -1
    outer loop
      vertex -40 14 0
      vertex -17.106244584051392 3.6062445840513924 0
      vertex -17.442353312149958 3.235405749234592 0
    endloop
  endfacet
  facet normal 0 0 -1
    outer loop
      vertex -40 14 0
      vertex -16.73540574923459 3.9423533121499585 0
      vertex -17.106244584051392 3.6062445840513924 0
    endloop
  endfacet
  facet normal 0 0 -1
    outer loop
      vertex -40 14 0
      vertex -16.33340818839997 4.24049502274298 0
      vertex -16.73540574923459 3.9423533121499585 0
    endloop
  endfacet
  facet normal 0 0 -1
    outer loop
      vertex -40 14 0
      vertex -15.904123357812587 4.49779844817661 0
      vertex -16.33340818839997 4.24049502274298 0
    endloop
  endfacet
  facet normal 0 0 -1
    outer loop
      vertex -40 14 0
      vertex -15.451685505061958 4.711785615807562 0
      vertex -15.904123357812587 4.49779844817661 0
    endloop
  endfacet
  facet normal 0 0 -1
    outer loop
      vertex -40 14 0
      vertex -14.980451853997758 4.8803957122342645 0
      vertex -15.451685505061958 4.711785615807562 0
    endloop
  endfacet
  facet normal 0 0 -1
    outer loop
      vertex -40 14 0
      vertex -14.494960642282255 5.002004930056475 0
      vertex -14.980451853997758 4.8803957122342645 0
    endloop
  endfacet
  facet normal 0 0 -1
    outer loop
      vertex -40 14 0
      vertex -13.999887415680758 5.075442106028204 0
      vertex -14.494960642282255 5.002004930056475 0
    endloop
  endfacet
  facet normal 0 0 -1
    outer loop
      vertex -40 14 0
      vertex -13.5 5.1 0
      vertex -13.999887415680758 5.075442106028204 0
    endloop
  endfacet
  facet normal 0 0 1
    outer loop
      vertex -40 -14 2.4
      vertex -37.75 13.75 2.4
      vertex -40 14 2.4
    endloop
  endfacet
  facet normal 0 0 1
    outer loop
      vertex -36.349999999999994 -13.75 2.4
      vertex -20.85 7.35 2.4
      vertex -36.349999999999994 13.75 2.4
    endloop
  endfacet
  facet normal 0 0 1
    outer loop
      vertex -20.85 7.35 2.4
      vertex -6.1499999999999995 7.35 2.4
      vertex -36.349999999999994 13.75 2.4
    endloop
  endfacet
  facet normal 0 0 -1
    outer loop
      vertex -35.97545161098242 18.9039264023304 0
      vertex -35.49008569866419 18.975923635065556 0
      vertex -35 19 0
    endloop
  endfacet
  facet normal -0.9987954563607843 0.049067671159865246 0
    outer loop
      vertex -40 14 0
      vertex -39.975923635065556 14.490085698664188 2.4
      vertex -39.975923635065556 14.490085698664188 0
    endloop
  endfacet
  facet normal -0.989176509724005 0.14673047607854153 0
    outer loop
      vertex -39.975923635065556 14.490085698664188 0
      vertex -39.9039264023304 14.975451610982418 2.4
      vertex -39.9039264023304 14.975451610982418 0
    endloop
  endfacet
  facet normal -0.9700312510179105 0.24298018859287093 0
    outer loop
      vertex -39.9039264023304 14.975451610982418 0
      vertex -39.78470167517662 15.45142338424921 2.4
      vertex -39.78470167517662 15.45142338424921 0
    endloop
  endfacet
  facet normal -0.941544067614677 0.33688984659619614 0
    outer loop
      vertex -39.78470167517662 15.45142338424921 0
      vertex -39.61939766258001 15.913417160511017 2.4
      vertex -39.61939766258001 15.913417160511017 0
    endloop
  endfacet
  facet normal -0.9039892942597553 0.42755509102775247 0
    outer loop
      vertex -39.61939766258001 15.913417160511017 0
      vertex -39.40960632264614 16.356983684003353 2.4
      vertex -39.40960632264614 16.356983684003353 0
    endloop
  endfacet
  facet normal -0.8577286066956991 0.5141027497065688 0
    outer loop
      vertex -39.40960632264614 16.356983684003353 0
      vertex -39.157348059117794 16.777851164340973 2.4
      vertex -39.157348059117794 16.777851164340973 0
    endloop
  endfacet
  facet normal -0.8032075338446832 0.5956993013048966 0
    outer loop
      vertex -39.157348059117794 16.777851164340973 0
      vertex -38.86505226790905 17.171966418623924 2.4
      vertex -38.86505226790905 17.171966418623924 0
    endloop
  endfacet
  facet normal -0.7409511245144411 0.6715589557743871 0
    outer loop
      vertex -38.86505226790905 17.171966418623924 0
      vertex -38.5355339050293 17.535533905029297 2.4
      vertex -38.5355339050293 17.535533905029297 0
    endloop
  endfacet
  facet normal -0.6715589557743871 0.7409511245144411 0
    outer loop
      vertex -38.5355339050293 17.535533905029297 0
      vertex -38.171966418623924 17.86505226790905 2.4
      vertex -38.171966418623924 17.86505226790905 0
    endloop
  endfacet
  facet normal -0.5956993013048966 0.8032075338446832 0
    outer loop
      vertex -38.171966418623924 17.86505226790905 0
      vertex -37.77785116434097 18.157348059117794 2.4
      vertex -37.77785116434097 18.157348059117794 0
    endloop
  endfacet
  facet normal -0.5141027497065688 0.8577286066956991 0
    outer loop
      vertex -37.77785116434097 18.157348059117794 0
      vertex -37.35698368400335 18.40960632264614 2.4
      vertex -37.35698368400335 18.40960632264614 0
    endloop
  endfacet
  facet normal -0.42755509102775247 0.9039892942597553 0
    outer loop
      vertex -37.35698368400335 18.40960632264614 0
      vertex -36.91341716051102 18.619397662580013 2.4
      vertex -36.91341716051102 18.619397662580013 0
    endloop
  endfacet
  facet normal -0.33688984659619614 0.941544067614677 0
    outer loop
      vertex -36.91341716051102 18.619397662580013 0
      vertex -36.45142338424921 18.78470167517662 2.4
      vertex -36.45142338424921 18.78470167517662 0
    endloop
  endfacet
  facet normal -0.24298018859287093 0.9700312510179105 0
    outer loop
      vertex -36.45142338424921 18.78470167517662 0
      vertex -35.97545161098242 18.9039264023304 2.4
      vertex -35.97545161098242 18.9039264023304 0
    endloop
  endfacet
  facet normal -0.14673047607854153 0.989176509724005 0
    outer loop
      vertex -35.97545161098242 18.9039264023304 0
      vertex -35.49008569866419 18.975923635065556 2.4
      vertex -35.49008569866419 18.975923635065556 0
    endloop
  endfacet
  facet normal -0.049067671159865246 0.9987954563607843 0
    outer loop
      vertex -35.49008569866419 18.975923635065556 0
      vertex -35 19 2.4
      vertex -35 19 0
    endloop
  endfacet
  facet normal -0.9987954563607843 0.049067671159865246 0
    outer loop
      vertex -40 14 0
      vertex -40 14 2.4
      vertex -39.975923635065556 14.490085698664188 2.4
    endloop
  endfacet
  facet normal -0.989176509724005 0.14673047607854153 0
    outer loop
      vertex -39.975923635065556 14.490085698664188 0
      vertex -39.975923635065556 14.490085698664188 2.4
      vertex -39.9039264023304 14.975451610982418 2.4
    endloop
  endfacet
  facet normal -0.9700312510179105 0.24298018859287093 0
    outer loop
      vertex -39.9039264023304 14.975451610982418 0
      vertex -39.9039264023304 14.975451610982418 2.4
      vertex -39.78470167517662 15.45142338424921 2.4
    endloop
  endfacet
  facet normal -0.941544067614677 0.33688984659619614 0
    outer loop
      vertex -39.78470167517662 15.45142338424921 0
      vertex -39.78470167517662 15.45142338424921 2.4
      vertex -39.61939766258001 15.913417160511017 2.4
    endloop
  endfacet
  facet normal -0.9039892942597553 0.42755509102775247 0
    outer loop
      vertex -39.61939766258001 15.913417160511017 0
      vertex -39.61939766258001 15.913417160511017 2.4
      vertex -39.40960632264614 16.356983684003353 2.4
    endloop
  endfacet
  facet normal -0.8577286066956991 0.5141027497065688 0
    outer loop
      vertex -39.40960632264614 16.356983684003353 0
      vertex -39.40960632264614 16.356983684003353 2.4
      vertex -39.157348059117794 16.777851164340973 2.4
    endloop
  endfacet
  facet normal -0.8032075338446832 0.5956993013048966 0
    outer loop
      vertex -39.157348059117794 16.777851164340973 0
      vertex -39.157348059117794 16.777851164340973 2.4
      vertex -38.86505226790905 17.171966418623924 2.4
    endloop
  endfacet
  facet normal -0.7409511245144411 0.6715589557743871 0
    outer loop
      vertex -38.86505226790905 17.171966418623924 0
      vertex -38.86505226790905 17.171966418623924 2.4
      vertex -38.5355339050293 17.535533905029297 2.4
    endloop
  endfacet
  facet normal -0.6715589557743871 0.7409511245144411 0
    outer loop
      vertex -38.5355339050293 17.535533905029297 0
      vertex -38.5355339050293 17.535533905029297 2.4
      vertex -38.171966418623924 17.86505226790905 2.4
    endloop
  endfacet
  facet normal -0.5956993013048966 0.8032075338446832 0
    outer loop
      vertex -38.171966418623924 17.86505226790905 0
      vertex -38.171966418623924 17.86505226790905 2.4
      vertex -37.77785116434097 18.157348059117794 2.4
    endloop
  endfacet
  facet normal -0.5141027497065688 0.8577286066956991 0
    outer loop
      vertex -37.77785116434097 18.157348059117794 0
      vertex -37.77785116434097 18.157348059117794 2.4
      vertex -37.35698368400335 18.40960632264614 2.4
    endloop
  endfacet
  facet normal -0.42755509102775247 0.9039892942597553 0
    outer loop
      vertex -37.35698368400335 18.40960632264614 0
      vertex -37.35698368400335 18.40960632264614 2.4
      vertex -36.91341716051102 18.619397662580013 2.4
    endloop
  endfacet
  facet normal -0.33688984659619614 0.941544067614677 0
    outer loop
      vertex -36.91341716051102 18.619397662580013 0
      vertex -36.91341716051102 18.619397662580013 2.4
      vertex -36.45142338424921 18.78470167517662 2.4
    endloop
  endfacet
  facet normal -0.24298018859287093 0.9700312510179105 0
    outer loop
      vertex -36.45142338424921 18.78470167517662 0
      vertex -36.45142338424921 18.78470167517662 2.4
      vertex -35.97545161098242 18.9039264023304 2.4
    endloop
  endfacet
  facet normal -0.14673047607854153 0.989176509724005 0
    outer loop
      vertex -35.97545161098242 18.9039264023304 0
      vertex -35.97545161098242 18.9039264023304 2.4
      vertex -35.49008569866419 18.975923635065556 2.4
    endloop
  endfacet
  facet normal -0.049067671159865246 0.9987954563607843 0
    outer loop
      vertex -35.49008569866419 18.975923635065556 0
      vertex -35.49008569866419 18.975923635065556 2.4
      vertex -35 19 2.4
    endloop
  endfacet
  facet normal 0 0 1
    outer loop
      vertex -40 14 2.4
      vertex -34.75 15.350000000000001 2.4
      vertex -39.975923635065556 14.490085698664188 2.4
    endloop
  endfacet
  facet normal 0 0 1
    outer loop
      vertex -39.975923635065556 14.490085698664188 2.4
      vertex -34.75 15.350000000000001 2.4
      vertex -39.9039264023304 14.975451610982418 2.4
    endloop
  endfacet
  facet normal 0 0 1
    outer loop
      vertex -39.9039264023304 14.975451610982418 2.4
      vertex -34.75 15.350000000000001 2.4
      vertex -39.78470167517662 15.45142338424921 2.4
    endloop
  endfacet
  facet normal 0 0 1
    outer loop
      vertex -39.78470167517662 15.45142338424921 2.4
      vertex -34.75 16.75 2.4
      vertex -39.61939766258001 15.913417160511017 2.4
    endloop
  endfacet
  facet normal 0 0 1
    outer loop
      vertex -39.61939766258001 15.913417160511017 2.4
      vertex -34.75 16.75 2.4
      vertex -39.40960632264614 16.356983684003353 2.4
    endloop
  endfacet
  facet normal 0 0 1
    outer loop
      vertex -39.78470167517662 15.45142338424921 2.4
      vertex -34.75 15.350000000000001 2.4
      vertex -34.75 16.75 2.4
    endloop
  endfacet
  facet normal 0 0 1
    outer loop
      vertex -39.40960632264614 16.356983684003353 2.4
      vertex -34.75 16.75 2.4
      vertex -39.157348059117794 16.777851164340973 2.4
    endloop
  endfacet
  facet normal 0 0 1
    outer loop
      vertex -35.97545161098242 18.9039264023304 2.4
      vertex -35 19 2.4
      vertex -35.49008569866419 18.975923635065556 2.4
    endloop
  endfacet
  facet normal 0 0 -1
    outer loop
      vertex 11.095876642187413 4.49779844817661 0
      vertex -9.00220155182339 -2.404123357812588 0
      vertex -8.788214384192438 -1.9516855050619577 0
    endloop
  endfacet
  facet normal 0 0 -1
    outer loop
      vertex 11.095876642187413 4.49779844817661 0
      vertex -8.788214384192438 -1.9516855050619577 0
      vertex -8.619604287765736 -1.4804518539977578 0
    endloop
  endfacet
  facet normal 0 0 -1
    outer loop
      vertex 11.095876642187413 4.49779844817661 0
      vertex -8.619604287765736 -1.4804518539977578 0
      vertex -8.497995069943524 -0.994960642282254 0
    endloop
  endfacet
  facet normal 0 0 -1
    outer loop
      vertex 11.095876642187413 4.49779844817661 0
      vertex -8.497995069943524 -0.994960642282254 0
      vertex -8.424557893971796 -0.49988741568075906 0
    endloop
  endfacet
  facet normal 0 0 -1
    outer loop
      vertex 11.095876642187413 4.49779844817661 0
      vertex -8.424557893971796 -0.49988741568075906 0
      vertex -8.4 0 0
    endloop
  endfacet
  facet normal 0 0 -1
    outer loop
      vertex 11.095876642187413 4.49779844817661 0
      vertex -8.4 0 0
      vertex -8.424557893971796 0.49988741568075906 0
    endloop
  endfacet
  facet normal 0 0 -1
    outer loop
      vertex 11.095876642187413 4.49779844817661 0
      vertex -8.424557893971796 0.49988741568075906 0
      vertex -8.497995069943524 0.994960642282254 0
    endloop
  endfacet
  facet normal 0 0 -1
    outer loop
      vertex 11.095876642187413 4.49779844817661 0
      vertex -8.497995069943524 0.994960642282254 0
      vertex -8.619604287765736 1.4804518539977578 0
    endloop
  endfacet
  facet normal 0 0 -1
    outer loop
      vertex 11.095876642187413 4.49779844817661 0
      vertex -9.25950497725702 2.833408188399971 0
      vertex -9.557646687850042 3.235405749234592 0
    endloop
  endfacet
  facet normal 0 0 -1
    outer loop
      vertex 11.095876642187413 4.49779844817661 0
      vertex -11.095876642187413 4.49779844817661 0
      vertex -11.548314494938042 4.711785615807562 0
    endloop
  endfacet
  facet normal 0 0 -1
    outer loop
      vertex 11.095876642187413 4.49779844817661 0
      vertex -9.557646687850042 3.235405749234592 0
      vertex -9.893755415948608 3.6062445840513924 0
    endloop
  endfacet
  facet normal 0 0 -1
    outer loop
      vertex 11.095876642187413 4.49779844817661 0
      vertex -9.893755415948608 3.6062445840513924 0
      vertex -10.264594250765409 3.9423533121499585 0
    endloop
  endfacet
  facet normal 0 0 -1
    outer loop
      vertex 11.095876642187413 4.49779844817661 0
      vertex -10.666591811600028 4.24049502274298 0
      vertex -11.095876642187413 4.49779844817661 0
    endloop
  endfacet
  facet normal 0 0 -1
    outer loop
      vertex 11.095876642187413 4.49779844817661 0
      vertex -10.264594250765409 3.9423533121499585 0
      vertex -10.666591811600028 4.24049502274298 0
    endloop
  endfacet
  facet normal 0 0 -1
    outer loop
      vertex 11.095876642187413 4.49779844817661 0
      vertex -8.619604287765736 1.4804518539977578 0
      vertex -8.788214384192438 1.9516855050619577 0
    endloop
  endfacet
  facet normal 0 0 -1
    outer loop
      vertex 11.095876642187413 4.49779844817661 0
      vertex -8.788214384192438 1.9516855050619577 0
      vertex -9.00220155182339 2.404123357812588 0
    endloop
  endfacet
  facet normal 0 0 -1
    outer loop
      vertex 11.095876642187413 4.49779844817661 0
      vertex -9.00220155182339 2.404123357812588 0
      vertex -9.25950497725702 2.833408188399971 0
    endloop
  endfacet
  facet normal 0 0 -1
    outer loop
      vertex 12.019548146002242 4.8803957122342645 0
      vertex -13.000112584319242 5.075442106028204 0
      vertex -13.5 5.1 0
    endloop
  endfacet
  facet normal 0 0 -1
    outer loop
      vertex 12.019548146002242 4.8803957122342645 0
      vertex -12.505039357717745 5.002004930056475 0
      vertex -13.000112584319242 5.075442106028204 0
    endloop
  endfacet
  facet normal 0 0 -1
    outer loop
      vertex -12.019548146002242 4.8803957122342645 0
      vertex -12.505039357717745 5.002004930056475 0
      vertex 12.019548146002242 4.8803957122342645 0
    endloop
  endfacet
  facet normal 0 0 -1
    outer loop
      vertex -11.548314494938042 4.711785615807562 0
      vertex -12.019548146002242 4.8803957122342645 0
      vertex 11.548314494938042 4.711785615807562 0
    endloop
  endfacet
  facet normal 0 0 1
    outer loop
      vertex -19.65 -6.15 2.4
      vertex -18.502004930056476 0.994960642282254 2.4
      vertex -19.65 6.15 2.4
    endloop
  endfacet
  facet normal 0 0 1
    outer loop
      vertex -19.65 6.15 2.4
      vertex -18.502004930056476 0.994960642282254 2.4
      vertex -18.380395712234264 1.4804518539977578 2.4
    endloop
  endfacet
  facet normal 0 0 1
    outer loop
      vertex -19.65 6.15 2.4
      vertex -18.380395712234264 1.4804518539977578 2.4
      vertex -18.211785615807564 1.9516855050619577 2.4
    endloop
  endfacet
  facet normal 0 0 1
    outer loop
      vertex -19.65 6.15 2.4
      vertex -18.211785615807564 1.9516855050619577 2.4
      vertex -17.99779844817661 2.404123357812588 2.4
    endloop
  endfacet
  facet normal 0 0 1
    outer loop
      vertex -19.65 6.15 2.4
      vertex -17.99779844817661 2.404123357812588 2.4
      vertex -17.74049502274298 2.833408188399971 2.4
    endloop
  endfacet
  facet normal 0 0 1
    outer loop
      vertex -19.65 6.15 2.4
      vertex -17.74049502274298 2.833408188399971 2.4
      vertex -17.442353312149958 3.235405749234592 2.4
    endloop
  endfacet
  facet normal 0 0 1
    outer loop
      vertex -19.65 6.15 2.4
      vertex -17.442353312149958 3.235405749234592 2.4
      vertex -17.106244584051392 3.6062445840513933 2.4
    endloop
  endfacet
  facet normal 0 0 1
    outer loop
      vertex -19.65 6.15 2.4
      vertex -17.106244584051392 3.6062445840513933 2.4
      vertex -16.73540574923459 3.9423533121499585 2.4
    endloop
  endfacet
  facet normal 0 0 1
    outer loop
      vertex -19.65 6.15 2.4
      vertex -16.73540574923459 3.9423533121499585 2.4
      vertex -16.33340818839997 4.24049502274298 2.4
    endloop
  endfacet
  facet normal 0 0 1
    outer loop
      vertex -19.65 6.15 2.4
      vertex -16.33340818839997 4.24049502274298 2.4
      vertex -15.904123357812587 4.49779844817661 2.4
    endloop
  endfacet
  facet normal 0 0 1
    outer loop
      vertex -19.65 6.15 2.4
      vertex -15.904123357812587 4.49779844817661 2.4
      vertex -15.451685505061958 4.711785615807562 2.4
    endloop
  endfacet
  facet normal 0 0 1
    outer loop
      vertex -19.65 6.15 2.4
      vertex -15.451685505061958 4.711785615807562 2.4
      vertex -14.980451853997758 4.8803957122342645 2.4
    endloop
  endfacet
  facet normal 0 0 1
    outer loop
      vertex -19.65 6.15 2.4
      vertex -14.980451853997758 4.8803957122342645 2.4
      vertex -14.494960642282255 5.002004930056475 2.4
    endloop
  endfacet
  facet normal 0 0 1
    outer loop
      vertex -19.65 6.15 2.4
      vertex -14.494960642282255 5.002004930056475 2.4
      vertex -13.999887415680758 5.075442106028204 2.4
    endloop
  endfacet
  facet normal 0 0 1
    outer loop
      vertex -19.65 6.15 2.4
      vertex -13.999887415680758 5.075442106028204 2.4
      vertex -13.5 5.1 2.4
    endloop
  endfacet
  facet normal 0 0 1
    outer loop
      vertex -19.65 6.15 2.4
      vertex -13.5 5.1 2.4
      vertex -13.000112584319242 5.075442106028204 2.4
    endloop
  endfacet
  facet normal 0 0 1
    outer loop
      vertex -19.65 6.15 2.4
      vertex -13.000112584319242 5.075442106028204 2.4
      vertex -12.505039357717745 5.002004930056475 2.4
    endloop
  endfacet
  facet normal 0 0 1
    outer loop
      vertex -19.65 6.15 2.4
      vertex -12.505039357717745 5.002004930056475 2.4
      vertex -7.35 6.15 2.4
    endloop
  endfacet
  facet normal 0 0 1
    outer loop
      vertex -7.35 6.15 2.4
      vertex -12.019548146002242 4.8803957122342645 2.4
      vertex -11.548314494938042 4.711785615807562 2.4
    endloop
  endfacet
  facet normal 0 0 1
    outer loop
      vertex -7.35 6.15 2.4
      vertex -12.505039357717745 5.002004930056475 2.4
      vertex -12.019548146002242 4.8803957122342645 2.4
    endloop
  endfacet
  facet normal 0 0 1
    outer loop
      vertex -7.35 6.15 2.4
      vertex -8.424557893971796 -0.49988741568075906 2.4
      vertex -8.497995069943524 -0.994960642282254 2.4
    endloop
  endfacet
  facet normal 0 0 1
    outer loop
      vertex -7.35 6.15 2.4
      vertex -8.4 0 2.4
      vertex -8.424557893971796 -0.49988741568075906 2.4
    endloop
  endfacet
  facet normal 0 0 1
    outer loop
      vertex -7.35 6.15 2.4
      vertex -8.424557893971796 0.49988741568075906 2.4
      vertex -8.4 0 2.4
    endloop
  endfacet
  facet normal 0 0 1
    outer loop
      vertex -7.35 6.15 2.4
      vertex -8.619604287765736 1.4804518539977578 2.4
      vertex -8.497995069943524 0.994960642282254 2.4
    endloop
  endfacet
  facet normal 0 0 1
    outer loop
      vertex -7.35 6.15 2.4
      vertex -8.497995069943524 0.994960642282254 2.4
      vertex -8.424557893971796 0.49988741568075906 2.4
    endloop
  endfacet
  facet normal 0 0 1
    outer loop
      vertex -7.35 6.15 2.4
      vertex -8.788214384192438 1.9516855050619577 2.4
      vertex -8.619604287765736 1.4804518539977578 2.4
    endloop
  endfacet
  facet normal 0 0 1
    outer loop
      vertex -7.35 6.15 2.4
      vertex -9.00220155182339 2.404123357812588 2.4
      vertex -8.788214384192438 1.9516855050619577 2.4
    endloop
  endfacet
  facet normal 0 0 1
    outer loop
      vertex -7.35 6.15 2.4
      vertex -9.893755415948608 3.6062445840513924 2.4
      vertex -9.557646687850042 3.235405749234592 2.4
    endloop
  endfacet
  facet normal 0 0 1
    outer loop
      vertex -7.35 6.15 2.4
      vertex -10.264594250765409 3.9423533121499585 2.4
      vertex -9.893755415948608 3.6062445840513924 2.4
    endloop
  endfacet
  facet normal 0 0 1
    outer loop
      vertex -7.35 6.15 2.4
      vertex -9.25950497725702 2.833408188399971 2.4
      vertex -9.00220155182339 2.404123357812588 2.4
    endloop
  endfacet
  facet normal 0 0 1
    outer loop
      vertex -7.35 6.15 2.4
      vertex -9.557646687850042 3.235405749234592 2.4
      vertex -9.25950497725702 2.833408188399971 2.4
    endloop
  endfacet
  facet normal 0 0 1
    outer loop
      vertex -6.15 -6.15 2.4
      vertex 6.15 6.15 2.4
      vertex -6.15 6.15 2.4
    endloop
  endfacet
  facet normal 0 0 1
    outer loop
      vertex -7.35 6.15 2.4
      vertex -11.095876642187413 4.49779844817661 2.4
      vertex -10.666591811600028 4.24049502274298 2.4
    endloop
  endfacet
  facet normal 0 0 1
    outer loop
      vertex -7.35 6.15 2.4
      vertex -10.666591811600028 4.24049502274298 2.4
      vertex -10.264594250765409 3.9423533121499585 2.4
    endloop
  endfacet
  facet normal 0 0 1
    outer loop
      vertex -7.35 6.15 2.4
      vertex -11.548314494938042 4.711785615807562 2.4
      vertex -11.095876642187413 4.49779844817661 2.4
    endloop
  endfacet
  facet normal 0 0 1
    outer loop
      vertex -6.15 6.15 2.4
      vertex 6.15 6.15 2.4
      vertex -6.1499999999999995 7.35 2.4
    endloop
  endfacet
  facet normal 0 0 -1
    outer loop
      vertex -40 14 0
      vertex -39.975923635065556 14.490085698664188 0
      vertex 39.78470167517662 15.45142338424921 0
    endloop
  endfacet
  facet normal 0 0 -1
    outer loop
      vertex -39.975923635065556 14.490085698664188 0
      vertex -39.9039264023304 14.975451610982418 0
      vertex 39.61939766258001 15.913417160511017 0
    endloop
  endfacet
  facet normal 0 0 -1
    outer loop
      vertex -39.9039264023304 14.975451610982418 0
      vertex -39.78470167517662 15.45142338424921 0
      vertex 39.40960632264614 16.356983684003353 0
    endloop
  endfacet
  facet normal 0 0 -1
    outer loop
      vertex -39.78470167517662 15.45142338424921 0
      vertex -39.61939766258001 15.913417160511017 0
      vertex 39.157348059117794 16.777851164340973 0
    endloop
  endfacet
  facet normal 0 0 -1
    outer loop
      vertex -39.61939766258001 15.913417160511017 0
      vertex -39.40960632264614 16.356983684003353 0
      vertex 38.86505226790905 17.171966418623924 0
    endloop
  endfacet
  facet normal 0 0 -1
    outer loop
      vertex -39.40960632264614 16.356983684003353 0
      vertex -39.157348059117794 16.777851164340973 0
      vertex 38.5355339050293 17.535533905029297 0
    endloop
  endfacet
  facet normal 0 0 -1
    outer loop
      vertex -39.157348059117794 16.777851164340973 0
      vertex -38.86505226790905 17.171966418623924 0
      vertex 38.171966418623924 17.86505226790905 0
    endloop
  endfacet
  facet normal 0 0 -1
    outer loop
      vertex -38.86505226790905 17.171966418623924 0
      vertex -38.5355339050293 17.535533905029297 0
      vertex 37.77785116434097 18.157348059117794 0
    endloop
  endfacet
  facet normal 0 0 -1
    outer loop
      vertex -38.5355339050293 17.535533905029297 0
      vertex -38.171966418623924 17.86505226790905 0
      vertex 37.35698368400335 18.40960632264614 0
    endloop
  endfacet
  facet normal 0 0 -1
    outer loop
      vertex -38.171966418623924 17.86505226790905 0
      vertex -37.77785116434097 18.157348059117794 0
      vertex 36.91341716051102 18.619397662580013 0
    endloop
  endfacet
  facet normal 0 0 -1
    outer loop
      vertex -37.77785116434097 18.157348059117794 0
      vertex -37.35698368400335 18.40960632264614 0
      vertex 36.45142338424921 18.78470167517662 0
    endloop
  endfacet
  facet normal 0 0 -1
    outer loop
      vertex -37.35698368400335 18.40960632264614 0
      vertex -36.91341716051102 18.619397662580013 0
      vertex 35.97545161098242 18.9039264023304 0
    endloop
  endfacet
  facet normal 0 0 -1
    outer loop
      vertex -36.91341716051102 18.619397662580013 0
      vertex -36.45142338424921 18.78470167517662 0
      vertex 35.49008569866419 18.975923635065556 0
    endloop
  endfacet
  facet normal 0 0 -1
    outer loop
      vertex -36.45142338424921 18.78470167517662 0
      vertex -35.97545161098242 18.9039264023304 0
      vertex 35 19 0
    endloop
  endfacet
  facet normal 0 0 -1
    outer loop
      vertex -35.97545161098242 18.9039264023304 0
      vertex -35 19 0
      vertex 35 19 0
    endloop
  endfacet
  facet normal 0 0 -1
    outer loop
      vertex -40 14 0
      vertex 39.9039264023304 14.975451610982418 0
      vertex -13.5 5.1 0
    endloop
  endfacet
  facet normal 0 0 1
    outer loop
      vertex -40 14 2.4
      vertex -37.75 13.75 2.4
      vertex 39.9039264023304 14.975451610982418 2.4
    endloop
  endfacet
  facet normal 0 0 1
    outer loop
      vertex -37.75 13.75 2.4
      vertex -36.349999999999994 13.75 2.4
      vertex 39.9039264023304 14.975451610982418 2.4
    endloop
  endfacet
  facet normal 0 1 0
    outer loop
      vertex -35 19 0
      vertex -35 19 2.4
      vertex 35 19 2.4
    endloop
  endfacet
  facet normal 0 0 1
    outer loop
      vertex -40 14 2.4
      vertex 34.75 15.350000000000001 2.4
      vertex -34.75 15.350000000000001 2.4
    endloop
  endfacet
  facet normal 0 0 1
    outer loop
      vertex -39.157348059117794 16.777851164340973 2.4
      vertex -34.75 16.75 2.4
      vertex 34.75 16.75 2.4
    endloop
  endfacet
  facet normal 0 0 1
    outer loop
      vertex -39.157348059117794 16.777851164340973 2.4
      vertex 38.171966418623924 17.86505226790905 2.4
      vertex -38.86505226790905 17.171966418623924 2.4
    endloop
  endfacet
  facet normal 0 0 1
    outer loop
      vertex -38.86505226790905 17.171966418623924 2.4
      vertex 37.77785116434097 18.157348059117794 2.4
      vertex -38.5355339050293 17.535533905029297 2.4
    endloop
  endfacet
  facet normal 0 0 1
    outer loop
      vertex -38.5355339050293 17.535533905029297 2.4
      vertex 37.35698368400335 18.40960632264614 2.4
      vertex -38.171966418623924 17.86505226790905 2.4
    endloop
  endfacet
  facet normal 0 0 1
    outer loop
      vertex -38.171966418623924 17.86505226790905 2.4
      vertex 36.91341716051102 18.619397662580013 2.4
      vertex -37.77785116434097 18.157348059117794 2.4
    endloop
  endfacet
  facet normal 0 0 1
    outer loop
      vertex -37.77785116434097 18.157348059117794 2.4
      vertex 36.45142338424921 18.78470167517662 2.4
      vertex -37.35698368400335 18.40960632264614 2.4
    endloop
  endfacet
  facet normal 0 0 1
    outer loop
      vertex -37.35698368400335 18.40960632264614 2.4
      vertex 35.97545161098242 18.9039264023304 2.4
      vertex -36.91341716051102 18.619397662580013 2.4
    endloop
  endfacet
  facet normal 0 0 1
    outer loop
      vertex -36.91341716051102 18.619397662580013 2.4
      vertex 35.49008569866419 18.975923635065556 2.4
      vertex -36.45142338424921 18.78470167517662 2.4
    endloop
  endfacet
  facet normal 0 0 1
    outer loop
      vertex -36.45142338424921 18.78470167517662 2.4
      vertex 35 19 2.4
      vertex -35.97545161098242 18.9039264023304 2.4
    endloop
  endfacet
  facet normal 0 0 1
    outer loop
      vertex -35.97545161098242 18.9039264023304 2.4
      vertex 35 19 2.4
      vertex -35 19 2.4
    endloop
  endfacet
  facet normal 0 0 1
    outer loop
      vertex -36.349999999999994 13.75 2.4
      vertex -6.1499999999999995 7.35 2.4
      vertex 39.9039264023304 14.975451610982418 2.4
    endloop
  endfacet
  facet normal 0 0 -1
    outer loop
      vertex -39.9039264023304 -14.975451610982418 0
      vertex 13.806419998407364 -13.41031999886036 0
      vertex 40 -14 0
    endloop
  endfacet
  facet normal 0 0 -1
    outer loop
      vertex -12.797499999403954 -12.330600000917912 0
      vertex 12.111100003123283 -12.303640000522137 0
      vertex 13.193379998207092 -13.41031999886036 0
    endloop
  endfacet
  facet normal 0 0 -1
    outer loop
      vertex -12.797499999403954 -11.668719999492168 0
      vertex 12.111100003123283 -11.696039997041225 0
      vertex 12.111100003123283 -12.303640000522137 0
    endloop
  endfacet
  facet normal 0 0 -1
    outer loop
      vertex -35 -19 0
      vertex 35.97545161098242 -18.9039264023304 0
      vertex 35 -19 0
    endloop
  endfacet
  facet normal 0 0 -1
    outer loop
      vertex -35 -19 0
      vertex 36.45142338424921 -18.78470167517662 0
      vertex 35.97545161098242 -18.9039264023304 0
    endloop
  endfacet
  facet normal 0 0 -1
    outer loop
      vertex -35.49008569866419 -18.975923635065556 0
      vertex 36.91341716051102 -18.619397662580013 0
      vertex 36.45142338424921 -18.78470167517662 0
    endloop
  endfacet
  facet normal 0 0 -1
    outer loop
      vertex -35.97545161098242 -18.9039264023304 0
      vertex 37.35698368400335 -18.40960632264614 0
      vertex 36.91341716051102 -18.619397662580013 0
    endloop
  endfacet
  facet normal 0 0 -1
    outer loop
      vertex -36.45142338424921 -18.78470167517662 0
      vertex 37.77785116434097 -18.157348059117794 0
      vertex 37.35698368400335 -18.40960632264614 0
    endloop
  endfacet
  facet normal 0 0 -1
    outer loop
      vertex -36.91341716051102 -18.619397662580013 0
      vertex 38.171966418623924 -17.86505226790905 0
      vertex 37.77785116434097 -18.157348059117794 0
    endloop
  endfacet
  facet normal 0 0 -1
    outer loop
      vertex -37.35698368400335 -18.40960632264614 0
      vertex 38.5355339050293 -17.535533905029297 0
      vertex 38.171966418623924 -17.86505226790905 0
    endloop
  endfacet
  facet normal 0 0 -1
    outer loop
      vertex -37.77785116434097 -18.157348059117794 0
      vertex 38.86505226790905 -17.171966418623924 0
      vertex 38.5355339050293 -17.535533905029297 0
    endloop
  endfacet
  facet normal 0 0 -1
    outer loop
      vertex -38.171966418623924 -17.86505226790905 0
      vertex 39.157348059117794 -16.777851164340973 0
      vertex 38.86505226790905 -17.171966418623924 0
    endloop
  endfacet
  facet normal 0 0 -1
    outer loop
      vertex -38.5355339050293 -17.535533905029297 0
      vertex 39.40960632264614 -16.356983684003353 0
      vertex 39.157348059117794 -16.777851164340973 0
    endloop
  endfacet
  facet normal 0 0 -1
    outer loop
      vertex -38.86505226790905 -17.171966418623924 0
      vertex 39.61939766258001 -15.913417160511017 0
      vertex 39.40960632264614 -16.356983684003353 0
    endloop
  endfacet
  facet normal 0 0 -1
    outer loop
      vertex -39.157348059117794 -16.777851164340973 0
      vertex 39.78470167517662 -15.45142338424921 0
      vertex 39.61939766258001 -15.913417160511017 0
    endloop
  endfacet
  facet normal 0 0 -1
    outer loop
      vertex -39.40960632264614 -16.356983684003353 0
      vertex 39.9039264023304 -14.975451610982418 0
      vertex 39.78470167517662 -15.45142338424921 0
    endloop
  endfacet
  facet normal 0 0 -1
    outer loop
      vertex -39.61939766258001 -15.913417160511017 0
      vertex 39.975923635065556 -14.490085698664188 0
      vertex 39.9039264023304 -14.975451610982418 0
    endloop
  endfacet
  facet normal 0 0 -1
    outer loop
      vertex -39.78470167517662 -15.45142338424921 0
      vertex 40 -14 0
      vertex 39.975923635065556 -14.490085698664188 0
    endloop
  endfacet
  facet normal 0 0 -1
    outer loop
      vertex 13.193379998207092 -12.303640000522137 0
      vertex 13.193379998207092 -13.41031999886036 0
      vertex 12.111100003123283 -12.303640000522137 0
    endloop
  endfacet
  facet normal 0 0 -1
    outer loop
      vertex 13.806419998407364 -12.303640000522137 0
      vertex 14.89682000130415 -12.303640000522137 0
      vertex 13.806419998407364 -13.41031999886036 0
    endloop
  endfacet
  facet normal 0 0 -1
    outer loop
      vertex 12.111100003123283 -11.696039997041225 0
      vertex 13.193379998207092 -10.589319996535778 0
      vertex 13.193379998207092 -11.696039997041225 0
    endloop
  endfacet
  facet normal 0 0 -1
    outer loop
      vertex 13.806419998407364 -10.589319996535778 0
      vertex 14.89682000130415 -11.696039997041225 0
      vertex 13.806419998407364 -11.696039997041225 0
    endloop
  endfacet
  facet normal 0 0 1
    outer loop
      vertex -39.9039264023304 -14.975451610982418 2.4
      vertex 36.349999999999994 -13.75 2.4
      vertex 6.1499999999999995 -7.35 2.4
    endloop
  endfacet
  facet normal 0 -1 0
    outer loop
      vertex -35 -19 2.4
      vertex 35 -19 0
      vertex 35 -19 2.4
    endloop
  endfacet
  facet normal 0 0 1
    outer loop
      vertex -35 -19 2.4
      vertex 35 -19 2.4
      vertex 35.97545161098242 -18.9039264023304 2.4
    endloop
  endfacet
  facet normal 0 0 1
    outer loop
      vertex -35 -19 2.4
      vertex 35.97545161098242 -18.9039264023304 2.4
      vertex 36.45142338424921 -18.78470167517662 2.4
    endloop
  endfacet
  facet normal 0 0 1
    outer loop
      vertex -35.49008569866419 -18.975923635065556 2.4
      vertex 36.45142338424921 -18.78470167517662 2.4
      vertex 36.91341716051102 -18.619397662580013 2.4
    endloop
  endfacet
  facet normal 0 0 1
    outer loop
      vertex -35.97545161098242 -18.9039264023304 2.4
      vertex 36.91341716051102 -18.619397662580013 2.4
      vertex 37.35698368400335 -18.40960632264614 2.4
    endloop
  endfacet
  facet normal 0 0 1
    outer loop
      vertex -36.45142338424921 -18.78470167517662 2.4
      vertex 37.35698368400335 -18.40960632264614 2.4
      vertex 37.77785116434097 -18.157348059117794 2.4
    endloop
  endfacet
  facet normal 0 0 1
    outer loop
      vertex -36.91341716051102 -18.619397662580013 2.4
      vertex 37.77785116434097 -18.157348059117794 2.4
      vertex 38.171966418623924 -17.86505226790905 2.4
    endloop
  endfacet
  facet normal 0 0 1
    outer loop
      vertex -37.35698368400335 -18.40960632264614 2.4
      vertex 38.171966418623924 -17.86505226790905 2.4
      vertex 38.5355339050293 -17.535533905029297 2.4
    endloop
  endfacet
  facet normal 0 0 1
    outer loop
      vertex -37.77785116434097 -18.157348059117794 2.4
      vertex 38.5355339050293 -17.535533905029297 2.4
      vertex 38.86505226790905 -17.171966418623924 2.4
    endloop
  endfacet
  facet normal 0 0 1
    outer loop
      vertex -38.171966418623924 -17.86505226790905 2.4
      vertex 38.86505226790905 -17.171966418623924 2.4
      vertex 39.157348059117794 -16.777851164340973 2.4
    endloop
  endfacet
  facet normal 0 0 1
    outer loop
      vertex -34.75 -16.75 2.4
      vertex 39.157348059117794 -16.777851164340973 2.4
      vertex 34.75 -16.75 2.4
    endloop
  endfacet
  facet normal 0 0 1
    outer loop
      vertex -34.75 -15.350000000000001 2.4
      vertex 34.75 -15.350000000000001 2.4
      vertex 40 -14 2.4
    endloop
  endfacet
  facet normal 0 0 1
    outer loop
      vertex -39.9039264023304 -14.975451610982418 2.4
      vertex 37.75 -13.75 2.4
      vertex 36.349999999999994 -13.75 2.4
    endloop
  endfacet
  facet normal 0 0 1
    outer loop
      vertex -39.9039264023304 -14.975451610982418 2.4
      vertex 40 -14 2.4
      vertex 37.75 -13.75 2.4
    endloop
  endfacet
  facet normal 0 0 -1
    outer loop
      vertex -11.095876642187413 -4.49779844817661 0
      vertex 9.557646687850042 -3.235405749234592 0
      vertex 12.111100003123283 -11.696039997041225 0
    endloop
  endfacet
  facet normal 0 0 -1
    outer loop
      vertex -11.095876642187413 -4.49779844817661 0
      vertex 9.00220155182339 -2.404123357812588 0
      vertex 9.25950497725702 -2.833408188399971 0
    endloop
  endfacet
  facet normal 0 0 -1
    outer loop
      vertex -11.095876642187413 -4.49779844817661 0
      vertex 8.788214384192438 -1.9516855050619577 0
      vertex 9.00220155182339 -2.404123357812588 0
    endloop
  endfacet
  facet normal 0 0 -1
    outer loop
      vertex -11.095876642187413 -4.49779844817661 0
      vertex 8.619604287765736 -1.4804518539977578 0
      vertex 8.788214384192438 -1.9516855050619577 0
    endloop
  endfacet
  facet normal 0 0 -1
    outer loop
      vertex -11.095876642187413 -4.49779844817661 0
      vertex 9.25950497725702 -2.833408188399971 0
      vertex 9.557646687850042 -3.235405749234592 0
    endloop
  endfacet
  facet normal 0 0 -1
    outer loop
      vertex -11.095876642187413 -4.49779844817661 0
      vertex 8.497995069943524 -0.994960642282254 0
      vertex 8.619604287765736 -1.4804518539977578 0
    endloop
  endfacet
  facet normal 0 0 -1
    outer loop
      vertex -11.095876642187413 -4.49779844817661 0
      vertex 8.424557893971796 -0.49988741568075906 0
      vertex 8.497995069943524 -0.994960642282254 0
    endloop
  endfacet
  facet normal 0 0 -1
    outer loop
      vertex -11.095876642187413 -4.49779844817661 0
      vertex 8.4 0 0
      vertex 8.424557893971796 -0.49988741568075906 0
    endloop
  endfacet
  facet normal 0 0 -1
    outer loop
      vertex -11.095876642187413 -4.49779844817661 0
      vertex 8.424557893971796 0.49988741568075906 0
      vertex 8.4 0 0
    endloop
  endfacet
  facet normal 0 0 -1
    outer loop
      vertex -11.095876642187413 -4.49779844817661 0
      vertex 8.497995069943524 0.994960642282254 0
      vertex 8.424557893971796 0.49988741568075906 0
    endloop
  endfacet
  facet normal 0 0 -1
    outer loop
      vertex -11.095876642187413 -4.49779844817661 0
      vertex 8.619604287765736 1.4804518539977578 0
      vertex 8.497995069943524 0.994960642282254 0
    endloop
  endfacet
  facet normal 0 0 -1
    outer loop
      vertex -11.095876642187413 -4.49779844817661 0
      vertex 8.788214384192438 1.9516855050619577 0
      vertex 8.619604287765736 1.4804518539977578 0
    endloop
  endfacet
  facet normal 0 0 -1
    outer loop
      vertex -11.095876642187413 -4.49779844817661 0
      vertex 9.00220155182339 2.404123357812588 0
      vertex 8.788214384192438 1.9516855050619577 0
    endloop
  endfacet
  facet normal 0 0 -1
    outer loop
      vertex 12.111100003123283 -11.696039997041225 0
      vertex 11.548314494938042 -4.711785615807562 0
      vertex 13.193379998207092 -10.589319996535778 0
    endloop
  endfacet
  facet normal 0 0 -1
    outer loop
      vertex 13.193379998207092 -10.589319996535778 0
      vertex 13.5 -5.1 0
      vertex 13.806419998407364 -10.589319996535778 0
    endloop
  endfacet
  facet normal 0 0 -1
    outer loop
      vertex 12.111100003123283 -11.696039997041225 0
      vertex 10.264594250765409 -3.9423533121499585 0
      vertex 10.666591811600028 -4.24049502274298 0
    endloop
  endfacet
  facet normal 0 0 -1
    outer loop
      vertex 12.111100003123283 -11.696039997041225 0
      vertex 9.557646687850042 -3.235405749234592 0
      vertex 9.893755415948608 -3.6062445840513924 0
    endloop
  endfacet
  facet normal 0 0 -1
    outer loop
      vertex 12.111100003123283 -11.696039997041225 0
      vertex 9.893755415948608 -3.6062445840513924 0
      vertex 10.264594250765409 -3.9423533121499585 0
    endloop
  endfacet
  facet normal 0 0 -1
    outer loop
      vertex 12.111100003123283 -11.696039997041225 0
      vertex 11.095876642187413 -4.49779844817661 0
      vertex 11.548314494938042 -4.711785615807562 0
    endloop
  endfacet
  facet normal 0 0 -1
    outer loop
      vertex 12.111100003123283 -11.696039997041225 0
      vertex 10.666591811600028 -4.24049502274298 0
      vertex 11.095876642187413 -4.49779844817661 0
    endloop
  endfacet
  facet normal 0 0 -1
    outer loop
      vertex 13.193379998207092 -10.589319996535778 0
      vertex 11.548314494938042 -4.711785615807562 0
      vertex 12.019548146002242 -4.8803957122342645 0
    endloop
  endfacet
  facet normal 0 0 -1
    outer loop
      vertex 13.193379998207092 -10.589319996535778 0
      vertex 12.505039357717745 -5.002004930056475 0
      vertex 13.000112584319242 -5.075442106028204 0
    endloop
  endfacet
  facet normal 0 0 -1
    outer loop
      vertex 13.193379998207092 -10.589319996535778 0
      vertex 12.019548146002242 -4.8803957122342645 0
      vertex 12.505039357717745 -5.002004930056475 0
    endloop
  endfacet
  facet normal 0 0 -1
    outer loop
      vertex 13.193379998207092 -10.589319996535778 0
      vertex 13.000112584319242 -5.075442106028204 0
      vertex 13.5 -5.1 0
    endloop
  endfacet
  facet normal 0 0 -1
    outer loop
      vertex 13.806419998407364 -10.589319996535778 0
      vertex 13.5 -5.1 0
      vertex 13.999887415680758 -5.075442106028204 0
    endloop
  endfacet
  facet normal 0 0 -1
    outer loop
      vertex 13.806419998407364 -10.589319996535778 0
      vertex 13.999887415680758 -5.075442106028204 0
      vertex 14.494960642282255 -5.002004930056475 0
    endloop
  endfacet
  facet normal 0 0 -1
    outer loop
      vertex 13.806419998407364 -10.589319996535778 0
      vertex 14.494960642282255 -5.002004930056475 0
      vertex 14.980451853997758 -4.8803957122342645 0
    endloop
  endfacet
  facet normal 0 0 -1
    outer loop
      vertex 13.806419998407364 -10.589319996535778 0
      vertex 14.980451853997758 -4.8803957122342645 0
      vertex 15.451685505061958 -4.711785615807562 0
    endloop
  endfacet
  facet normal 0 0 -1
    outer loop
      vertex 13.806419998407364 -10.589319996535778 0
      vertex 15.451685505061958 -4.711785615807562 0
      vertex 15.904123357812587 -4.49779844817661 0
    endloop
  endfacet
  facet normal 0 0 1
    outer loop
      vertex -6.15 -6.15 2.4
      vertex 6.1499999999999995 -7.35 2.4
      vertex 6.15 -6.15 2.4
    endloop
  endfacet
  facet normal 0 0 1
    outer loop
      vertex 7.35 -6.15 2.4
      vertex 11.548314494938042 -4.711785615807562 2.4
      vertex 11.095876642187413 -4.49779844817661 2.4
    endloop
  endfacet
  facet normal 0 0 1
    outer loop
      vertex 7.35 -6.15 2.4
      vertex 10.666591811600028 -4.24049502274298 2.4
      vertex 10.264594250765409 -3.9423533121499585 2.4
    endloop
  endfacet
  facet normal 0 0 1
    outer loop
      vertex 7.35 -6.15 2.4
      vertex 11.095876642187413 -4.49779844817661 2.4
      vertex 10.666591811600028 -4.24049502274298 2.4
    endloop
  endfacet
  facet normal 0 0 1
    outer loop
      vertex -6.15 -6.15 2.4
      vertex 6.15 -6.15 2.4
      vertex 6.15 6.15 2.4
    endloop
  endfacet
  facet normal 0 0 1
    outer loop
      vertex 7.35 -6.15 2.4
      vertex 9.557646687850042 -3.235405749234592 2.4
      vertex 9.25950497725702 -2.833408188399971 2.4
    endloop
  endfacet
  facet normal 0 0 1
    outer loop
      vertex 7.35 -6.15 2.4
      vertex 9.25950497725702 -2.833408188399971 2.4
      vertex 9.00220155182339 -2.404123357812588 2.4
    endloop
  endfacet
  facet normal 0 0 1
    outer loop
      vertex 7.35 -6.15 2.4
      vertex 10.264594250765409 -3.9423533121499585 2.4
      vertex 9.893755415948608 -3.6062445840513924 2.4
    endloop
  endfacet
  facet normal 0 0 1
    outer loop
      vertex 7.35 -6.15 2.4
      vertex 9.893755415948608 -3.6062445840513924 2.4
      vertex 9.557646687850042 -3.235405749234592 2.4
    endloop
  endfacet
  facet normal 0 0 1
    outer loop
      vertex 7.35 -6.15 2.4
      vertex 9.00220155182339 -2.404123357812588 2.4
      vertex 8.788214384192438 -1.9516855050619577 2.4
    endloop
  endfacet
  facet normal 0 0 1
    outer loop
      vertex 7.35 -6.15 2.4
      vertex 8.788214384192438 -1.9516855050619577 2.4
      vertex 8.619604287765736 -1.4804518539977578 2.4
    endloop
  endfacet
  facet normal 0 0 1
    outer loop
      vertex 7.35 -6.15 2.4
      vertex 8.497995069943524 -0.994960642282254 2.4
      vertex 8.424557893971796 -0.49988741568075906 2.4
    endloop
  endfacet
  facet normal 0 0 1
    outer loop
      vertex 7.35 -6.15 2.4
      vertex 8.619604287765736 -1.4804518539977578 2.4
      vertex 8.497995069943524 -0.994960642282254 2.4
    endloop
  endfacet
  facet normal 0 0 1
    outer loop
      vertex 7.35 -6.15 2.4
      vertex 8.424557893971796 -0.49988741568075906 2.4
      vertex 8.4 0 2.4
    endloop
  endfacet
  facet normal 0 0 1
    outer loop
      vertex 7.35 -6.15 2.4
      vertex 8.4 0 2.4
      vertex 8.424557893971796 0.49988741568075906 2.4
    endloop
  endfacet
  facet normal 0 0 1
    outer loop
      vertex 7.35 -6.15 2.4
      vertex 8.424557893971796 0.49988741568075906 2.4
      vertex 8.497995069943524 0.994960642282254 2.4
    endloop
  endfacet
  facet normal 0 0 1
    outer loop
      vertex 7.35 -6.15 2.4
      vertex 12.505039357717745 -5.002004930056475 2.4
      vertex 12.019548146002242 -4.8803957122342645 2.4
    endloop
  endfacet
  facet normal 0 0 1
    outer loop
      vertex 7.35 -6.15 2.4
      vertex 12.019548146002242 -4.8803957122342645 2.4
      vertex 11.548314494938042 -4.711785615807562 2.4
    endloop
  endfacet
  facet normal 0 0 1
    outer loop
      vertex 7.35 -6.15 2.4
      vertex 19.65 -6.15 2.4
      vertex 12.505039357717745 -5.002004930056475 2.4
    endloop
  endfacet
  facet normal 0 0 1
    outer loop
      vertex 19.65 -6.15 2.4
      vertex 13.000112584319242 -5.075442106028204 2.4
      vertex 12.505039357717745 -5.002004930056475 2.4
    endloop
  endfacet
  facet normal 0 0 1
    outer loop
      vertex 19.65 -6.15 2.4
      vertex 13.5 -5.1 2.4
      vertex 13.000112584319242 -5.075442106028204 2.4
    endloop
  endfacet
  facet normal 0 0 1
    outer loop
      vertex 19.65 -6.15 2.4
      vertex 13.999887415680758 -5.075442106028204 2.4
      vertex 13.5 -5.1 2.4
    endloop
  endfacet
  facet normal 0 0 1
    outer loop
      vertex 19.65 -6.15 2.4
      vertex 14.494960642282255 -5.002004930056475 2.4
      vertex 13.999887415680758 -5.075442106028204 2.4
    endloop
  endfacet
  facet normal 0 0 1
    outer loop
      vertex 19.65 -6.15 2.4
      vertex 14.980451853997758 -4.8803957122342645 2.4
      vertex 14.494960642282255 -5.002004930056475 2.4
    endloop
  endfacet
  facet normal 0 0 1
    outer loop
      vertex 19.65 -6.15 2.4
      vertex 15.451685505061958 -4.711785615807562 2.4
      vertex 14.980451853997758 -4.8803957122342645 2.4
    endloop
  endfacet
  facet normal 0 0 1
    outer loop
      vertex 19.65 -6.15 2.4
      vertex 15.904123357812587 -4.49779844817661 2.4
      vertex 15.451685505061958 -4.711785615807562 2.4
    endloop
  endfacet
  facet normal 0 0 1
    outer loop
      vertex 19.65 -6.15 2.4
      vertex 16.33340818839997 -4.24049502274298 2.4
      vertex 15.904123357812587 -4.49779844817661 2.4
    endloop
  endfacet
  facet normal 0 0 1
    outer loop
      vertex 19.65 -6.15 2.4
      vertex 16.73540574923459 -3.9423533121499585 2.4
      vertex 16.33340818839997 -4.24049502274298 2.4
    endloop
  endfacet
  facet normal 0 0 1
    outer loop
      vertex 19.65 -6.15 2.4
      vertex 17.106244584051392 -3.6062445840513933 2.4
      vertex 16.73540574923459 -3.9423533121499585 2.4
    endloop
  endfacet
  facet normal 0 0 1
    outer loop
      vertex 19.65 -6.15 2.4
      vertex 17.442353312149958 -3.235405749234592 2.4
      vertex 17.106244584051392 -3.6062445840513933 2.4
    endloop
  endfacet
  facet normal 0 0 1
    outer loop
      vertex 19.65 -6.15 2.4
      vertex 17.74049502274298 -2.833408188399971 2.4
      vertex 17.442353312149958 -3.235405749234592 2.4
    endloop
  endfacet
  facet normal 0 0 1
    outer loop
      vertex 19.65 -6.15 2.4
      vertex 17.99779844817661 -2.404123357812588 2.4
      vertex 17.74049502274298 -2.833408188399971 2.4
    endloop
  endfacet
  facet normal 0 0 1
    outer loop
      vertex 19.65 -6.15 2.4
      vertex 18.211785615807564 -1.9516855050619577 2.4
      vertex 17.99779844817661 -2.404123357812588 2.4
    endloop
  endfacet
  facet normal 0 0 1
    outer loop
      vertex 19.65 -6.15 2.4
      vertex 18.380395712234264 -1.4804518539977578 2.4
      vertex 18.211785615807564 -1.9516855050619577 2.4
    endloop
  endfacet
  facet normal 0 0 1
    outer loop
      vertex 19.65 -6.15 2.4
      vertex 18.502004930056476 -0.994960642282254 2.4
      vertex 18.380395712234264 -1.4804518539977578 2.4
    endloop
  endfacet
  facet normal 0 0 1
    outer loop
      vertex 19.65 -6.15 2.4
      vertex 19.65 6.15 2.4
      vertex 18.502004930056476 -0.994960642282254 2.4
    endloop
  endfacet
  facet normal 0 0 -1
    outer loop
      vertex 40 -14 0
      vertex 13.806419998407364 -13.41031999886036 0
      vertex 14.89682000130415 -12.303640000522137 0
    endloop
  endfacet
  facet normal 0 0 -1
    outer loop
      vertex 40 -14 0
      vertex 14.89682000130415 -12.303640000522137 0
      vertex 14.89682000130415 -11.696039997041225 0
    endloop
  endfacet
  facet normal 0 0 -1
    outer loop
      vertex 40 -14 0
      vertex 14.89682000130415 -11.696039997041225 0
      vertex 13.806419998407364 -10.589319996535778 0
    endloop
  endfacet
  facet normal 0 0 -1
    outer loop
      vertex 40 -14 0
      vertex 13.806419998407364 -10.589319996535778 0
      vertex 15.904123357812587 -4.49779844817661 0
    endloop
  endfacet
  facet normal 0 0 -1
    outer loop
      vertex 35 -19 0
      vertex 35.97545161098242 -18.9039264023304 0
      vertex 35.49008569866419 -18.975923635065556 0
    endloop
  endfacet
  facet normal 0.049067671159865246 -0.9987954563607843 0
    outer loop
      vertex 35 -19 0
      vertex 35.49008569866419 -18.975923635065556 0
      vertex 35 -19 2.4
    endloop
  endfacet
  facet normal 0.14673047607854153 -0.989176509724005 0
    outer loop
      vertex 35.49008569866419 -18.975923635065556 0
      vertex 35.97545161098242 -18.9039264023304 0
      vertex 35.49008569866419 -18.975923635065556 2.4
    endloop
  endfacet
  facet normal 0.24298018859287093 -0.9700312510179105 0
    outer loop
      vertex 35.97545161098242 -18.9039264023304 0
      vertex 36.45142338424921 -18.78470167517662 0
      vertex 35.97545161098242 -18.9039264023304 2.4
    endloop
  endfacet
  facet normal 0.33688984659619614 -0.941544067614677 0
    outer loop
      vertex 36.45142338424921 -18.78470167517662 0
      vertex 36.91341716051102 -18.619397662580013 0
      vertex 36.45142338424921 -18.78470167517662 2.4
    endloop
  endfacet
  facet normal 0.42755509102775247 -0.9039892942597553 0
    outer loop
      vertex 36.91341716051102 -18.619397662580013 0
      vertex 37.35698368400335 -18.40960632264614 0
      vertex 36.91341716051102 -18.619397662580013 2.4
    endloop
  endfacet
  facet normal 0.5141027497065688 -0.8577286066956991 0
    outer loop
      vertex 37.35698368400335 -18.40960632264614 0
      vertex 37.77785116434097 -18.157348059117794 0
      vertex 37.35698368400335 -18.40960632264614 2.4
    endloop
  endfacet
  facet normal 0.5956993013048966 -0.8032075338446832 0
    outer loop
      vertex 37.77785116434097 -18.157348059117794 0
      vertex 38.171966418623924 -17.86505226790905 0
      vertex 37.77785116434097 -18.157348059117794 2.4
    endloop
  endfacet
  facet normal 0.6715589557743871 -0.7409511245144411 0
    outer loop
      vertex 38.171966418623924 -17.86505226790905 0
      vertex 38.5355339050293 -17.535533905029297 0
      vertex 38.171966418623924 -17.86505226790905 2.4
    endloop
  endfacet
  facet normal 0.7409511245144411 -0.6715589557743871 0
    outer loop
      vertex 38.5355339050293 -17.535533905029297 0
      vertex 38.86505226790905 -17.171966418623924 0
      vertex 38.5355339050293 -17.535533905029297 2.4
    endloop
  endfacet
  facet normal 0.8032075338446832 -0.5956993013048966 0
    outer loop
      vertex 38.86505226790905 -17.171966418623924 0
      vertex 39.157348059117794 -16.777851164340973 0
      vertex 38.86505226790905 -17.171966418623924 2.4
    endloop
  endfacet
  facet normal 0.8577286066956991 -0.5141027497065688 0
    outer loop
      vertex 39.157348059117794 -16.777851164340973 0
      vertex 39.40960632264614 -16.356983684003353 0
      vertex 39.157348059117794 -16.777851164340973 2.4
    endloop
  endfacet
  facet normal 0.9039892942597553 -0.42755509102775247 0
    outer loop
      vertex 39.40960632264614 -16.356983684003353 0
      vertex 39.61939766258001 -15.913417160511017 0
      vertex 39.40960632264614 -16.356983684003353 2.4
    endloop
  endfacet
  facet normal 0.941544067614677 -0.33688984659619614 0
    outer loop
      vertex 39.61939766258001 -15.913417160511017 0
      vertex 39.78470167517662 -15.45142338424921 0
      vertex 39.61939766258001 -15.913417160511017 2.4
    endloop
  endfacet
  facet normal 0.9700312510179105 -0.24298018859287093 0
    outer loop
      vertex 39.78470167517662 -15.45142338424921 0
      vertex 39.9039264023304 -14.975451610982418 0
      vertex 39.78470167517662 -15.45142338424921 2.4
    endloop
  endfacet
  facet normal 0.989176509724005 -0.14673047607854153 0
    outer loop
      vertex 39.9039264023304 -14.975451610982418 0
      vertex 39.975923635065556 -14.490085698664188 0
      vertex 39.9039264023304 -14.975451610982418 2.4
    endloop
  endfacet
  facet normal 0.9987954563607843 -0.049067671159865246 0
    outer loop
      vertex 39.975923635065556 -14.490085698664188 0
      vertex 40 -14 0
      vertex 39.975923635065556 -14.490085698664188 2.4
    endloop
  endfacet
  facet normal 0.049067671159865246 -0.9987954563607843 0
    outer loop
      vertex 35.49008569866419 -18.975923635065556 0
      vertex 35.49008569866419 -18.975923635065556 2.4
      vertex 35 -19 2.4
    endloop
  endfacet
  facet normal 0.14673047607854153 -0.989176509724005 0
    outer loop
      vertex 35.97545161098242 -18.9039264023304 0
      vertex 35.97545161098242 -18.9039264023304 2.4
      vertex 35.49008569866419 -18.975923635065556 2.4
    endloop
  endfacet
  facet normal 0.24298018859287093 -0.9700312510179105 0
    outer loop
      vertex 36.45142338424921 -18.78470167517662 0
      vertex 36.45142338424921 -18.78470167517662 2.4
      vertex 35.97545161098242 -18.9039264023304 2.4
    endloop
  endfacet
  facet normal 0.33688984659619614 -0.941544067614677 0
    outer loop
      vertex 36.91341716051102 -18.619397662580013 0
      vertex 36.91341716051102 -18.619397662580013 2.4
      vertex 36.45142338424921 -18.78470167517662 2.4
    endloop
  endfacet
  facet normal 0.42755509102775247 -0.9039892942597553 0
    outer loop
      vertex 37.35698368400335 -18.40960632264614 0
      vertex 37.35698368400335 -18.40960632264614 2.4
      vertex 36.91341716051102 -18.619397662580013 2.4
    endloop
  endfacet
  facet normal 0.5141027497065688 -0.8577286066956991 0
    outer loop
      vertex 37.77785116434097 -18.157348059117794 0
      vertex 37.77785116434097 -18.157348059117794 2.4
      vertex 37.35698368400335 -18.40960632264614 2.4
    endloop
  endfacet
  facet normal 0.5956993013048966 -0.8032075338446832 0
    outer loop
      vertex 38.171966418623924 -17.86505226790905 0
      vertex 38.171966418623924 -17.86505226790905 2.4
      vertex 37.77785116434097 -18.157348059117794 2.4
    endloop
  endfacet
  facet normal 0.6715589557743871 -0.7409511245144411 0
    outer loop
      vertex 38.5355339050293 -17.535533905029297 0
      vertex 38.5355339050293 -17.535533905029297 2.4
      vertex 38.171966418623924 -17.86505226790905 2.4
    endloop
  endfacet
  facet normal 0.7409511245144411 -0.6715589557743871 0
    outer loop
      vertex 38.86505226790905 -17.171966418623924 0
      vertex 38.86505226790905 -17.171966418623924 2.4
      vertex 38.5355339050293 -17.535533905029297 2.4
    endloop
  endfacet
  facet normal 0.8032075338446832 -0.5956993013048966 0
    outer loop
      vertex 39.157348059117794 -16.777851164340973 0
      vertex 39.157348059117794 -16.777851164340973 2.4
      vertex 38.86505226790905 -17.171966418623924 2.4
    endloop
  endfacet
  facet normal 0.8577286066956991 -0.5141027497065688 0
    outer loop
      vertex 39.40960632264614 -16.356983684003353 0
      vertex 39.40960632264614 -16.356983684003353 2.4
      vertex 39.157348059117794 -16.777851164340973 2.4
    endloop
  endfacet
  facet normal 0.9039892942597553 -0.42755509102775247 0
    outer loop
      vertex 39.61939766258001 -15.913417160511017 0
      vertex 39.61939766258001 -15.913417160511017 2.4
      vertex 39.40960632264614 -16.356983684003353 2.4
    endloop
  endfacet
  facet normal 0.941544067614677 -0.33688984659619614 0
    outer loop
      vertex 39.78470167517662 -15.45142338424921 0
      vertex 39.78470167517662 -15.45142338424921 2.4
      vertex 39.61939766258001 -15.913417160511017 2.4
    endloop
  endfacet
  facet normal 0.9700312510179105 -0.24298018859287093 0
    outer loop
      vertex 39.9039264023304 -14.975451610982418 0
      vertex 39.9039264023304 -14.975451610982418 2.4
      vertex 39.78470167517662 -15.45142338424921 2.4
    endloop
  endfacet
  facet normal 0.989176509724005 -0.14673047607854153 0
    outer loop
      vertex 39.975923635065556 -14.490085698664188 0
      vertex 39.975923635065556 -14.490085698664188 2.4
      vertex 39.9039264023304 -14.975451610982418 2.4
    endloop
  endfacet
  facet normal 0 0 1
    outer loop
      vertex 35 -19 2.4
      vertex 35.49008569866419 -18.975923635065556 2.4
      vertex 35.97545161098242 -18.9039264023304 2.4
    endloop
  endfacet
  facet normal 0 0 1
    outer loop
      vertex 34.75 -16.75 2.4
      vertex 39.157348059117794 -16.777851164340973 2.4
      vertex 39.40960632264614 -16.356983684003353 2.4
    endloop
  endfacet
  facet normal 0 0 1
    outer loop
      vertex 34.75 -16.75 2.4
      vertex 39.78470167517662 -15.45142338424921 2.4
      vertex 34.75 -15.350000000000001 2.4
    endloop
  endfacet
  facet normal 0 0 1
    outer loop
      vertex 34.75 -16.75 2.4
      vertex 39.40960632264614 -16.356983684003353 2.4
      vertex 39.61939766258001 -15.913417160511017 2.4
    endloop
  endfacet
  facet normal 0 0 1
    outer loop
      vertex 34.75 -16.75 2.4
      vertex 39.61939766258001 -15.913417160511017 2.4
      vertex 39.78470167517662 -15.45142338424921 2.4
    endloop
  endfacet
  facet normal 0 0 1
    outer loop
      vertex 34.75 -15.350000000000001 2.4
      vertex 39.78470167517662 -15.45142338424921 2.4
      vertex 39.9039264023304 -14.975451610982418 2.4
    endloop
  endfacet
  facet normal 0 0 1
    outer loop
      vertex 34.75 -15.350000000000001 2.4
      vertex 39.9039264023304 -14.975451610982418 2.4
      vertex 39.975923635065556 -14.490085698664188 2.4
    endloop
  endfacet
  facet normal 0 0 1
    outer loop
      vertex 34.75 -15.350000000000001 2.4
      vertex 39.975923635065556 -14.490085698664188 2.4
      vertex 40 -14 2.4
    endloop
  endfacet
  facet normal 0.9987954563607843 -0.049067671159865246 0
    outer loop
      vertex 40 -14 0
      vertex 40 -14 2.4
      vertex 39.975923635065556 -14.490085698664188 2.4
    endloop
  endfacet
  facet normal 0 0 -1
    outer loop
      vertex 40 -14 0
      vertex 15.904123357812587 -4.49779844817661 0
      vertex 16.33340818839997 -4.24049502274298 0
    endloop
  endfacet
  facet normal 0 0 -1
    outer loop
      vertex 40 -14 0
      vertex 16.33340818839997 -4.24049502274298 0
      vertex 16.73540574923459 -3.9423533121499585 0
    endloop
  endfacet
  facet normal 0 0 -1
    outer loop
      vertex 40 -14 0
      vertex 16.73540574923459 -3.9423533121499585 0
      vertex 17.106244584051392 -3.6062445840513924 0
    endloop
  endfacet
  facet normal 0 0 -1
    outer loop
      vertex 40 -14 0
      vertex 17.106244584051392 -3.6062445840513924 0
      vertex 17.442353312149958 -3.235405749234592 0
    endloop
  endfacet
  facet normal 0 0 -1
    outer loop
      vertex 40 -14 0
      vertex 17.442353312149958 -3.235405749234592 0
      vertex 17.74049502274298 -2.833408188399971 0
    endloop
  endfacet
  facet normal 0 0 -1
    outer loop
      vertex 40 -14 0
      vertex 17.74049502274298 -2.833408188399971 0
      vertex 17.99779844817661 -2.404123357812588 0
    endloop
  endfacet
  facet normal 0 0 -1
    outer loop
      vertex 40 -14 0
      vertex 17.99779844817661 -2.404123357812588 0
      vertex 18.211785615807564 -1.9516855050619577 0
    endloop
  endfacet
  facet normal 0 0 -1
    outer loop
      vertex 40 -14 0
      vertex 18.211785615807564 -1.9516855050619577 0
      vertex 18.380395712234264 -1.4804518539977578 0
    endloop
  endfacet
  facet normal 0 0 -1
    outer loop
      vertex 40 -14 0
      vertex 18.380395712234264 -1.4804518539977578 0
      vertex 18.502004930056476 -0.994960642282254 0
    endloop
  endfacet
  facet normal 0 0 -1
    outer loop
      vertex 40 -14 0
      vertex 18.502004930056476 -0.994960642282254 0
      vertex 18.575442106028206 -0.49988741568075906 0
    endloop
  endfacet
  facet normal 0 0 -1
    outer loop
      vertex 40 -14 0
      vertex 18.575442106028206 -0.49988741568075906 0
      vertex 18.6 0 0
    endloop
  endfacet
  facet normal 0 0 -1
    outer loop
      vertex 40 -14 0
      vertex 18.6 0 0
      vertex 18.575442106028206 0.49988741568075906 0
    endloop
  endfacet
  facet normal 0 0 -1
    outer loop
      vertex 40 -14 0
      vertex 18.575442106028206 0.49988741568075906 0
      vertex 18.502004930056476 0.994960642282254 0
    endloop
  endfacet
  facet normal 0 0 -1
    outer loop
      vertex 40 -14 0
      vertex 18.502004930056476 0.994960642282254 0
      vertex 18.380395712234264 1.4804518539977578 0
    endloop
  endfacet
  facet normal 1 0 0
    outer loop
      vertex 40 -14 0
      vertex 40 14 0
      vertex 40 -14 2.4
    endloop
  endfacet
  facet normal 0 0 1
    outer loop
      vertex 6.1499999999999995 -7.35 2.4
      vertex 36.349999999999994 -13.75 2.4
      vertex 20.85 -7.35 2.4
    endloop
  endfacet
  facet normal 0 0 1
    outer loop
      vertex 36.349999999999994 -13.75 2.4
      vertex 20.85 -6.15 2.4
      vertex 20.85 -7.35 2.4
    endloop
  endfacet
  facet normal 0 0 1
    outer loop
      vertex 36.349999999999994 -13.75 2.4
      vertex 36.349999999999994 13.75 2.4
      vertex 20.85 -6.15 2.4
    endloop
  endfacet
  facet normal 0 0 1
    outer loop
      vertex 37.75 -13.75 2.4
      vertex 40 -14 2.4
      vertex 40 14 2.4
    endloop
  endfacet
  facet normal 0 0 -1
    outer loop
      vertex -11.095876642187413 -4.49779844817661 0
      vertex 9.25950497725702 2.833408188399971 0
      vertex 9.00220155182339 2.404123357812588 0
    endloop
  endfacet
  facet normal 0 0 -1
    outer loop
      vertex 9.25950497725702 2.833408188399971 0
      vertex -9.557646687850042 -3.235405749234592 0
      vertex 9.557646687850042 3.235405749234592 0
    endloop
  endfacet
  facet normal 0 0 -1
    outer loop
      vertex -9.25950497725702 -2.833408188399971 0
      vertex 9.893755415948608 3.6062445840513924 0
      vertex 9.557646687850042 3.235405749234592 0
    endloop
  endfacet
  facet normal 0 0 -1
    outer loop
      vertex -9.25950497725702 -2.833408188399971 0
      vertex 10.264594250765409 3.9423533121499585 0
      vertex 9.893755415948608 3.6062445840513924 0
    endloop
  endfacet
  facet normal 0 0 -1
    outer loop
      vertex -9.25950497725702 -2.833408188399971 0
      vertex 10.666591811600028 4.24049502274298 0
      vertex 10.264594250765409 3.9423533121499585 0
    endloop
  endfacet
  facet normal 0 0 -1
    outer loop
      vertex -9.25950497725702 -2.833408188399971 0
      vertex 11.095876642187413 4.49779844817661 0
      vertex 10.666591811600028 4.24049502274298 0
    endloop
  endfacet
  facet normal 0 0 -1
    outer loop
      vertex -11.548314494938042 4.711785615807562 0
      vertex 11.548314494938042 4.711785615807562 0
      vertex 11.095876642187413 4.49779844817661 0
    endloop
  endfacet
  facet normal 0 0 -1
    outer loop
      vertex -12.019548146002242 4.8803957122342645 0
      vertex 12.019548146002242 4.8803957122342645 0
      vertex 11.548314494938042 4.711785615807562 0
    endloop
  endfacet
  facet normal 0 0 -1
    outer loop
      vertex 39.9039264023304 14.975451610982418 0
      vertex 12.019548146002242 4.8803957122342645 0
      vertex -13.5 5.1 0
    endloop
  endfacet
  facet normal 0 0 1
    outer loop
      vertex 7.35 -6.15 2.4
      vertex 8.497995069943524 0.994960642282254 2.4
      vertex 7.35 6.15 2.4
    endloop
  endfacet
  facet normal 0 0 1
    outer loop
      vertex 7.35 6.15 2.4
      vertex 8.497995069943524 0.994960642282254 2.4
      vertex 8.619604287765736 1.4804518539977578 2.4
    endloop
  endfacet
  facet normal 0 0 1
    outer loop
      vertex 7.35 6.15 2.4
      vertex 8.619604287765736 1.4804518539977578 2.4
      vertex 8.788214384192438 1.9516855050619577 2.4
    endloop
  endfacet
  facet normal 0 0 1
    outer loop
      vertex 7.35 6.15 2.4
      vertex 8.788214384192438 1.9516855050619577 2.4
      vertex 9.00220155182339 2.404123357812588 2.4
    endloop
  endfacet
  facet normal 0 0 1
    outer loop
      vertex 7.35 6.15 2.4
      vertex 9.00220155182339 2.404123357812588 2.4
      vertex 9.25950497725702 2.833408188399971 2.4
    endloop
  endfacet
  facet normal 0 0 1
    outer loop
      vertex 7.35 6.15 2.4
      vertex 9.25950497725702 2.833408188399971 2.4
      vertex 9.557646687850042 3.235405749234592 2.4
    endloop
  endfacet
  facet normal 0 0 1
    outer loop
      vertex 7.35 6.15 2.4
      vertex 9.557646687850042 3.235405749234592 2.4
      vertex 9.893755415948608 3.6062445840513924 2.4
    endloop
  endfacet
  facet normal 0 0 1
    outer loop
      vertex 7.35 6.15 2.4
      vertex 9.893755415948608 3.6062445840513924 2.4
      vertex 10.264594250765409 3.9423533121499585 2.4
    endloop
  endfacet
  facet normal 0 0 1
    outer loop
      vertex -6.1499999999999995 7.35 2.4
      vertex 6.15 6.15 2.4
      vertex 6.1499999999999995 7.35 2.4
    endloop
  endfacet
  facet normal 0 0 1
    outer loop
      vertex 7.35 6.15 2.4
      vertex 10.264594250765409 3.9423533121499585 2.4
      vertex 10.666591811600028 4.24049502274298 2.4
    endloop
  endfacet
  facet normal 0 0 1
    outer loop
      vertex 7.35 6.15 2.4
      vertex 10.666591811600028 4.24049502274298 2.4
      vertex 11.095876642187413 4.49779844817661 2.4
    endloop
  endfacet
  facet normal 0 0 1
    outer loop
      vertex 7.35 6.15 2.4
      vertex 11.095876642187413 4.49779844817661 2.4
      vertex 11.548314494938042 4.711785615807562 2.4
    endloop
  endfacet
  facet normal 0 0 1
    outer loop
      vertex 19.65 6.15 2.4
      vertex 18.575442106028206 -0.49988741568075906 2.4
      vertex 18.502004930056476 -0.994960642282254 2.4
    endloop
  endfacet
  facet normal 0 0 1
    outer loop
      vertex 19.65 6.15 2.4
      vertex 18.6 0 2.4
      vertex 18.575442106028206 -0.49988741568075906 2.4
    endloop
  endfacet
  facet normal 0 0 1
    outer loop
      vertex 19.65 6.15 2.4
      vertex 18.575442106028206 0.49988741568075906 2.4
      vertex 18.6 0 2.4
    endloop
  endfacet
  facet normal 0 0 1
    outer loop
      vertex 19.65 6.15 2.4
      vertex 18.211785615807564 1.9516855050619577 2.4
      vertex 18.380395712234264 1.4804518539977578 2.4
    endloop
  endfacet
  facet normal 0 0 1
    outer loop
      vertex 19.65 6.15 2.4
      vertex 17.99779844817661 2.404123357812588 2.4
      vertex 18.211785615807564 1.9516855050619577 2.4
    endloop
  endfacet
  facet normal 0 0 1
    outer loop
      vertex 19.65 6.15 2.4
      vertex 18.502004930056476 0.994960642282254 2.4
      vertex 18.575442106028206 0.49988741568075906 2.4
    endloop
  endfacet
  facet normal 0 0 1
    outer loop
      vertex 19.65 6.15 2.4
      vertex 18.380395712234264 1.4804518539977578 2.4
      vertex 18.502004930056476 0.994960642282254 2.4
    endloop
  endfacet
  facet normal 0 0 1
    outer loop
      vertex 19.65 6.15 2.4
      vertex 17.74049502274298 2.833408188399971 2.4
      vertex 17.99779844817661 2.404123357812588 2.4
    endloop
  endfacet
  facet normal 0 0 1
    outer loop
      vertex 19.65 6.15 2.4
      vertex 17.442353312149958 3.235405749234592 2.4
      vertex 17.74049502274298 2.833408188399971 2.4
    endloop
  endfacet
  facet normal 0 0 1
    outer loop
      vertex 19.65 6.15 2.4
      vertex 17.106244584051392 3.6062445840513924 2.4
      vertex 17.442353312149958 3.235405749234592 2.4
    endloop
  endfacet
  facet normal 0 0 1
    outer loop
      vertex 19.65 6.15 2.4
      vertex 16.73540574923459 3.9423533121499585 2.4
      vertex 17.106244584051392 3.6062445840513924 2.4
    endloop
  endfacet
  facet normal 0 0 1
    outer loop
      vertex 7.35 6.15 2.4
      vertex 11.548314494938042 4.711785615807562 2.4
      vertex 12.019548146002242 4.8803957122342645 2.4
    endloop
  endfacet
  facet normal 0 0 1
    outer loop
      vertex 7.35 6.15 2.4
      vertex 12.019548146002242 4.8803957122342645 2.4
      vertex 12.505039357717745 5.002004930056475 2.4
    endloop
  endfacet
  facet normal 0 0 1
    outer loop
      vertex 7.35 6.15 2.4
      vertex 12.505039357717745 5.002004930056475 2.4
      vertex 13.000112584319242 5.075442106028204 2.4
    endloop
  endfacet
  facet normal 0 0 1
    outer loop
      vertex 7.35 6.15 2.4
      vertex 13.000112584319242 5.075442106028204 2.4
      vertex 13.5 5.1 2.4
    endloop
  endfacet
  facet normal 0 0 1
    outer loop
      vertex 7.35 6.15 2.4
      vertex 13.5 5.1 2.4
      vertex 13.999887415680758 5.075442106028204 2.4
    endloop
  endfacet
  facet normal 0 0 1
    outer loop
      vertex 7.35 6.15 2.4
      vertex 13.999887415680758 5.075442106028204 2.4
      vertex 14.494960642282255 5.002004930056475 2.4
    endloop
  endfacet
  facet normal 0 0 1
    outer loop
      vertex 7.35 6.15 2.4
      vertex 14.494960642282255 5.002004930056475 2.4
      vertex 19.65 6.15 2.4
    endloop
  endfacet
  facet normal 0 0 1
    outer loop
      vertex 19.65 6.15 2.4
      vertex 14.980451853997758 4.8803957122342645 2.4
      vertex 15.451685505061958 4.711785615807562 2.4
    endloop
  endfacet
  facet normal 0 0 1
    outer loop
      vertex 19.65 6.15 2.4
      vertex 15.904123357812587 4.49779844817661 2.4
      vertex 16.33340818839997 4.24049502274298 2.4
    endloop
  endfacet
  facet normal 0 0 1
    outer loop
      vertex 19.65 6.15 2.4
      vertex 15.451685505061958 4.711785615807562 2.4
      vertex 15.904123357812587 4.49779844817661 2.4
    endloop
  endfacet
  facet normal 0 0 1
    outer loop
      vertex 19.65 6.15 2.4
      vertex 14.494960642282255 5.002004930056475 2.4
      vertex 14.980451853997758 4.8803957122342645 2.4
    endloop
  endfacet
  facet normal 0 0 1
    outer loop
      vertex 19.65 6.15 2.4
      vertex 16.33340818839997 4.24049502274298 2.4
      vertex 16.73540574923459 3.9423533121499585 2.4
    endloop
  endfacet
  facet normal 0 0 -1
    outer loop
      vertex -40 14 0
      vertex 39.78470167517662 15.45142338424921 0
      vertex 39.9039264023304 14.975451610982418 0
    endloop
  endfacet
  facet normal 0 0 -1
    outer loop
      vertex -39.975923635065556 14.490085698664188 0
      vertex 39.61939766258001 15.913417160511017 0
      vertex 39.78470167517662 15.45142338424921 0
    endloop
  endfacet
  facet normal 0 0 -1
    outer loop
      vertex -39.9039264023304 14.975451610982418 0
      vertex 39.40960632264614 16.356983684003353 0
      vertex 39.61939766258001 15.913417160511017 0
    endloop
  endfacet
  facet normal 0 0 -1
    outer loop
      vertex -39.78470167517662 15.45142338424921 0
      vertex 39.157348059117794 16.777851164340973 0
      vertex 39.40960632264614 16.356983684003353 0
    endloop
  endfacet
  facet normal 0 0 -1
    outer loop
      vertex -39.61939766258001 15.913417160511017 0
      vertex 38.86505226790905 17.171966418623924 0
      vertex 39.157348059117794 16.777851164340973 0
    endloop
  endfacet
  facet normal 0 0 -1
    outer loop
      vertex -38.86505226790905 17.171966418623924 0
      vertex 37.77785116434097 18.157348059117794 0
      vertex 38.171966418623924 17.86505226790905 0
    endloop
  endfacet
  facet normal 0 0 -1
    outer loop
      vertex -38.5355339050293 17.535533905029297 0
      vertex 37.35698368400335 18.40960632264614 0
      vertex 37.77785116434097 18.157348059117794 0
    endloop
  endfacet
  facet normal 0 0 -1
    outer loop
      vertex -38.171966418623924 17.86505226790905 0
      vertex 36.91341716051102 18.619397662580013 0
      vertex 37.35698368400335 18.40960632264614 0
    endloop
  endfacet
  facet normal 0 0 -1
    outer loop
      vertex -37.77785116434097 18.157348059117794 0
      vertex 36.45142338424921 18.78470167517662 0
      vertex 36.91341716051102 18.619397662580013 0
    endloop
  endfacet
  facet normal 0 0 -1
    outer loop
      vertex -37.35698368400335 18.40960632264614 0
      vertex 35.97545161098242 18.9039264023304 0
      vertex 36.45142338424921 18.78470167517662 0
    endloop
  endfacet
  facet normal 0 0 -1
    outer loop
      vertex -36.91341716051102 18.619397662580013 0
      vertex 35.49008569866419 18.975923635065556 0
      vertex 35.97545161098242 18.9039264023304 0
    endloop
  endfacet
  facet normal 0 0 -1
    outer loop
      vertex -36.45142338424921 18.78470167517662 0
      vertex 35 19 0
      vertex 35.49008569866419 18.975923635065556 0
    endloop
  endfacet
  facet normal 0 0 -1
    outer loop
      vertex -39.40960632264614 16.356983684003353 0
      vertex 38.5355339050293 17.535533905029297 0
      vertex 38.86505226790905 17.171966418623924 0
    endloop
  endfacet
  facet normal 0 0 -1
    outer loop
      vertex -39.157348059117794 16.777851164340973 0
      vertex 38.171966418623924 17.86505226790905 0
      vertex 38.5355339050293 17.535533905029297 0
    endloop
  endfacet
  facet normal 0 1 0
    outer loop
      vertex -35 19 0
      vertex 35 19 2.4
      vertex 35 19 0
    endloop
  endfacet
  facet normal 0 0 1
    outer loop
      vertex -6.1499999999999995 7.35 2.4
      vertex 6.1499999999999995 7.35 2.4
      vertex 39.9039264023304 14.975451610982418 2.4
    endloop
  endfacet
  facet normal 0 0 1
    outer loop
      vertex -40 14 2.4
      vertex 39.9039264023304 14.975451610982418 2.4
      vertex 34.75 15.350000000000001 2.4
    endloop
  endfacet
  facet normal 0 0 1
    outer loop
      vertex -39.157348059117794 16.777851164340973 2.4
      vertex 34.75 16.75 2.4
      vertex 38.5355339050293 17.535533905029297 2.4
    endloop
  endfacet
  facet normal 0 0 1
    outer loop
      vertex -38.86505226790905 17.171966418623924 2.4
      vertex 38.171966418623924 17.86505226790905 2.4
      vertex 37.77785116434097 18.157348059117794 2.4
    endloop
  endfacet
  facet normal 0 0 1
    outer loop
      vertex -38.5355339050293 17.535533905029297 2.4
      vertex 37.77785116434097 18.157348059117794 2.4
      vertex 37.35698368400335 18.40960632264614 2.4
    endloop
  endfacet
  facet normal 0 0 1
    outer loop
      vertex -38.171966418623924 17.86505226790905 2.4
      vertex 37.35698368400335 18.40960632264614 2.4
      vertex 36.91341716051102 18.619397662580013 2.4
    endloop
  endfacet
  facet normal 0 0 1
    outer loop
      vertex -37.77785116434097 18.157348059117794 2.4
      vertex 36.91341716051102 18.619397662580013 2.4
      vertex 36.45142338424921 18.78470167517662 2.4
    endloop
  endfacet
  facet normal 0 0 1
    outer loop
      vertex -37.35698368400335 18.40960632264614 2.4
      vertex 36.45142338424921 18.78470167517662 2.4
      vertex 35.97545161098242 18.9039264023304 2.4
    endloop
  endfacet
  facet normal 0 0 1
    outer loop
      vertex -36.91341716051102 18.619397662580013 2.4
      vertex 35.97545161098242 18.9039264023304 2.4
      vertex 35.49008569866419 18.975923635065556 2.4
    endloop
  endfacet
  facet normal 0 0 1
    outer loop
      vertex -36.45142338424921 18.78470167517662 2.4
      vertex 35.49008569866419 18.975923635065556 2.4
      vertex 35 19 2.4
    endloop
  endfacet
  facet normal 0 0 1
    outer loop
      vertex -39.157348059117794 16.777851164340973 2.4
      vertex 38.5355339050293 17.535533905029297 2.4
      vertex 38.171966418623924 17.86505226790905 2.4
    endloop
  endfacet
  facet normal 0 0 -1
    outer loop
      vertex 40 14 0
      vertex 17.442353312149958 3.235405749234592 0
      vertex 17.106244584051392 3.6062445840513924 0
    endloop
  endfacet
  facet normal 0 0 -1
    outer loop
      vertex 39.9039264023304 14.975451610982418 0
      vertex 12.505039357717745 5.002004930056475 0
      vertex 12.019548146002242 4.8803957122342645 0
    endloop
  endfacet
  facet normal 0 0 -1
    outer loop
      vertex 39.975923635065556 14.490085698664188 0
      vertex 13.999887415680758 5.075442106028204 0
      vertex 13.5 5.1 0
    endloop
  endfacet
  facet normal 0 0 -1
    outer loop
      vertex 39.9039264023304 14.975451610982418 0
      vertex 13.000112584319242 5.075442106028204 0
      vertex 12.505039357717745 5.002004930056475 0
    endloop
  endfacet
  facet normal 0 0 -1
    outer loop
      vertex 39.9039264023304 14.975451610982418 0
      vertex 13.5 5.1 0
      vertex 13.000112584319242 5.075442106028204 0
    endloop
  endfacet
  facet normal 0 0 -1
    outer loop
      vertex 39.975923635065556 14.490085698664188 0
      vertex 14.494960642282255 5.002004930056475 0
      vertex 13.999887415680758 5.075442106028204 0
    endloop
  endfacet
  facet normal 0 0 -1
    outer loop
      vertex 40 14 0
      vertex 14.980451853997758 4.8803957122342645 0
      vertex 14.494960642282255 5.002004930056475 0
    endloop
  endfacet
  facet normal 0 0 -1
    outer loop
      vertex 40 14 0
      vertex 15.451685505061958 4.711785615807562 0
      vertex 14.980451853997758 4.8803957122342645 0
    endloop
  endfacet
  facet normal 0 0 -1
    outer loop
      vertex 40 14 0
      vertex 16.73540574923459 3.9423533121499585 0
      vertex 16.33340818839997 4.24049502274298 0
    endloop
  endfacet
  facet normal 0 0 -1
    outer loop
      vertex 40 14 0
      vertex 16.33340818839997 4.24049502274298 0
      vertex 15.904123357812587 4.49779844817661 0
    endloop
  endfacet
  facet normal 0 0 -1
    outer loop
      vertex 40 14 0
      vertex 17.106244584051392 3.6062445840513924 0
      vertex 16.73540574923459 3.9423533121499585 0
    endloop
  endfacet
  facet normal 0 0 -1
    outer loop
      vertex 40 14 0
      vertex 15.904123357812587 4.49779844817661 0
      vertex 15.451685505061958 4.711785615807562 0
    endloop
  endfacet
  facet normal 0 0 -1
    outer loop
      vertex 40 14 0
      vertex 18.380395712234264 1.4804518539977578 0
      vertex 18.211785615807564 1.9516855050619577 0
    endloop
  endfacet
  facet normal 0 0 -1
    outer loop
      vertex 40 14 0
      vertex 18.211785615807564 1.9516855050619577 0
      vertex 17.99779844817661 2.404123357812588 0
    endloop
  endfacet
  facet normal 0 0 -1
    outer loop
      vertex 40 14 0
      vertex 17.99779844817661 2.404123357812588 0
      vertex 17.74049502274298 2.833408188399971 0
    endloop
  endfacet
  facet normal 0 0 -1
    outer loop
      vertex 40 14 0
      vertex 17.74049502274298 2.833408188399971 0
      vertex 17.442353312149958 3.235405749234592 0
    endloop
  endfacet
  facet normal 0 0 -1
    outer loop
      vertex 40 -14 0
      vertex 18.380395712234264 1.4804518539977578 0
      vertex 40 14 0
    endloop
  endfacet
  facet normal 0 0 1
    outer loop
      vertex 20.85 -6.15 2.4
      vertex 36.349999999999994 13.75 2.4
      vertex 20.85 6.15 2.4
    endloop
  endfacet
  facet normal 0 0 1
    outer loop
      vertex 6.1499999999999995 7.35 2.4
      vertex 20.85 7.35 2.4
      vertex 36.349999999999994 13.75 2.4
    endloop
  endfacet
  facet normal 0 0 1
    outer loop
      vertex 20.85 6.15 2.4
      vertex 36.349999999999994 13.75 2.4
      vertex 20.85 7.35 2.4
    endloop
  endfacet
  facet normal 1 0 0
    outer loop
      vertex 40 -14 2.4
      vertex 40 14 0
      vertex 40 14 2.4
    endloop
  endfacet
  facet normal 0 0 1
    outer loop
      vertex 37.75 -13.75 2.4
      vertex 39.975923635065556 14.490085698664188 2.4
      vertex 37.75 13.75 2.4
    endloop
  endfacet
  facet normal 0 0 1
    outer loop
      vertex 37.75 -13.75 2.4
      vertex 40 14 2.4
      vertex 39.975923635065556 14.490085698664188 2.4
    endloop
  endfacet
  facet normal 0 0 -1
    outer loop
      vertex 39.975923635065556 14.490085698664188 0
      vertex 13.5 5.1 0
      vertex 39.9039264023304 14.975451610982418 0
    endloop
  endfacet
  facet normal 0 0 -1
    outer loop
      vertex 40 14 0
      vertex 14.494960642282255 5.002004930056475 0
      vertex 39.975923635065556 14.490085698664188 0
    endloop
  endfacet
  facet normal 0.9987954563607843 0.049067671159865246 0
    outer loop
      vertex 40 14 0
      vertex 39.975923635065556 14.490085698664188 0
      vertex 40 14 2.4
    endloop
  endfacet
  facet normal 0.989176509724005 0.14673047607854153 0
    outer loop
      vertex 39.975923635065556 14.490085698664188 0
      vertex 39.9039264023304 14.975451610982418 0
      vertex 39.975923635065556 14.490085698664188 2.4
    endloop
  endfacet
  facet normal 0.9700312510179105 0.24298018859287093 0
    outer loop
      vertex 39.9039264023304 14.975451610982418 0
      vertex 39.78470167517662 15.45142338424921 0
      vertex 39.9039264023304 14.975451610982418 2.4
    endloop
  endfacet
  facet normal 0.941544067614677 0.33688984659619614 0
    outer loop
      vertex 39.78470167517662 15.45142338424921 0
      vertex 39.61939766258001 15.913417160511017 0
      vertex 39.78470167517662 15.45142338424921 2.4
    endloop
  endfacet
  facet normal 0.8577286066956991 0.5141027497065688 0
    outer loop
      vertex 39.40960632264614 16.356983684003353 0
      vertex 39.157348059117794 16.777851164340973 0
      vertex 39.40960632264614 16.356983684003353 2.4
    endloop
  endfacet
  facet normal 0.9039892942597553 0.42755509102775247 0
    outer loop
      vertex 39.61939766258001 15.913417160511017 0
      vertex 39.40960632264614 16.356983684003353 0
      vertex 39.61939766258001 15.913417160511017 2.4
    endloop
  endfacet
  facet normal 0.049067671159865246 0.9987954563607843 0
    outer loop
      vertex 35 19 0
      vertex 35.49008569866419 18.975923635065556 2.4
      vertex 35.49008569866419 18.975923635065556 0
    endloop
  endfacet
  facet normal 0.14673047607854153 0.989176509724005 0
    outer loop
      vertex 35.49008569866419 18.975923635065556 0
      vertex 35.97545161098242 18.9039264023304 2.4
      vertex 35.97545161098242 18.9039264023304 0
    endloop
  endfacet
  facet normal 0.33688984659619614 0.941544067614677 0
    outer loop
      vertex 36.45142338424921 18.78470167517662 0
      vertex 36.91341716051102 18.619397662580013 2.4
      vertex 36.91341716051102 18.619397662580013 0
    endloop
  endfacet
  facet normal 0.24298018859287093 0.9700312510179105 0
    outer loop
      vertex 35.97545161098242 18.9039264023304 0
      vertex 36.45142338424921 18.78470167517662 2.4
      vertex 36.45142338424921 18.78470167517662 0
    endloop
  endfacet
  facet normal 0.42755509102775247 0.9039892942597553 0
    outer loop
      vertex 36.91341716051102 18.619397662580013 0
      vertex 37.35698368400335 18.40960632264614 2.4
      vertex 37.35698368400335 18.40960632264614 0
    endloop
  endfacet
  facet normal 0.6715589557743871 0.7409511245144411 0
    outer loop
      vertex 38.5355339050293 17.535533905029297 0
      vertex 38.171966418623924 17.86505226790905 0
      vertex 38.5355339050293 17.535533905029297 2.4
    endloop
  endfacet
  facet normal 0.8032075338446832 0.5956993013048966 0
    outer loop
      vertex 39.157348059117794 16.777851164340973 0
      vertex 38.86505226790905 17.171966418623924 0
      vertex 39.157348059117794 16.777851164340973 2.4
    endloop
  endfacet
  facet normal 0.7409511245144411 0.6715589557743871 0
    outer loop
      vertex 38.5355339050293 17.535533905029297 0
      vertex 38.86505226790905 17.171966418623924 2.4
      vertex 38.86505226790905 17.171966418623924 0
    endloop
  endfacet
  facet normal 0.5956993013048966 0.8032075338446832 0
    outer loop
      vertex 37.77785116434097 18.157348059117794 0
      vertex 38.171966418623924 17.86505226790905 2.4
      vertex 38.171966418623924 17.86505226790905 0
    endloop
  endfacet
  facet normal 0.5141027497065688 0.8577286066956991 0
    outer loop
      vertex 37.35698368400335 18.40960632264614 0
      vertex 37.77785116434097 18.157348059117794 2.4
      vertex 37.77785116434097 18.157348059117794 0
    endloop
  endfacet
  facet normal 0 0 1
    outer loop
      vertex 6.1499999999999995 7.35 2.4
      vertex 36.349999999999994 13.75 2.4
      vertex 39.9039264023304 14.975451610982418 2.4
    endloop
  endfacet
  facet normal 0 0 1
    outer loop
      vertex 36.349999999999994 13.75 2.4
      vertex 37.75 13.75 2.4
      vertex 39.9039264023304 14.975451610982418 2.4
    endloop
  endfacet
  facet normal 0.9987954563607843 0.049067671159865246 0
    outer loop
      vertex 39.975923635065556 14.490085698664188 0
      vertex 39.975923635065556 14.490085698664188 2.4
      vertex 40 14 2.4
    endloop
  endfacet
  facet normal 0.989176509724005 0.14673047607854153 0
    outer loop
      vertex 39.9039264023304 14.975451610982418 0
      vertex 39.9039264023304 14.975451610982418 2.4
      vertex 39.975923635065556 14.490085698664188 2.4
    endloop
  endfacet
  facet normal 0.9700312510179105 0.24298018859287093 0
    outer loop
      vertex 39.78470167517662 15.45142338424921 0
      vertex 39.78470167517662 15.45142338424921 2.4
      vertex 39.9039264023304 14.975451610982418 2.4
    endloop
  endfacet
  facet normal 0.941544067614677 0.33688984659619614 0
    outer loop
      vertex 39.61939766258001 15.913417160511017 0
      vertex 39.61939766258001 15.913417160511017 2.4
      vertex 39.78470167517662 15.45142338424921 2.4
    endloop
  endfacet
  facet normal 0.9039892942597553 0.42755509102775247 0
    outer loop
      vertex 39.40960632264614 16.356983684003353 0
      vertex 39.40960632264614 16.356983684003353 2.4
      vertex 39.61939766258001 15.913417160511017 2.4
    endloop
  endfacet
  facet normal 0.049067671159865246 0.9987954563607843 0
    outer loop
      vertex 35 19 0
      vertex 35 19 2.4
      vertex 35.49008569866419 18.975923635065556 2.4
    endloop
  endfacet
  facet normal 0.14673047607854153 0.989176509724005 0
    outer loop
      vertex 35.49008569866419 18.975923635065556 0
      vertex 35.49008569866419 18.975923635065556 2.4
      vertex 35.97545161098242 18.9039264023304 2.4
    endloop
  endfacet
  facet normal 0.24298018859287093 0.9700312510179105 0
    outer loop
      vertex 35.97545161098242 18.9039264023304 0
      vertex 35.97545161098242 18.9039264023304 2.4
      vertex 36.45142338424921 18.78470167517662 2.4
    endloop
  endfacet
  facet normal 0.5141027497065688 0.8577286066956991 0
    outer loop
      vertex 37.35698368400335 18.40960632264614 0
      vertex 37.35698368400335 18.40960632264614 2.4
      vertex 37.77785116434097 18.157348059117794 2.4
    endloop
  endfacet
  facet normal 0.33688984659619614 0.941544067614677 0
    outer loop
      vertex 36.45142338424921 18.78470167517662 0
      vertex 36.45142338424921 18.78470167517662 2.4
      vertex 36.91341716051102 18.619397662580013 2.4
    endloop
  endfacet
  facet normal 0.42755509102775247 0.9039892942597553 0
    outer loop
      vertex 36.91341716051102 18.619397662580013 0
      vertex 36.91341716051102 18.619397662580013 2.4
      vertex 37.35698368400335 18.40960632264614 2.4
    endloop
  endfacet
  facet normal 0.7409511245144411 0.6715589557743871 0
    outer loop
      vertex 38.5355339050293 17.535533905029297 0
      vertex 38.5355339050293 17.535533905029297 2.4
      vertex 38.86505226790905 17.171966418623924 2.4
    endloop
  endfacet
  facet normal 0.6715589557743871 0.7409511245144411 0
    outer loop
      vertex 38.171966418623924 17.86505226790905 0
      vertex 38.171966418623924 17.86505226790905 2.4
      vertex 38.5355339050293 17.535533905029297 2.4
    endloop
  endfacet
  facet normal 0.8577286066956991 0.5141027497065688 0
    outer loop
      vertex 39.157348059117794 16.777851164340973 0
      vertex 39.157348059117794 16.777851164340973 2.4
      vertex 39.40960632264614 16.356983684003353 2.4
    endloop
  endfacet
  facet normal 0.8032075338446832 0.5956993013048966 0
    outer loop
      vertex 38.86505226790905 17.171966418623924 0
      vertex 38.86505226790905 17.171966418623924 2.4
      vertex 39.157348059117794 16.777851164340973 2.4
    endloop
  endfacet
  facet normal 0.5956993013048966 0.8032075338446832 0
    outer loop
      vertex 37.77785116434097 18.157348059117794 0
      vertex 37.77785116434097 18.157348059117794 2.4
      vertex 38.171966418623924 17.86505226790905 2.4
    endloop
  endfacet
  facet normal 0 0 1
    outer loop
      vertex 34.75 15.350000000000001 2.4
      vertex 38.86505226790905 17.171966418623924 2.4
      vertex 34.75 16.75 2.4
    endloop
  endfacet
  facet normal 0 0 1
    outer loop
      vertex 34.75 15.350000000000001 2.4
      vertex 39.9039264023304 14.975451610982418 2.4
      vertex 39.78470167517662 15.45142338424921 2.4
    endloop
  endfacet
  facet normal 0 0 1
    outer loop
      vertex 37.75 13.75 2.4
      vertex 39.975923635065556 14.490085698664188 2.4
      vertex 39.9039264023304 14.975451610982418 2.4
    endloop
  endfacet
  facet normal 0 0 1
    outer loop
      vertex 34.75 15.350000000000001 2.4
      vertex 39.78470167517662 15.45142338424921 2.4
      vertex 39.61939766258001 15.913417160511017 2.4
    endloop
  endfacet
  facet normal 0 0 1
    outer loop
      vertex 34.75 15.350000000000001 2.4
      vertex 39.61939766258001 15.913417160511017 2.4
      vertex 39.40960632264614 16.356983684003353 2.4
    endloop
  endfacet
  facet normal 0 0 1
    outer loop
      vertex 34.75 15.350000000000001 2.4
      vertex 39.40960632264614 16.356983684003353 2.4
      vertex 39.157348059117794 16.777851164340973 2.4
    endloop
  endfacet
  facet normal 0 0 1
    outer loop
      vertex 34.75 15.350000000000001 2.4
      vertex 39.157348059117794 16.777851164340973 2.4
      vertex 38.86505226790905 17.171966418623924 2.4
    endloop
  endfacet
  facet normal 0 0 1
    outer loop
      vertex 34.75 16.75 2.4
      vertex 38.86505226790905 17.171966418623924 2.4
      vertex 38.5355339050293 17.535533905029297 2.4
    endloop
  endfacet
  facet normal -1 0 0
    outer loop
      vertex -34.75 15.350000000000001 2.4
      vertex -34.75 16.75 5.6
      vertex -34.75 16.75 2.4
    endloop
  endfacet
  facet normal 0 1 0
    outer loop
      vertex -34.75 16.75 2.4
      vertex -27.8 16.75 4.7
      vertex -27.8 16.75 3.7
    endloop
  endfacet
  facet normal -1 0 0
    outer loop
      vertex -34.75 15.350000000000001 2.4
      vertex -34.75 15.350000000000001 5.6
      vertex -34.75 16.75 5.6
    endloop
  endfacet
  facet normal 0 1 0
    outer loop
      vertex -34.75 16.75 2.4
      vertex -34.75 16.75 5.6
      vertex -27.8 16.75 4.7
    endloop
  endfacet
  facet normal 0 1 0
    outer loop
      vertex -34.75 16.75 5.6
      vertex -24.2 16.75 4.7
      vertex -27.8 16.75 4.7
    endloop
  endfacet
  facet normal 0 1 0
    outer loop
      vertex -34.75 16.75 2.4
      vertex -27.8 16.75 3.7
      vertex 34.75 16.75 2.4
    endloop
  endfacet
  facet normal 0 1 0
    outer loop
      vertex -27.8 16.75 3.7
      vertex -24.2 16.75 3.7
      vertex 34.75 16.75 2.4
    endloop
  endfacet
  facet normal 0 1 0
    outer loop
      vertex -24.2 16.75 3.7
      vertex -24.2 16.75 4.7
      vertex 34.75 16.75 2.4
    endloop
  endfacet
  facet normal 0 -1 0
    outer loop
      vertex -34.75 15.350000000000001 2.4
      vertex 34.75 15.350000000000001 5.6
      vertex -34.75 15.350000000000001 5.6
    endloop
  endfacet
  facet normal 0 0 1
    outer loop
      vertex -34.75 15.350000000000001 5.6
      vertex 34.75 15.350000000000001 5.6
      vertex -34.75 16.75 5.6
    endloop
  endfacet
  facet normal 0 1 0
    outer loop
      vertex -34.75 16.75 5.6
      vertex 34.75 16.75 2.4
      vertex -24.2 16.75 4.7
    endloop
  endfacet
  facet normal 0 1 0
    outer loop
      vertex -34.75 16.75 5.6
      vertex 24.2 16.75 3.7
      vertex 34.75 16.75 2.4
    endloop
  endfacet
  facet normal 0 -1 0
    outer loop
      vertex -34.75 15.350000000000001 2.4
      vertex 34.75 15.350000000000001 2.4
      vertex 34.75 15.350000000000001 5.6
    endloop
  endfacet
  facet normal 0 1 0
    outer loop
      vertex -34.75 16.75 5.6
      vertex 24.2 16.75 4.7
      vertex 24.2 16.75 3.7
    endloop
  endfacet
  facet normal 0 1 0
    outer loop
      vertex -34.75 16.75 5.6
      vertex 27.8 16.75 4.7
      vertex 24.2 16.75 4.7
    endloop
  endfacet
  facet normal 0 1 0
    outer loop
      vertex -34.75 16.75 5.6
      vertex 34.75 16.75 5.6
      vertex 27.8 16.75 4.7
    endloop
  endfacet
  facet normal 0 0 1
    outer loop
      vertex -34.75 16.75 5.6
      vertex 34.75 15.350000000000001 5.6
      vertex 34.75 16.75 5.6
    endloop
  endfacet
  facet normal 0 1 0
    outer loop
      vertex 34.75 16.75 2.4
      vertex 24.2 16.75 3.7
      vertex 27.8 16.75 3.7
    endloop
  endfacet
  facet normal 1 0 0
    outer loop
      vertex 34.75 15.350000000000001 2.4
      vertex 34.75 16.75 2.4
      vertex 34.75 15.350000000000001 5.6
    endloop
  endfacet
  facet normal 0 1 0
    outer loop
      vertex 34.75 16.75 2.4
      vertex 27.8 16.75 3.7
      vertex 27.8 16.75 4.7
    endloop
  endfacet
  facet normal 1 0 0
    outer loop
      vertex 34.75 16.75 2.4
      vertex 34.75 16.75 5.6
      vertex 34.75 15.350000000000001 5.6
    endloop
  endfacet
  facet normal 0 1 0
    outer loop
      vertex 34.75 16.75 2.4
      vertex 27.8 16.75 4.7
      vertex 34.75 16.75 5.6
    endloop
  endfacet
  facet normal -1 0 0
    outer loop
      vertex -34.75 -16.75 2.4
      vertex -34.75 -15.350000000000001 5.6
      vertex -34.75 -15.350000000000001 2.4
    endloop
  endfacet
  facet normal 0 -1 0
    outer loop
      vertex -34.75 -16.75 2.4
      vertex -27.8 -16.75 3.7
      vertex -34.75 -16.75 5.6
    endloop
  endfacet
  facet normal 0 -1 0
    outer loop
      vertex -34.75 -16.75 2.4
      vertex -24.2 -16.75 3.7
      vertex -27.8 -16.75 3.7
    endloop
  endfacet
  facet normal 0 -1 0
    outer loop
      vertex -27.8 -16.75 3.7
      vertex -27.8 -16.75 4.7
      vertex -34.75 -16.75 5.6
    endloop
  endfacet
  facet normal -1 0 0
    outer loop
      vertex -34.75 -16.75 2.4
      vertex -34.75 -16.75 5.6
      vertex -34.75 -15.350000000000001 5.6
    endloop
  endfacet
  facet normal 0 1 0
    outer loop
      vertex -34.75 -15.350000000000001 2.4
      vertex -34.75 -15.350000000000001 5.6
      vertex 34.75 -15.350000000000001 2.4
    endloop
  endfacet
  facet normal 0 -1 0
    outer loop
      vertex -34.75 -16.75 2.4
      vertex 34.75 -16.75 5.6
      vertex -24.2 -16.75 3.7
    endloop
  endfacet
  facet normal 0 0 1
    outer loop
      vertex -34.75 -16.75 5.6
      vertex 34.75 -16.75 5.6
      vertex -34.75 -15.350000000000001 5.6
    endloop
  endfacet
  facet normal 0 -1 0
    outer loop
      vertex -24.2 -16.75 3.7
      vertex 34.75 -16.75 5.6
      vertex -24.2 -16.75 4.7
    endloop
  endfacet
  facet normal 0 -1 0
    outer loop
      vertex -27.8 -16.75 4.7
      vertex -24.2 -16.75 4.7
      vertex 34.75 -16.75 5.6
    endloop
  endfacet
  facet normal 0 -1 0
    outer loop
      vertex -34.75 -16.75 5.6
      vertex -27.8 -16.75 4.7
      vertex 34.75 -16.75 5.6
    endloop
  endfacet
  facet normal 0 -1 0
    outer loop
      vertex -34.75 -16.75 2.4
      vertex 34.75 -16.75 2.4
      vertex 27.8 -16.75 3.7
    endloop
  endfacet
  facet normal 0 -1 0
    outer loop
      vertex -34.75 -16.75 2.4
      vertex 27.8 -16.75 3.7
      vertex 24.2 -16.75 3.7
    endloop
  endfacet
  facet normal 0 -1 0
    outer loop
      vertex -34.75 -16.75 2.4
      vertex 24.2 -16.75 3.7
      vertex 24.2 -16.75 4.7
    endloop
  endfacet
  facet normal 0 -1 0
    outer loop
      vertex -34.75 -16.75 2.4
      vertex 24.2 -16.75 4.7
      vertex 34.75 -16.75 5.6
    endloop
  endfacet
  facet normal 0 1 0
    outer loop
      vertex -34.75 -15.350000000000001 5.6
      vertex 34.75 -15.350000000000001 5.6
      vertex 34.75 -15.350000000000001 2.4
    endloop
  endfacet
  facet normal 0 0 1
    outer loop
      vertex -34.75 -15.350000000000001 5.6
      vertex 34.75 -16.75 5.6
      vertex 34.75 -15.350000000000001 5.6
    endloop
  endfacet
  facet normal 1 0 0
    outer loop
      vertex 34.75 -16.75 2.4
      vertex 34.75 -15.350000000000001 2.4
      vertex 34.75 -16.75 5.6
    endloop
  endfacet
  facet normal 0 -1 0
    outer loop
      vertex 34.75 -16.75 2.4
      vertex 34.75 -16.75 5.6
      vertex 27.8 -16.75 3.7
    endloop
  endfacet
  facet normal 0 -1 0
    outer loop
      vertex 24.2 -16.75 4.7
      vertex 27.8 -16.75 4.7
      vertex 34.75 -16.75 5.6
    endloop
  endfacet
  facet normal 0 -1 0
    outer loop
      vertex 27.8 -16.75 3.7
      vertex 34.75 -16.75 5.6
      vertex 27.8 -16.75 4.7
    endloop
  endfacet
  facet normal 1 0 0
    outer loop
      vertex 34.75 -15.350000000000001 2.4
      vertex 34.75 -15.350000000000001 5.6
      vertex 34.75 -16.75 5.6
    endloop
  endfacet
  facet normal 0.33688985339221933 0.941544065183021 0
    outer loop
      vertex -15.451685505061958 -4.711785615807562 2.4
      vertex -14.980451853997758 -4.8803957122342645 0
      vertex -15.451685505061958 -4.711785615807562 0
    endloop
  endfacet
  facet normal 0.24298017990326456 0.9700312531945438 0
    outer loop
      vertex -14.980451853997758 -4.8803957122342645 2.4
      vertex -14.494960642282255 -5.002004930056475 0
      vertex -14.980451853997758 -4.8803957122342645 0
    endloop
  endfacet
  facet normal 0.04906767432741804 0.9987954562051724 0
    outer loop
      vertex -13.999887415680758 -5.075442106028204 2.4
      vertex -13.5 -5.1 0
      vertex -13.999887415680758 -5.075442106028204 0
    endloop
  endfacet
  facet normal 0.1467304744553616 0.9891765099647809 0
    outer loop
      vertex -14.494960642282255 -5.002004930056475 0
      vertex -14.494960642282255 -5.002004930056475 2.4
      vertex -13.999887415680758 -5.075442106028204 0
    endloop
  endfacet
  facet normal -0.04906767432741804 0.9987954562051724 0
    outer loop
      vertex -13.5 -5.1 0
      vertex -13.5 -5.1 2.4
      vertex -13.000112584319242 -5.075442106028204 0
    endloop
  endfacet
  facet normal -0.1467304744553616 0.9891765099647809 0
    outer loop
      vertex -13.000112584319242 -5.075442106028204 0
      vertex -13.000112584319242 -5.075442106028204 2.4
      vertex -12.505039357717745 -5.002004930056475 0
    endloop
  endfacet
  facet normal -0.24298017990326456 0.9700312531945438 0
    outer loop
      vertex -12.505039357717745 -5.002004930056475 0
      vertex -12.505039357717745 -5.002004930056475 2.4
      vertex -12.019548146002242 -4.8803957122342645 0
    endloop
  endfacet
  facet normal -0.33688985339221933 0.941544065183021 0
    outer loop
      vertex -12.019548146002242 -4.8803957122342645 2.4
      vertex -11.548314494938042 -4.711785615807562 0
      vertex -12.019548146002242 -4.8803957122342645 0
    endloop
  endfacet
  facet normal 0.8032075314806452 0.5956993044924331 0
    outer loop
      vertex -17.74049502274298 -2.833408188399971 2.4
      vertex -17.442353312149958 -3.235405749234592 0
      vertex -17.74049502274298 -2.833408188399971 0
    endloop
  endfacet
  facet normal 0.857728610000272 0.5141027441932217 0
    outer loop
      vertex -17.99779844817661 -2.404123357812588 2.4
      vertex -17.74049502274298 -2.833408188399971 0
      vertex -17.99779844817661 -2.404123357812588 0
    endloop
  endfacet
  facet normal 0.6715589548470173 0.74095112535496 -7.473920005477533e-19
    outer loop
      vertex -16.73540574923459 -3.9423533121499585 0
      vertex -17.106244584051392 -3.6062445840513924 0
      vertex -17.106244584051392 -3.6062445840513924 2.4
    endloop
  endfacet
  facet normal 0.5956993044924338 0.8032075314806446 0
    outer loop
      vertex -16.73540574923459 -3.9423533121499585 2.4
      vertex -16.33340818839997 -4.24049502274298 0
      vertex -16.73540574923459 -3.9423533121499585 0
    endloop
  endfacet
  facet normal 0.4275550934302836 0.9039892931234427 0
    outer loop
      vertex -15.904123357812587 -4.49779844817661 2.4
      vertex -15.451685505061958 -4.711785615807562 0
      vertex -15.904123357812587 -4.49779844817661 0
    endloop
  endfacet
  facet normal 0.5141027441932204 0.8577286100002727 3.5345828276107235e-18
    outer loop
      vertex -15.904123357812587 -4.49779844817661 0
      vertex -16.33340818839997 -4.24049502274298 0
      vertex -16.33340818839997 -4.24049502274298 2.4
    endloop
  endfacet
  facet normal 0.7409511253549597 0.6715589548470178 0
    outer loop
      vertex -17.442353312149958 -3.235405749234592 2.4
      vertex -17.106244584051392 -3.6062445840513924 0
      vertex -17.442353312149958 -3.235405749234592 0
    endloop
  endfacet
  facet normal 0.9039892931234417 0.4275550934302856 0
    outer loop
      vertex -18.211785615807564 -1.9516855050619577 2.4
      vertex -17.99779844817661 -2.404123357812588 0
      vertex -18.211785615807564 -1.9516855050619577 0
    endloop
  endfacet
  facet normal 0.9415440651830222 0.3368898533922161 0
    outer loop
      vertex -18.380395712234264 -1.4804518539977578 2.4
      vertex -18.211785615807564 -1.9516855050619577 0
      vertex -18.380395712234264 -1.4804518539977578 0
    endloop
  endfacet
  facet normal 0.9700312531945434 0.24298017990326612 0
    outer loop
      vertex -18.502004930056476 -0.994960642282254 2.4
      vertex -18.380395712234264 -1.4804518539977578 0
      vertex -18.502004930056476 -0.994960642282254 0
    endloop
  endfacet
  facet normal 0.9891765099647807 0.14673047445536377 0
    outer loop
      vertex -18.575442106028206 -0.49988741568075906 2.4
      vertex -18.502004930056476 -0.994960642282254 0
      vertex -18.575442106028206 -0.49988741568075906 0
    endloop
  endfacet
  facet normal 0.9987954562051724 0.04906767432741798 0
    outer loop
      vertex -18.6 0 2.4
      vertex -18.575442106028206 -0.49988741568075906 0
      vertex -18.6 0 0
    endloop
  endfacet
  facet normal -0.4275550934302836 0.9039892931234427 0
    outer loop
      vertex -11.548314494938042 -4.711785615807562 2.4
      vertex -11.095876642187413 -4.49779844817661 0
      vertex -11.548314494938042 -4.711785615807562 0
    endloop
  endfacet
  facet normal -0.5141027441932204 0.8577286100002727 0
    outer loop
      vertex -11.095876642187413 -4.49779844817661 0
      vertex -11.095876642187413 -4.49779844817661 2.4
      vertex -10.666591811600028 -4.24049502274298 0
    endloop
  endfacet
  facet normal -0.5956993044924338 0.8032075314806446 0
    outer loop
      vertex -10.666591811600028 -4.24049502274298 0
      vertex -10.666591811600028 -4.24049502274298 2.4
      vertex -10.264594250765409 -3.9423533121499585 0
    endloop
  endfacet
  facet normal -0.6715589548470173 0.74095112535496 0
    outer loop
      vertex -10.264594250765409 -3.9423533121499585 0
      vertex -10.264594250765409 -3.9423533121499585 2.4
      vertex -9.893755415948608 -3.6062445840513924 0
    endloop
  endfacet
  facet normal -0.7409511253549597 0.6715589548470178 -3.617533317553929e-18
    outer loop
      vertex -9.557646687850042 -3.235405749234592 0
      vertex -9.893755415948608 -3.6062445840513924 0
      vertex -9.893755415948608 -3.6062445840513924 2.4
    endloop
  endfacet
  facet normal -0.8032075314806452 0.5956993044924331 4.012608569157101e-18
    outer loop
      vertex -9.25950497725702 -2.833408188399971 0
      vertex -9.557646687850042 -3.235405749234592 0
      vertex -9.557646687850042 -3.235405749234592 2.4
    endloop
  endfacet
  facet normal -0.857728610000272 0.5141027441932217 -8.157659642349279e-20
    outer loop
      vertex -9.00220155182339 -2.404123357812588 0
      vertex -9.25950497725702 -2.833408188399971 0
      vertex -9.25950497725702 -2.833408188399971 2.4
    endloop
  endfacet
  facet normal -0.903989293123443 0.42755509343028275 -2.0603919882157996e-18
    outer loop
      vertex -8.788214384192438 -1.9516855050619577 0
      vertex -9.00220155182339 -2.404123357812588 0
      vertex -9.00220155182339 -2.404123357812588 2.4
    endloop
  endfacet
  facet normal -0.941544065183021 0.3368898533922192 -4.9913259198393416e-18
    outer loop
      vertex -8.619604287765736 -1.4804518539977578 0
      vertex -8.788214384192438 -1.9516855050619577 0
      vertex -8.788214384192438 -1.9516855050619577 2.4
    endloop
  endfacet
  facet normal -0.9700312531945434 0.24298017990326612 -1.7431439933442612e-18
    outer loop
      vertex -8.497995069943524 -0.994960642282254 0
      vertex -8.619604287765736 -1.4804518539977578 0
      vertex -8.619604287765736 -1.4804518539977578 2.4
    endloop
  endfacet
  facet normal -0.9891765099647812 0.14673047445536028 -2.7723177936692197e-18
    outer loop
      vertex -8.424557893971796 -0.49988741568075906 0
      vertex -8.497995069943524 -0.994960642282254 0
      vertex -8.497995069943524 -0.994960642282254 2.4
    endloop
  endfacet
  facet normal -0.9987954562051724 0.04906767432741798 -6.524216685472369e-19
    outer loop
      vertex -8.4 0 0
      vertex -8.424557893971796 -0.49988741568075906 0
      vertex -8.424557893971796 -0.49988741568075906 2.4
    endloop
  endfacet
  facet normal 0.33688985339221933 0.941544065183021 0
    outer loop
      vertex -14.980451853997758 -4.8803957122342645 2.4
      vertex -14.980451853997758 -4.8803957122342645 0
      vertex -15.451685505061958 -4.711785615807562 2.4
    endloop
  endfacet
  facet normal 0.24298017990326456 0.9700312531945438 0
    outer loop
      vertex -14.494960642282255 -5.002004930056475 0
      vertex -14.980451853997758 -4.8803957122342645 2.4
      vertex -14.494960642282255 -5.002004930056475 2.4
    endloop
  endfacet
  facet normal 0.1467304744553616 0.9891765099647809 0
    outer loop
      vertex -13.999887415680758 -5.075442106028204 0
      vertex -14.494960642282255 -5.002004930056475 2.4
      vertex -13.999887415680758 -5.075442106028204 2.4
    endloop
  endfacet
  facet normal 0.04906767432741804 0.9987954562051724 0
    outer loop
      vertex -13.5 -5.1 0
      vertex -13.999887415680758 -5.075442106028204 2.4
      vertex -13.5 -5.1 2.4
    endloop
  endfacet
  facet normal -0.04906767432741804 0.9987954562051724 0
    outer loop
      vertex -13.000112584319242 -5.075442106028204 0
      vertex -13.5 -5.1 2.4
      vertex -13.000112584319242 -5.075442106028204 2.4
    endloop
  endfacet
  facet normal -0.1467304744553616 0.9891765099647809 0
    outer loop
      vertex -12.505039357717745 -5.002004930056475 0
      vertex -13.000112584319242 -5.075442106028204 2.4
      vertex -12.505039357717745 -5.002004930056475 2.4
    endloop
  endfacet
  facet normal -0.24298017990326456 0.9700312531945438 0
    outer loop
      vertex -12.019548146002242 -4.8803957122342645 2.4
      vertex -12.019548146002242 -4.8803957122342645 0
      vertex -12.505039357717745 -5.002004930056475 2.4
    endloop
  endfacet
  facet normal -0.33688985339221933 0.941544065183021 0
    outer loop
      vertex -11.548314494938042 -4.711785615807562 2.4
      vertex -11.548314494938042 -4.711785615807562 0
      vertex -12.019548146002242 -4.8803957122342645 2.4
    endloop
  endfacet
  facet normal 0.8032075314806452 0.5956993044924331 -4.012608569157101e-18
    outer loop
      vertex -17.74049502274298 -2.833408188399971 2.4
      vertex -17.442353312149958 -3.235405749234592 2.4
      vertex -17.442353312149958 -3.235405749234592 0
    endloop
  endfacet
  facet normal 0.857728610000272 0.5141027441932217 8.157659642349279e-20
    outer loop
      vertex -17.99779844817661 -2.404123357812588 2.4
      vertex -17.74049502274298 -2.833408188399971 2.4
      vertex -17.74049502274298 -2.833408188399971 0
    endloop
  endfacet
  facet normal 0.5956993044924338 0.8032075314806446 1.5969152055060958e-18
    outer loop
      vertex -16.73540574923459 -3.9423533121499585 2.4
      vertex -16.33340818839997 -4.24049502274298 2.4
      vertex -16.33340818839997 -4.24049502274298 0
    endloop
  endfacet
  facet normal 0.6715589548470173 0.74095112535496 0
    outer loop
      vertex -16.73540574923459 -3.9423533121499585 2.4
      vertex -16.73540574923459 -3.9423533121499585 0
      vertex -17.106244584051392 -3.6062445840513924 2.4
    endloop
  endfacet
  facet normal 0.5141027441932204 0.8577286100002727 0
    outer loop
      vertex -15.904123357812587 -4.49779844817661 2.4
      vertex -15.904123357812587 -4.49779844817661 0
      vertex -16.33340818839997 -4.24049502274298 2.4
    endloop
  endfacet
  facet normal 0.4275550934302836 0.9039892931234427 0
    outer loop
      vertex -15.451685505061958 -4.711785615807562 2.4
      vertex -15.451685505061958 -4.711785615807562 0
      vertex -15.904123357812587 -4.49779844817661 2.4
    endloop
  endfacet
  facet normal 0.7409511253549597 0.6715589548470178 3.617533317553929e-18
    outer loop
      vertex -17.442353312149958 -3.235405749234592 2.4
      vertex -17.106244584051392 -3.6062445840513924 2.4
      vertex -17.106244584051392 -3.6062445840513924 0
    endloop
  endfacet
  facet normal 0.9415440651830222 0.3368898533922161 -2.8892277980940117e-18
    outer loop
      vertex -18.380395712234264 -1.4804518539977578 2.4
      vertex -18.211785615807564 -1.9516855050619577 2.4
      vertex -18.211785615807564 -1.9516855050619577 0
    endloop
  endfacet
  facet normal 0.9039892931234417 0.4275550934302856 3.076577824224428e-18
    outer loop
      vertex -18.211785615807564 -1.9516855050619577 2.4
      vertex -17.99779844817661 -2.404123357812588 2.4
      vertex -17.99779844817661 -2.404123357812588 0
    endloop
  endfacet
  facet normal 0.9700312531945434 0.24298017990326612 1.7431439933442612e-18
    outer loop
      vertex -18.502004930056476 -0.994960642282254 2.4
      vertex -18.380395712234264 -1.4804518539977578 2.4
      vertex -18.380395712234264 -1.4804518539977578 0
    endloop
  endfacet
  facet normal 0.9891765099647807 0.14673047445536377 -1.4952311221147243e-18
    outer loop
      vertex -18.575442106028206 -0.49988741568075906 2.4
      vertex -18.502004930056476 -0.994960642282254 2.4
      vertex -18.502004930056476 -0.994960642282254 0
    endloop
  endfacet
  facet normal 0.9987954562051724 0.04906767432741798 6.524216685472369e-19
    outer loop
      vertex -18.6 0 2.4
      vertex -18.575442106028206 -0.49988741568075906 2.4
      vertex -18.575442106028206 -0.49988741568075906 0
    endloop
  endfacet
  facet normal -0.4275550934302836 0.9039892931234427 0
    outer loop
      vertex -11.095876642187413 -4.49779844817661 0
      vertex -11.548314494938042 -4.711785615807562 2.4
      vertex -11.095876642187413 -4.49779844817661 2.4
    endloop
  endfacet
  facet normal -0.5141027441932204 0.8577286100002727 0
    outer loop
      vertex -10.666591811600028 -4.24049502274298 0
      vertex -11.095876642187413 -4.49779844817661 2.4
      vertex -10.666591811600028 -4.24049502274298 2.4
    endloop
  endfacet
  facet normal -0.5956993044924338 0.8032075314806446 0
    outer loop
      vertex -10.264594250765409 -3.9423533121499585 0
      vertex -10.666591811600028 -4.24049502274298 2.4
      vertex -10.264594250765409 -3.9423533121499585 2.4
    endloop
  endfacet
  facet normal -0.6715589548470173 0.74095112535496 0
    outer loop
      vertex -9.893755415948608 -3.6062445840513924 2.4
      vertex -9.893755415948608 -3.6062445840513924 0
      vertex -10.264594250765409 -3.9423533121499585 2.4
    endloop
  endfacet
  facet normal -0.7409511253549597 0.6715589548470178 0
    outer loop
      vertex -9.557646687850042 -3.235405749234592 0
      vertex -9.893755415948608 -3.6062445840513924 2.4
      vertex -9.557646687850042 -3.235405749234592 2.4
    endloop
  endfacet
  facet normal -0.8032075314806452 0.5956993044924331 0
    outer loop
      vertex -9.25950497725702 -2.833408188399971 0
      vertex -9.557646687850042 -3.235405749234592 2.4
      vertex -9.25950497725702 -2.833408188399971 2.4
    endloop
  endfacet
  facet normal -0.857728610000272 0.5141027441932217 0
    outer loop
      vertex -9.00220155182339 -2.404123357812588 0
      vertex -9.25950497725702 -2.833408188399971 2.4
      vertex -9.00220155182339 -2.404123357812588 2.4
    endloop
  endfacet
  facet normal -0.903989293123443 0.42755509343028275 0
    outer loop
      vertex -8.788214384192438 -1.9516855050619577 0
      vertex -9.00220155182339 -2.404123357812588 2.4
      vertex -8.788214384192438 -1.9516855050619577 2.4
    endloop
  endfacet
  facet normal -0.941544065183021 0.3368898533922192 0
    outer loop
      vertex -8.619604287765736 -1.4804518539977578 0
      vertex -8.788214384192438 -1.9516855050619577 2.4
      vertex -8.619604287765736 -1.4804518539977578 2.4
    endloop
  endfacet
  facet normal -0.9700312531945434 0.24298017990326612 0
    outer loop
      vertex -8.497995069943524 -0.994960642282254 0
      vertex -8.619604287765736 -1.4804518539977578 2.4
      vertex -8.497995069943524 -0.994960642282254 2.4
    endloop
  endfacet
  facet normal -0.9891765099647812 0.14673047445536028 0
    outer loop
      vertex -8.424557893971796 -0.49988741568075906 0
      vertex -8.497995069943524 -0.994960642282254 2.4
      vertex -8.424557893971796 -0.49988741568075906 2.4
    endloop
  endfacet
  facet normal -0.9987954562051724 0.04906767432741798 0
    outer loop
      vertex -8.4 0 0
      vertex -8.424557893971796 -0.49988741568075906 2.4
      vertex -8.4 0 2.4
    endloop
  endfacet
  facet normal 0.9987954562051724 -0.04906767432741798 0
    outer loop
      vertex -18.575442106028206 0.49988741568075906 2.4
      vertex -18.6 0 0
      vertex -18.575442106028206 0.49988741568075906 0
    endloop
  endfacet
  facet normal 0.9891765099647807 -0.14673047445536377 0
    outer loop
      vertex -18.502004930056476 0.994960642282254 2.4
      vertex -18.575442106028206 0.49988741568075906 0
      vertex -18.502004930056476 0.994960642282254 0
    endloop
  endfacet
  facet normal 0.9700312531945434 -0.24298017990326612 0
    outer loop
      vertex -18.380395712234264 1.4804518539977578 2.4
      vertex -18.502004930056476 0.994960642282254 0
      vertex -18.380395712234264 1.4804518539977578 0
    endloop
  endfacet
  facet normal 0.9415440651830222 -0.3368898533922161 0
    outer loop
      vertex -18.211785615807564 1.9516855050619577 2.4
      vertex -18.380395712234264 1.4804518539977578 0
      vertex -18.211785615807564 1.9516855050619577 0
    endloop
  endfacet
  facet normal 0.9039892931234417 -0.4275550934302856 0
    outer loop
      vertex -17.99779844817661 2.404123357812588 2.4
      vertex -18.211785615807564 1.9516855050619577 0
      vertex -17.99779844817661 2.404123357812588 0
    endloop
  endfacet
  facet normal 0.857728610000272 -0.5141027441932217 0
    outer loop
      vertex -17.74049502274298 2.833408188399971 2.4
      vertex -17.99779844817661 2.404123357812588 0
      vertex -17.74049502274298 2.833408188399971 0
    endloop
  endfacet
  facet normal 0.8032075314806452 -0.5956993044924331 0
    outer loop
      vertex -17.442353312149958 3.235405749234592 2.4
      vertex -17.74049502274298 2.833408188399971 0
      vertex -17.442353312149958 3.235405749234592 0
    endloop
  endfacet
  facet normal 0.7409511253549597 -0.6715589548470178 2.48526738021455e-16
    outer loop
      vertex -17.106244584051392 3.6062445840513933 2.4
      vertex -17.442353312149958 3.235405749234592 0
      vertex -17.106244584051392 3.6062445840513924 0
    endloop
  endfacet
  facet normal 0.6715589548470173 -0.74095112535496 0
    outer loop
      vertex -16.73540574923459 3.9423533121499585 0
      vertex -16.73540574923459 3.9423533121499585 2.4
      vertex -17.106244584051392 3.6062445840513924 0
    endloop
  endfacet
  facet normal 0.5956993044924338 -0.8032075314806446 0
    outer loop
      vertex -16.33340818839997 4.24049502274298 0
      vertex -16.33340818839997 4.24049502274298 2.4
      vertex -16.73540574923459 3.9423533121499585 0
    endloop
  endfacet
  facet normal 0.5141027441932204 -0.8577286100002727 0
    outer loop
      vertex -15.904123357812587 4.49779844817661 0
      vertex -15.904123357812587 4.49779844817661 2.4
      vertex -16.33340818839997 4.24049502274298 0
    endloop
  endfacet
  facet normal 0.4275550934302836 -0.9039892931234427 0
    outer loop
      vertex -15.451685505061958 4.711785615807562 0
      vertex -15.451685505061958 4.711785615807562 2.4
      vertex -15.904123357812587 4.49779844817661 0
    endloop
  endfacet
  facet normal -0.6715589548470173 -0.74095112535496 -7.473920005477533e-19
    outer loop
      vertex -10.264594250765409 3.9423533121499585 0
      vertex -9.893755415948608 3.6062445840513924 0
      vertex -9.893755415948608 3.6062445840513924 2.4
    endloop
  endfacet
  facet normal -0.5956993044924338 -0.8032075314806446 0
    outer loop
      vertex -10.264594250765409 3.9423533121499585 0
      vertex -10.264594250765409 3.9423533121499585 2.4
      vertex -10.666591811600028 4.24049502274298 0
    endloop
  endfacet
  facet normal -0.5141027441932204 -0.8577286100002727 0
    outer loop
      vertex -10.666591811600028 4.24049502274298 0
      vertex -10.666591811600028 4.24049502274298 2.4
      vertex -11.095876642187413 4.49779844817661 0
    endloop
  endfacet
  facet normal -0.4275550934302836 -0.9039892931234427 0
    outer loop
      vertex -11.095876642187413 4.49779844817661 0
      vertex -11.095876642187413 4.49779844817661 2.4
      vertex -11.548314494938042 4.711785615807562 0
    endloop
  endfacet
  facet normal 0.33688985339221933 -0.941544065183021 0
    outer loop
      vertex -14.980451853997758 4.8803957122342645 0
      vertex -14.980451853997758 4.8803957122342645 2.4
      vertex -15.451685505061958 4.711785615807562 0
    endloop
  endfacet
  facet normal 0.24298017990326456 -0.9700312531945438 0
    outer loop
      vertex -14.494960642282255 5.002004930056475 0
      vertex -14.494960642282255 5.002004930056475 2.4
      vertex -14.980451853997758 4.8803957122342645 0
    endloop
  endfacet
  facet normal 0.1467304744553616 -0.9891765099647809 0
    outer loop
      vertex -13.999887415680758 5.075442106028204 0
      vertex -13.999887415680758 5.075442106028204 2.4
      vertex -14.494960642282255 5.002004930056475 0
    endloop
  endfacet
  facet normal 0.04906767432741804 -0.9987954562051724 0
    outer loop
      vertex -13.5 5.1 0
      vertex -13.5 5.1 2.4
      vertex -13.999887415680758 5.075442106028204 0
    endloop
  endfacet
  facet normal -0.04906767432741804 -0.9987954562051724 0
    outer loop
      vertex -13.000112584319242 5.075442106028204 0
      vertex -13.000112584319242 5.075442106028204 2.4
      vertex -13.5 5.1 0
    endloop
  endfacet
  facet normal -0.1467304744553616 -0.9891765099647809 0
    outer loop
      vertex -12.505039357717745 5.002004930056475 0
      vertex -12.505039357717745 5.002004930056475 2.4
      vertex -13.000112584319242 5.075442106028204 0
    endloop
  endfacet
  facet normal -0.24298017990326456 -0.9700312531945438 0
    outer loop
      vertex -12.019548146002242 4.8803957122342645 0
      vertex -12.019548146002242 4.8803957122342645 2.4
      vertex -12.505039357717745 5.002004930056475 0
    endloop
  endfacet
  facet normal -0.33688985339221933 -0.941544065183021 0
    outer loop
      vertex -11.548314494938042 4.711785615807562 0
      vertex -11.548314494938042 4.711785615807562 2.4
      vertex -12.019548146002242 4.8803957122342645 0
    endloop
  endfacet
  facet normal -0.9987954562051724 -0.04906767432741798 6.524216685472369e-19
    outer loop
      vertex -8.424557893971796 0.49988741568075906 0
      vertex -8.4 0 0
      vertex -8.4 0 2.4
    endloop
  endfacet
  facet normal -0.9891765099647812 -0.14673047445536028 2.7723177936692197e-18
    outer loop
      vertex -8.497995069943524 0.994960642282254 0
      vertex -8.424557893971796 0.49988741568075906 0
      vertex -8.424557893971796 0.49988741568075906 2.4
    endloop
  endfacet
  facet normal -0.9700312531945434 -0.24298017990326612 1.7431439933442612e-18
    outer loop
      vertex -8.619604287765736 1.4804518539977578 0
      vertex -8.497995069943524 0.994960642282254 0
      vertex -8.497995069943524 0.994960642282254 2.4
    endloop
  endfacet
  facet normal -0.903989293123443 -0.42755509343028275 2.0603919882157996e-18
    outer loop
      vertex -9.00220155182339 2.404123357812588 0
      vertex -8.788214384192438 1.9516855050619577 0
      vertex -8.788214384192438 1.9516855050619577 2.4
    endloop
  endfacet
  facet normal -0.941544065183021 -0.3368898533922192 4.9913259198393416e-18
    outer loop
      vertex -8.788214384192438 1.9516855050619577 0
      vertex -8.619604287765736 1.4804518539977578 0
      vertex -8.619604287765736 1.4804518539977578 2.4
    endloop
  endfacet
  facet normal -0.857728610000272 -0.5141027441932217 8.157659642349279e-20
    outer loop
      vertex -9.25950497725702 2.833408188399971 0
      vertex -9.00220155182339 2.404123357812588 0
      vertex -9.00220155182339 2.404123357812588 2.4
    endloop
  endfacet
  facet normal -0.8032075314806452 -0.5956993044924331 -4.012608569157101e-18
    outer loop
      vertex -9.557646687850042 3.235405749234592 0
      vertex -9.25950497725702 2.833408188399971 0
      vertex -9.25950497725702 2.833408188399971 2.4
    endloop
  endfacet
  facet normal -0.7409511253549597 -0.6715589548470178 3.617533317553929e-18
    outer loop
      vertex -9.893755415948608 3.6062445840513924 0
      vertex -9.557646687850042 3.235405749234592 0
      vertex -9.557646687850042 3.235405749234592 2.4
    endloop
  endfacet
  facet normal 0.9987954562051724 -0.04906767432741798 -6.524216685472369e-19
    outer loop
      vertex -18.575442106028206 0.49988741568075906 2.4
      vertex -18.6 0 2.4
      vertex -18.6 0 0
    endloop
  endfacet
  facet normal 0.9891765099647807 -0.14673047445536377 1.4952311221147243e-18
    outer loop
      vertex -18.502004930056476 0.994960642282254 2.4
      vertex -18.575442106028206 0.49988741568075906 2.4
      vertex -18.575442106028206 0.49988741568075906 0
    endloop
  endfacet
  facet normal 0.9700312531945434 -0.24298017990326612 -1.7431439933442612e-18
    outer loop
      vertex -18.380395712234264 1.4804518539977578 2.4
      vertex -18.502004930056476 0.994960642282254 2.4
      vertex -18.502004930056476 0.994960642282254 0
    endloop
  endfacet
  facet normal 0.9415440651830222 -0.3368898533922161 2.8892277980940117e-18
    outer loop
      vertex -18.211785615807564 1.9516855050619577 2.4
      vertex -18.380395712234264 1.4804518539977578 2.4
      vertex -18.380395712234264 1.4804518539977578 0
    endloop
  endfacet
  facet normal 0.9039892931234417 -0.4275550934302856 -3.076577824224428e-18
    outer loop
      vertex -17.99779844817661 2.404123357812588 2.4
      vertex -18.211785615807564 1.9516855050619577 2.4
      vertex -18.211785615807564 1.9516855050619577 0
    endloop
  endfacet
  facet normal 0.857728610000272 -0.5141027441932217 -8.157659642349279e-20
    outer loop
      vertex -17.74049502274298 2.833408188399971 2.4
      vertex -17.99779844817661 2.404123357812588 2.4
      vertex -17.99779844817661 2.404123357812588 0
    endloop
  endfacet
  facet normal 0.8032075314806452 -0.5956993044924331 4.012608569157101e-18
    outer loop
      vertex -17.442353312149958 3.235405749234592 2.4
      vertex -17.74049502274298 2.833408188399971 2.4
      vertex -17.74049502274298 2.833408188399971 0
    endloop
  endfacet
  facet normal 0.7409511253549605 -0.6715589548470169 2.285823946661196e-18
    outer loop
      vertex -17.106244584051392 3.6062445840513933 2.4
      vertex -17.442353312149958 3.235405749234592 2.4
      vertex -17.442353312149958 3.235405749234592 0
    endloop
  endfacet
  facet normal 0.6715589548470164 -0.740951125354961 2.7420699983033275e-16
    outer loop
      vertex -17.106244584051392 3.6062445840513933 2.4
      vertex -17.106244584051392 3.6062445840513924 0
      vertex -16.73540574923459 3.9423533121499585 2.4
    endloop
  endfacet
  facet normal 0.5956993044924338 -0.8032075314806446 0
    outer loop
      vertex -16.73540574923459 3.9423533121499585 0
      vertex -16.33340818839997 4.24049502274298 2.4
      vertex -16.73540574923459 3.9423533121499585 2.4
    endloop
  endfacet
  facet normal 0.5141027441932204 -0.8577286100002727 0
    outer loop
      vertex -16.33340818839997 4.24049502274298 0
      vertex -15.904123357812587 4.49779844817661 2.4
      vertex -16.33340818839997 4.24049502274298 2.4
    endloop
  endfacet
  facet normal 0.4275550934302836 -0.9039892931234427 0
    outer loop
      vertex -15.904123357812587 4.49779844817661 0
      vertex -15.451685505061958 4.711785615807562 2.4
      vertex -15.904123357812587 4.49779844817661 2.4
    endloop
  endfacet
  facet normal -0.4275550934302836 -0.9039892931234427 0
    outer loop
      vertex -11.548314494938042 4.711785615807562 0
      vertex -11.095876642187413 4.49779844817661 2.4
      vertex -11.548314494938042 4.711785615807562 2.4
    endloop
  endfacet
  facet normal -0.6715589548470173 -0.74095112535496 0
    outer loop
      vertex -10.264594250765409 3.9423533121499585 0
      vertex -9.893755415948608 3.6062445840513924 2.4
      vertex -10.264594250765409 3.9423533121499585 2.4
    endloop
  endfacet
  facet normal -0.5956993044924338 -0.8032075314806446 0
    outer loop
      vertex -10.666591811600028 4.24049502274298 0
      vertex -10.264594250765409 3.9423533121499585 2.4
      vertex -10.666591811600028 4.24049502274298 2.4
    endloop
  endfacet
  facet normal -0.5141027441932204 -0.8577286100002727 0
    outer loop
      vertex -11.095876642187413 4.49779844817661 0
      vertex -10.666591811600028 4.24049502274298 2.4
      vertex -11.095876642187413 4.49779844817661 2.4
    endloop
  endfacet
  facet normal 0.33688985339221933 -0.941544065183021 0
    outer loop
      vertex -15.451685505061958 4.711785615807562 0
      vertex -14.980451853997758 4.8803957122342645 2.4
      vertex -15.451685505061958 4.711785615807562 2.4
    endloop
  endfacet
  facet normal 0.24298017990326456 -0.9700312531945438 0
    outer loop
      vertex -14.980451853997758 4.8803957122342645 0
      vertex -14.494960642282255 5.002004930056475 2.4
      vertex -14.980451853997758 4.8803957122342645 2.4
    endloop
  endfacet
  facet normal 0.1467304744553616 -0.9891765099647809 0
    outer loop
      vertex -14.494960642282255 5.002004930056475 0
      vertex -13.999887415680758 5.075442106028204 2.4
      vertex -14.494960642282255 5.002004930056475 2.4
    endloop
  endfacet
  facet normal 0.04906767432741804 -0.9987954562051724 0
    outer loop
      vertex -13.999887415680758 5.075442106028204 0
      vertex -13.5 5.1 2.4
      vertex -13.999887415680758 5.075442106028204 2.4
    endloop
  endfacet
  facet normal -0.04906767432741804 -0.9987954562051724 0
    outer loop
      vertex -13.5 5.1 0
      vertex -13.000112584319242 5.075442106028204 2.4
      vertex -13.5 5.1 2.4
    endloop
  endfacet
  facet normal -0.1467304744553616 -0.9891765099647809 0
    outer loop
      vertex -13.000112584319242 5.075442106028204 0
      vertex -12.505039357717745 5.002004930056475 2.4
      vertex -13.000112584319242 5.075442106028204 2.4
    endloop
  endfacet
  facet normal -0.24298017990326456 -0.9700312531945438 0
    outer loop
      vertex -12.505039357717745 5.002004930056475 0
      vertex -12.019548146002242 4.8803957122342645 2.4
      vertex -12.505039357717745 5.002004930056475 2.4
    endloop
  endfacet
  facet normal -0.33688985339221933 -0.941544065183021 0
    outer loop
      vertex -12.019548146002242 4.8803957122342645 0
      vertex -11.548314494938042 4.711785615807562 2.4
      vertex -12.019548146002242 4.8803957122342645 2.4
    endloop
  endfacet
  facet normal -0.9987954562051724 -0.04906767432741798 0
    outer loop
      vertex -8.424557893971796 0.49988741568075906 0
      vertex -8.4 0 2.4
      vertex -8.424557893971796 0.49988741568075906 2.4
    endloop
  endfacet
  facet normal -0.9891765099647812 -0.14673047445536028 0
    outer loop
      vertex -8.497995069943524 0.994960642282254 0
      vertex -8.424557893971796 0.49988741568075906 2.4
      vertex -8.497995069943524 0.994960642282254 2.4
    endloop
  endfacet
  facet normal -0.903989293123443 -0.42755509343028275 0
    outer loop
      vertex -9.00220155182339 2.404123357812588 0
      vertex -8.788214384192438 1.9516855050619577 2.4
      vertex -9.00220155182339 2.404123357812588 2.4
    endloop
  endfacet
  facet normal -0.9700312531945434 -0.24298017990326612 0
    outer loop
      vertex -8.619604287765736 1.4804518539977578 0
      vertex -8.497995069943524 0.994960642282254 2.4
      vertex -8.619604287765736 1.4804518539977578 2.4
    endloop
  endfacet
  facet normal -0.941544065183021 -0.3368898533922192 0
    outer loop
      vertex -8.788214384192438 1.9516855050619577 0
      vertex -8.619604287765736 1.4804518539977578 2.4
      vertex -8.788214384192438 1.9516855050619577 2.4
    endloop
  endfacet
  facet normal -0.857728610000272 -0.5141027441932217 0
    outer loop
      vertex -9.25950497725702 2.833408188399971 0
      vertex -9.00220155182339 2.404123357812588 2.4
      vertex -9.25950497725702 2.833408188399971 2.4
    endloop
  endfacet
  facet normal -0.8032075314806452 -0.5956993044924331 0
    outer loop
      vertex -9.557646687850042 3.235405749234592 0
      vertex -9.25950497725702 2.833408188399971 2.4
      vertex -9.557646687850042 3.235405749234592 2.4
    endloop
  endfacet
  facet normal -0.7409511253549597 -0.6715589548470178 0
    outer loop
      vertex -9.893755415948608 3.6062445840513924 0
      vertex -9.557646687850042 3.235405749234592 2.4
      vertex -9.893755415948608 3.6062445840513924 2.4
    endloop
  endfacet
  facet normal 0.7409511253549597 0.6715589548470178 3.617533317553929e-18
    outer loop
      vertex 9.893755415948608 -3.6062445840513924 0
      vertex 9.557646687850042 -3.235405749234592 0
      vertex 9.557646687850042 -3.235405749234592 2.4
    endloop
  endfacet
  facet normal 0.8032075314806452 0.5956993044924331 -4.012608569157101e-18
    outer loop
      vertex 9.557646687850042 -3.235405749234592 0
      vertex 9.25950497725702 -2.833408188399971 0
      vertex 9.25950497725702 -2.833408188399971 2.4
    endloop
  endfacet
  facet normal 0.857728610000272 0.5141027441932217 8.157659642349279e-20
    outer loop
      vertex 9.25950497725702 -2.833408188399971 0
      vertex 9.00220155182339 -2.404123357812588 0
      vertex 9.00220155182339 -2.404123357812588 2.4
    endloop
  endfacet
  facet normal 0.941544065183021 0.3368898533922192 4.9913259198393416e-18
    outer loop
      vertex 8.788214384192438 -1.9516855050619577 0
      vertex 8.619604287765736 -1.4804518539977578 0
      vertex 8.619604287765736 -1.4804518539977578 2.4
    endloop
  endfacet
  facet normal 0.903989293123443 0.42755509343028275 2.0603919882157996e-18
    outer loop
      vertex 9.00220155182339 -2.404123357812588 0
      vertex 8.788214384192438 -1.9516855050619577 0
      vertex 8.788214384192438 -1.9516855050619577 2.4
    endloop
  endfacet
  facet normal 0.9700312531945434 0.24298017990326612 1.7431439933442612e-18
    outer loop
      vertex 8.619604287765736 -1.4804518539977578 0
      vertex 8.497995069943524 -0.994960642282254 0
      vertex 8.497995069943524 -0.994960642282254 2.4
    endloop
  endfacet
  facet normal 0.9891765099647812 0.14673047445536028 2.7723177936692197e-18
    outer loop
      vertex 8.497995069943524 -0.994960642282254 0
      vertex 8.424557893971796 -0.49988741568075906 0
      vertex 8.424557893971796 -0.49988741568075906 2.4
    endloop
  endfacet
  facet normal 0.9987954562051724 0.04906767432741798 6.524216685472369e-19
    outer loop
      vertex 8.424557893971796 -0.49988741568075906 0
      vertex 8.4 0 0
      vertex 8.4 0 2.4
    endloop
  endfacet
  facet normal 0.33688985339221933 0.941544065183021 0
    outer loop
      vertex 11.548314494938042 -4.711785615807562 0
      vertex 11.548314494938042 -4.711785615807562 2.4
      vertex 12.019548146002242 -4.8803957122342645 0
    endloop
  endfacet
  facet normal 0.24298017990326456 0.9700312531945438 0
    outer loop
      vertex 12.019548146002242 -4.8803957122342645 0
      vertex 12.019548146002242 -4.8803957122342645 2.4
      vertex 12.505039357717745 -5.002004930056475 0
    endloop
  endfacet
  facet normal 0.1467304744553616 0.9891765099647809 0
    outer loop
      vertex 12.505039357717745 -5.002004930056475 0
      vertex 12.505039357717745 -5.002004930056475 2.4
      vertex 13.000112584319242 -5.075442106028204 0
    endloop
  endfacet
  facet normal 0.04906767432741804 0.9987954562051724 0
    outer loop
      vertex 13.000112584319242 -5.075442106028204 0
      vertex 13.000112584319242 -5.075442106028204 2.4
      vertex 13.5 -5.1 0
    endloop
  endfacet
  facet normal -0.04906767432741804 0.9987954562051724 0
    outer loop
      vertex 13.5 -5.1 0
      vertex 13.5 -5.1 2.4
      vertex 13.999887415680758 -5.075442106028204 0
    endloop
  endfacet
  facet normal -0.1467304744553616 0.9891765099647809 0
    outer loop
      vertex 13.999887415680758 -5.075442106028204 0
      vertex 13.999887415680758 -5.075442106028204 2.4
      vertex 14.494960642282255 -5.002004930056475 0
    endloop
  endfacet
  facet normal -0.24298017990326456 0.9700312531945438 0
    outer loop
      vertex 14.494960642282255 -5.002004930056475 0
      vertex 14.494960642282255 -5.002004930056475 2.4
      vertex 14.980451853997758 -4.8803957122342645 0
    endloop
  endfacet
  facet normal -0.33688985339221933 0.941544065183021 0
    outer loop
      vertex 14.980451853997758 -4.8803957122342645 0
      vertex 14.980451853997758 -4.8803957122342645 2.4
      vertex 15.451685505061958 -4.711785615807562 0
    endloop
  endfacet
  facet normal 0.4275550934302836 0.9039892931234427 0
    outer loop
      vertex 11.095876642187413 -4.49779844817661 0
      vertex 11.095876642187413 -4.49779844817661 2.4
      vertex 11.548314494938042 -4.711785615807562 0
    endloop
  endfacet
  facet normal 0.5141027441932204 0.8577286100002727 3.5345828276107235e-18
    outer loop
      vertex 11.095876642187413 -4.49779844817661 0
      vertex 10.666591811600028 -4.24049502274298 0
      vertex 10.666591811600028 -4.24049502274298 2.4
    endloop
  endfacet
  facet normal 0.5956993044924338 0.8032075314806446 0
    outer loop
      vertex 10.264594250765409 -3.9423533121499585 0
      vertex 10.264594250765409 -3.9423533121499585 2.4
      vertex 10.666591811600028 -4.24049502274298 0
    endloop
  endfacet
  facet normal 0.6715589548470173 0.74095112535496 -7.473920005477533e-19
    outer loop
      vertex 10.264594250765409 -3.9423533121499585 0
      vertex 9.893755415948608 -3.6062445840513924 0
      vertex 9.893755415948608 -3.6062445840513924 2.4
    endloop
  endfacet
  facet normal -0.4275550934302836 0.9039892931234427 0
    outer loop
      vertex 15.451685505061958 -4.711785615807562 0
      vertex 15.451685505061958 -4.711785615807562 2.4
      vertex 15.904123357812587 -4.49779844817661 0
    endloop
  endfacet
  facet normal -0.5141027441932204 0.8577286100002727 0
    outer loop
      vertex 15.904123357812587 -4.49779844817661 0
      vertex 15.904123357812587 -4.49779844817661 2.4
      vertex 16.33340818839997 -4.24049502274298 0
    endloop
  endfacet
  facet normal -0.5956993044924338 0.8032075314806446 0
    outer loop
      vertex 16.33340818839997 -4.24049502274298 0
      vertex 16.33340818839997 -4.24049502274298 2.4
      vertex 16.73540574923459 -3.9423533121499585 0
    endloop
  endfacet
  facet normal -0.6715589548470173 0.74095112535496 0
    outer loop
      vertex 16.73540574923459 -3.9423533121499585 0
      vertex 16.73540574923459 -3.9423533121499585 2.4
      vertex 17.106244584051392 -3.6062445840513924 0
    endloop
  endfacet
  facet normal -0.7409511253549597 0.6715589548470178 2.48526738021455e-16
    outer loop
      vertex 17.106244584051392 -3.6062445840513924 0
      vertex 17.106244584051392 -3.6062445840513933 2.4
      vertex 17.442353312149958 -3.235405749234592 0
    endloop
  endfacet
  facet normal -0.8032075314806452 0.5956993044924331 4.012608569157101e-18
    outer loop
      vertex 17.74049502274298 -2.833408188399971 0
      vertex 17.442353312149958 -3.235405749234592 0
      vertex 17.442353312149958 -3.235405749234592 2.4
    endloop
  endfacet
  facet normal -0.857728610000272 0.5141027441932217 -8.157659642349279e-20
    outer loop
      vertex 17.99779844817661 -2.404123357812588 0
      vertex 17.74049502274298 -2.833408188399971 0
      vertex 17.74049502274298 -2.833408188399971 2.4
    endloop
  endfacet
  facet normal -0.9039892931234417 0.4275550934302856 -3.076577824224428e-18
    outer loop
      vertex 18.211785615807564 -1.9516855050619577 0
      vertex 17.99779844817661 -2.404123357812588 0
      vertex 17.99779844817661 -2.404123357812588 2.4
    endloop
  endfacet
  facet normal -0.9415440651830222 0.3368898533922161 2.8892277980940117e-18
    outer loop
      vertex 18.380395712234264 -1.4804518539977578 0
      vertex 18.211785615807564 -1.9516855050619577 0
      vertex 18.211785615807564 -1.9516855050619577 2.4
    endloop
  endfacet
  facet normal -0.9700312531945434 0.24298017990326612 -1.7431439933442612e-18
    outer loop
      vertex 18.502004930056476 -0.994960642282254 0
      vertex 18.380395712234264 -1.4804518539977578 0
      vertex 18.380395712234264 -1.4804518539977578 2.4
    endloop
  endfacet
  facet normal -0.9891765099647807 0.14673047445536377 1.4952311221147243e-18
    outer loop
      vertex 18.575442106028206 -0.49988741568075906 0
      vertex 18.502004930056476 -0.994960642282254 0
      vertex 18.502004930056476 -0.994960642282254 2.4
    endloop
  endfacet
  facet normal -0.9987954562051724 0.04906767432741798 -6.524216685472369e-19
    outer loop
      vertex 18.6 0 0
      vertex 18.575442106028206 -0.49988741568075906 0
      vertex 18.575442106028206 -0.49988741568075906 2.4
    endloop
  endfacet
  facet normal 0.7409511253549597 0.6715589548470178 0
    outer loop
      vertex 9.893755415948608 -3.6062445840513924 0
      vertex 9.557646687850042 -3.235405749234592 2.4
      vertex 9.893755415948608 -3.6062445840513924 2.4
    endloop
  endfacet
  facet normal 0.8032075314806452 0.5956993044924331 0
    outer loop
      vertex 9.557646687850042 -3.235405749234592 0
      vertex 9.25950497725702 -2.833408188399971 2.4
      vertex 9.557646687850042 -3.235405749234592 2.4
    endloop
  endfacet
  facet normal 0.857728610000272 0.5141027441932217 0
    outer loop
      vertex 9.25950497725702 -2.833408188399971 0
      vertex 9.00220155182339 -2.404123357812588 2.4
      vertex 9.25950497725702 -2.833408188399971 2.4
    endloop
  endfacet
  facet normal 0.941544065183021 0.3368898533922192 0
    outer loop
      vertex 8.788214384192438 -1.9516855050619577 0
      vertex 8.619604287765736 -1.4804518539977578 2.4
      vertex 8.788214384192438 -1.9516855050619577 2.4
    endloop
  endfacet
  facet normal 0.9700312531945434 0.24298017990326612 0
    outer loop
      vertex 8.619604287765736 -1.4804518539977578 0
      vertex 8.497995069943524 -0.994960642282254 2.4
      vertex 8.619604287765736 -1.4804518539977578 2.4
    endloop
  endfacet
  facet normal 0.903989293123443 0.42755509343028275 0
    outer loop
      vertex 9.00220155182339 -2.404123357812588 0
      vertex 8.788214384192438 -1.9516855050619577 2.4
      vertex 9.00220155182339 -2.404123357812588 2.4
    endloop
  endfacet
  facet normal 0.9891765099647812 0.14673047445536028 0
    outer loop
      vertex 8.497995069943524 -0.994960642282254 0
      vertex 8.424557893971796 -0.49988741568075906 2.4
      vertex 8.497995069943524 -0.994960642282254 2.4
    endloop
  endfacet
  facet normal 0.9987954562051724 0.04906767432741798 0
    outer loop
      vertex 8.424557893971796 -0.49988741568075906 0
      vertex 8.4 0 2.4
      vertex 8.424557893971796 -0.49988741568075906 2.4
    endloop
  endfacet
  facet normal 0.33688985339221933 0.941544065183021 0
    outer loop
      vertex 12.019548146002242 -4.8803957122342645 0
      vertex 11.548314494938042 -4.711785615807562 2.4
      vertex 12.019548146002242 -4.8803957122342645 2.4
    endloop
  endfacet
  facet normal 0.24298017990326456 0.9700312531945438 0
    outer loop
      vertex 12.505039357717745 -5.002004930056475 0
      vertex 12.019548146002242 -4.8803957122342645 2.4
      vertex 12.505039357717745 -5.002004930056475 2.4
    endloop
  endfacet
  facet normal 0.1467304744553616 0.9891765099647809 0
    outer loop
      vertex 13.000112584319242 -5.075442106028204 0
      vertex 12.505039357717745 -5.002004930056475 2.4
      vertex 13.000112584319242 -5.075442106028204 2.4
    endloop
  endfacet
  facet normal 0.04906767432741804 0.9987954562051724 0
    outer loop
      vertex 13.5 -5.1 0
      vertex 13.000112584319242 -5.075442106028204 2.4
      vertex 13.5 -5.1 2.4
    endloop
  endfacet
  facet normal -0.04906767432741804 0.9987954562051724 0
    outer loop
      vertex 13.999887415680758 -5.075442106028204 0
      vertex 13.5 -5.1 2.4
      vertex 13.999887415680758 -5.075442106028204 2.4
    endloop
  endfacet
  facet normal -0.1467304744553616 0.9891765099647809 0
    outer loop
      vertex 14.494960642282255 -5.002004930056475 0
      vertex 13.999887415680758 -5.075442106028204 2.4
      vertex 14.494960642282255 -5.002004930056475 2.4
    endloop
  endfacet
  facet normal -0.24298017990326456 0.9700312531945438 0
    outer loop
      vertex 14.980451853997758 -4.8803957122342645 0
      vertex 14.494960642282255 -5.002004930056475 2.4
      vertex 14.980451853997758 -4.8803957122342645 2.4
    endloop
  endfacet
  facet normal -0.33688985339221933 0.941544065183021 0
    outer loop
      vertex 15.451685505061958 -4.711785615807562 0
      vertex 14.980451853997758 -4.8803957122342645 2.4
      vertex 15.451685505061958 -4.711785615807562 2.4
    endloop
  endfacet
  facet normal 0.5141027441932204 0.8577286100002727 0
    outer loop
      vertex 11.095876642187413 -4.49779844817661 0
      vertex 10.666591811600028 -4.24049502274298 2.4
      vertex 11.095876642187413 -4.49779844817661 2.4
    endloop
  endfacet
  facet normal 0.5956993044924338 0.8032075314806446 1.5969152055060958e-18
    outer loop
      vertex 10.264594250765409 -3.9423533121499585 2.4
      vertex 10.666591811600028 -4.24049502274298 2.4
      vertex 10.666591811600028 -4.24049502274298 0
    endloop
  endfacet
  facet normal 0.6715589548470173 0.74095112535496 0
    outer loop
      vertex 10.264594250765409 -3.9423533121499585 0
      vertex 9.893755415948608 -3.6062445840513924 2.4
      vertex 10.264594250765409 -3.9423533121499585 2.4
    endloop
  endfacet
  facet normal 0.4275550934302836 0.9039892931234427 0
    outer loop
      vertex 11.548314494938042 -4.711785615807562 0
      vertex 11.095876642187413 -4.49779844817661 2.4
      vertex 11.548314494938042 -4.711785615807562 2.4
    endloop
  endfacet
  facet normal -0.4275550934302836 0.9039892931234427 0
    outer loop
      vertex 15.904123357812587 -4.49779844817661 0
      vertex 15.451685505061958 -4.711785615807562 2.4
      vertex 15.904123357812587 -4.49779844817661 2.4
    endloop
  endfacet
  facet normal -0.5141027441932204 0.8577286100002727 0
    outer loop
      vertex 16.33340818839997 -4.24049502274298 0
      vertex 15.904123357812587 -4.49779844817661 2.4
      vertex 16.33340818839997 -4.24049502274298 2.4
    endloop
  endfacet
  facet normal -0.5956993044924338 0.8032075314806446 0
    outer loop
      vertex 16.73540574923459 -3.9423533121499585 0
      vertex 16.33340818839997 -4.24049502274298 2.4
      vertex 16.73540574923459 -3.9423533121499585 2.4
    endloop
  endfacet
  facet normal -0.6715589548470164 0.740951125354961 2.7420699983033275e-16
    outer loop
      vertex 17.106244584051392 -3.6062445840513924 0
      vertex 16.73540574923459 -3.9423533121499585 2.4
      vertex 17.106244584051392 -3.6062445840513933 2.4
    endloop
  endfacet
  facet normal -0.7409511253549605 0.6715589548470169 0
    outer loop
      vertex 17.442353312149958 -3.235405749234592 0
      vertex 17.106244584051392 -3.6062445840513933 2.4
      vertex 17.442353312149958 -3.235405749234592 2.4
    endloop
  endfacet
  facet normal -0.8032075314806452 0.5956993044924331 0
    outer loop
      vertex 17.74049502274298 -2.833408188399971 0
      vertex 17.442353312149958 -3.235405749234592 2.4
      vertex 17.74049502274298 -2.833408188399971 2.4
    endloop
  endfacet
  facet normal -0.857728610000272 0.5141027441932217 0
    outer loop
      vertex 17.99779844817661 -2.404123357812588 0
      vertex 17.74049502274298 -2.833408188399971 2.4
      vertex 17.99779844817661 -2.404123357812588 2.4
    endloop
  endfacet
  facet normal -0.9039892931234417 0.4275550934302856 0
    outer loop
      vertex 18.211785615807564 -1.9516855050619577 0
      vertex 17.99779844817661 -2.404123357812588 2.4
      vertex 18.211785615807564 -1.9516855050619577 2.4
    endloop
  endfacet
  facet normal -0.9415440651830222 0.3368898533922161 0
    outer loop
      vertex 18.380395712234264 -1.4804518539977578 0
      vertex 18.211785615807564 -1.9516855050619577 2.4
      vertex 18.380395712234264 -1.4804518539977578 2.4
    endloop
  endfacet
  facet normal -0.9700312531945434 0.24298017990326612 0
    outer loop
      vertex 18.502004930056476 -0.994960642282254 0
      vertex 18.380395712234264 -1.4804518539977578 2.4
      vertex 18.502004930056476 -0.994960642282254 2.4
    endloop
  endfacet
  facet normal -0.9891765099647807 0.14673047445536377 0
    outer loop
      vertex 18.575442106028206 -0.49988741568075906 0
      vertex 18.502004930056476 -0.994960642282254 2.4
      vertex 18.575442106028206 -0.49988741568075906 2.4
    endloop
  endfacet
  facet normal -0.9987954562051724 0.04906767432741798 0
    outer loop
      vertex 18.6 0 0
      vertex 18.575442106028206 -0.49988741568075906 2.4
      vertex 18.6 0 2.4
    endloop
  endfacet
  facet normal 0.9987954562051724 -0.04906767432741798 -6.524216685472369e-19
    outer loop
      vertex 8.4 0 0
      vertex 8.424557893971796 0.49988741568075906 0
      vertex 8.424557893971796 0.49988741568075906 2.4
    endloop
  endfacet
  facet normal 0.9891765099647812 -0.14673047445536028 -2.7723177936692197e-18
    outer loop
      vertex 8.424557893971796 0.49988741568075906 0
      vertex 8.497995069943524 0.994960642282254 0
      vertex 8.497995069943524 0.994960642282254 2.4
    endloop
  endfacet
  facet normal 0.9700312531945434 -0.24298017990326612 -1.7431439933442612e-18
    outer loop
      vertex 8.497995069943524 0.994960642282254 0
      vertex 8.619604287765736 1.4804518539977578 0
      vertex 8.619604287765736 1.4804518539977578 2.4
    endloop
  endfacet
  facet normal 0.941544065183021 -0.3368898533922192 -4.9913259198393416e-18
    outer loop
      vertex 8.619604287765736 1.4804518539977578 0
      vertex 8.788214384192438 1.9516855050619577 0
      vertex 8.788214384192438 1.9516855050619577 2.4
    endloop
  endfacet
  facet normal 0.903989293123443 -0.42755509343028275 -2.0603919882157996e-18
    outer loop
      vertex 8.788214384192438 1.9516855050619577 0
      vertex 9.00220155182339 2.404123357812588 0
      vertex 9.00220155182339 2.404123357812588 2.4
    endloop
  endfacet
  facet normal 0.857728610000272 -0.5141027441932217 -8.157659642349279e-20
    outer loop
      vertex 9.00220155182339 2.404123357812588 0
      vertex 9.25950497725702 2.833408188399971 0
      vertex 9.25950497725702 2.833408188399971 2.4
    endloop
  endfacet
  facet normal 0.8032075314806452 -0.5956993044924331 4.012608569157101e-18
    outer loop
      vertex 9.25950497725702 2.833408188399971 0
      vertex 9.557646687850042 3.235405749234592 0
      vertex 9.557646687850042 3.235405749234592 2.4
    endloop
  endfacet
  facet normal 0.7409511253549597 -0.6715589548470178 -3.617533317553929e-18
    outer loop
      vertex 9.557646687850042 3.235405749234592 0
      vertex 9.893755415948608 3.6062445840513924 0
      vertex 9.893755415948608 3.6062445840513924 2.4
    endloop
  endfacet
  facet normal 0.6715589548470173 -0.74095112535496 0
    outer loop
      vertex 10.264594250765409 3.9423533121499585 0
      vertex 10.264594250765409 3.9423533121499585 2.4
      vertex 9.893755415948608 3.6062445840513924 0
    endloop
  endfacet
  facet normal 0.5956993044924338 -0.8032075314806446 0
    outer loop
      vertex 10.666591811600028 4.24049502274298 0
      vertex 10.666591811600028 4.24049502274298 2.4
      vertex 10.264594250765409 3.9423533121499585 0
    endloop
  endfacet
  facet normal 0.5141027441932204 -0.8577286100002727 0
    outer loop
      vertex 11.095876642187413 4.49779844817661 0
      vertex 11.095876642187413 4.49779844817661 2.4
      vertex 10.666591811600028 4.24049502274298 0
    endloop
  endfacet
  facet normal 0.4275550934302836 -0.9039892931234427 0
    outer loop
      vertex 11.548314494938042 4.711785615807562 0
      vertex 11.548314494938042 4.711785615807562 2.4
      vertex 11.095876642187413 4.49779844817661 0
    endloop
  endfacet
  facet normal -0.9987954562051724 -0.04906767432741798 6.524216685472369e-19
    outer loop
      vertex 18.575442106028206 0.49988741568075906 0
      vertex 18.6 0 0
      vertex 18.6 0 2.4
    endloop
  endfacet
  facet normal -0.9891765099647807 -0.14673047445536377 -1.4952311221147243e-18
    outer loop
      vertex 18.502004930056476 0.994960642282254 0
      vertex 18.575442106028206 0.49988741568075906 0
      vertex 18.575442106028206 0.49988741568075906 2.4
    endloop
  endfacet
  facet normal -0.9700312531945434 -0.24298017990326612 1.7431439933442612e-18
    outer loop
      vertex 18.380395712234264 1.4804518539977578 0
      vertex 18.502004930056476 0.994960642282254 0
      vertex 18.502004930056476 0.994960642282254 2.4
    endloop
  endfacet
  facet normal -0.9415440651830222 -0.3368898533922161 -2.8892277980940117e-18
    outer loop
      vertex 18.211785615807564 1.9516855050619577 0
      vertex 18.380395712234264 1.4804518539977578 0
      vertex 18.380395712234264 1.4804518539977578 2.4
    endloop
  endfacet
  facet normal -0.9039892931234417 -0.4275550934302856 3.076577824224428e-18
    outer loop
      vertex 17.99779844817661 2.404123357812588 0
      vertex 18.211785615807564 1.9516855050619577 0
      vertex 18.211785615807564 1.9516855050619577 2.4
    endloop
  endfacet
  facet normal -0.7409511253549597 -0.6715589548470178 3.617533317553929e-18
    outer loop
      vertex 17.106244584051392 3.6062445840513924 0
      vertex 17.442353312149958 3.235405749234592 0
      vertex 17.442353312149958 3.235405749234592 2.4
    endloop
  endfacet
  facet normal -0.5141027441932204 -0.8577286100002727 0
    outer loop
      vertex 16.33340818839997 4.24049502274298 0
      vertex 16.33340818839997 4.24049502274298 2.4
      vertex 15.904123357812587 4.49779844817661 0
    endloop
  endfacet
  facet normal -0.4275550934302836 -0.9039892931234427 0
    outer loop
      vertex 15.904123357812587 4.49779844817661 0
      vertex 15.904123357812587 4.49779844817661 2.4
      vertex 15.451685505061958 4.711785615807562 0
    endloop
  endfacet
  facet normal -0.5956993044924338 -0.8032075314806446 0
    outer loop
      vertex 16.73540574923459 3.9423533121499585 0
      vertex 16.73540574923459 3.9423533121499585 2.4
      vertex 16.33340818839997 4.24049502274298 0
    endloop
  endfacet
  facet normal -0.6715589548470173 -0.74095112535496 0
    outer loop
      vertex 17.106244584051392 3.6062445840513924 0
      vertex 17.106244584051392 3.6062445840513924 2.4
      vertex 16.73540574923459 3.9423533121499585 0
    endloop
  endfacet
  facet normal -0.857728610000272 -0.5141027441932217 8.157659642349279e-20
    outer loop
      vertex 17.74049502274298 2.833408188399971 0
      vertex 17.99779844817661 2.404123357812588 0
      vertex 17.99779844817661 2.404123357812588 2.4
    endloop
  endfacet
  facet normal -0.8032075314806452 -0.5956993044924331 -4.012608569157101e-18
    outer loop
      vertex 17.442353312149958 3.235405749234592 0
      vertex 17.74049502274298 2.833408188399971 0
      vertex 17.74049502274298 2.833408188399971 2.4
    endloop
  endfacet
  facet normal 0.33688985339221933 -0.941544065183021 0
    outer loop
      vertex 12.019548146002242 4.8803957122342645 0
      vertex 12.019548146002242 4.8803957122342645 2.4
      vertex 11.548314494938042 4.711785615807562 0
    endloop
  endfacet
  facet normal 0.24298017990326456 -0.9700312531945438 0
    outer loop
      vertex 12.505039357717745 5.002004930056475 0
      vertex 12.505039357717745 5.002004930056475 2.4
      vertex 12.019548146002242 4.8803957122342645 0
    endloop
  endfacet
  facet normal 0.1467304744553616 -0.9891765099647809 0
    outer loop
      vertex 13.000112584319242 5.075442106028204 0
      vertex 13.000112584319242 5.075442106028204 2.4
      vertex 12.505039357717745 5.002004930056475 0
    endloop
  endfacet
  facet normal 0.04906767432741804 -0.9987954562051724 0
    outer loop
      vertex 13.5 5.1 0
      vertex 13.5 5.1 2.4
      vertex 13.000112584319242 5.075442106028204 0
    endloop
  endfacet
  facet normal -0.1467304744553616 -0.9891765099647809 0
    outer loop
      vertex 14.494960642282255 5.002004930056475 0
      vertex 14.494960642282255 5.002004930056475 2.4
      vertex 13.999887415680758 5.075442106028204 0
    endloop
  endfacet
  facet normal -0.04906767432741804 -0.9987954562051724 0
    outer loop
      vertex 13.999887415680758 5.075442106028204 0
      vertex 13.999887415680758 5.075442106028204 2.4
      vertex 13.5 5.1 0
    endloop
  endfacet
  facet normal -0.24298017990326456 -0.9700312531945438 0
    outer loop
      vertex 14.980451853997758 4.8803957122342645 0
      vertex 14.980451853997758 4.8803957122342645 2.4
      vertex 14.494960642282255 5.002004930056475 0
    endloop
  endfacet
  facet normal -0.33688985339221933 -0.941544065183021 0
    outer loop
      vertex 15.451685505061958 4.711785615807562 0
      vertex 15.451685505061958 4.711785615807562 2.4
      vertex 14.980451853997758 4.8803957122342645 0
    endloop
  endfacet
  facet normal 0.9987954562051724 -0.04906767432741798 0
    outer loop
      vertex 8.4 0 0
      vertex 8.424557893971796 0.49988741568075906 2.4
      vertex 8.4 0 2.4
    endloop
  endfacet
  facet normal 0.9891765099647812 -0.14673047445536028 0
    outer loop
      vertex 8.424557893971796 0.49988741568075906 0
      vertex 8.497995069943524 0.994960642282254 2.4
      vertex 8.424557893971796 0.49988741568075906 2.4
    endloop
  endfacet
  facet normal 0.9700312531945434 -0.24298017990326612 0
    outer loop
      vertex 8.497995069943524 0.994960642282254 0
      vertex 8.619604287765736 1.4804518539977578 2.4
      vertex 8.497995069943524 0.994960642282254 2.4
    endloop
  endfacet
  facet normal 0.941544065183021 -0.3368898533922192 0
    outer loop
      vertex 8.619604287765736 1.4804518539977578 0
      vertex 8.788214384192438 1.9516855050619577 2.4
      vertex 8.619604287765736 1.4804518539977578 2.4
    endloop
  endfacet
  facet normal 0.903989293123443 -0.42755509343028275 0
    outer loop
      vertex 8.788214384192438 1.9516855050619577 0
      vertex 9.00220155182339 2.404123357812588 2.4
      vertex 8.788214384192438 1.9516855050619577 2.4
    endloop
  endfacet
  facet normal 0.857728610000272 -0.5141027441932217 0
    outer loop
      vertex 9.00220155182339 2.404123357812588 0
      vertex 9.25950497725702 2.833408188399971 2.4
      vertex 9.00220155182339 2.404123357812588 2.4
    endloop
  endfacet
  facet normal 0.8032075314806452 -0.5956993044924331 0
    outer loop
      vertex 9.25950497725702 2.833408188399971 0
      vertex 9.557646687850042 3.235405749234592 2.4
      vertex 9.25950497725702 2.833408188399971 2.4
    endloop
  endfacet
  facet normal 0.7409511253549597 -0.6715589548470178 -3.617533317553929e-18
    outer loop
      vertex 9.893755415948608 3.6062445840513924 2.4
      vertex 9.557646687850042 3.235405749234592 2.4
      vertex 9.557646687850042 3.235405749234592 0
    endloop
  endfacet
  facet normal 0.6715589548470173 -0.74095112535496 0
    outer loop
      vertex 9.893755415948608 3.6062445840513924 0
      vertex 10.264594250765409 3.9423533121499585 2.4
      vertex 9.893755415948608 3.6062445840513924 2.4
    endloop
  endfacet
  facet normal 0.5956993044924338 -0.8032075314806446 0
    outer loop
      vertex 10.264594250765409 3.9423533121499585 0
      vertex 10.666591811600028 4.24049502274298 2.4
      vertex 10.264594250765409 3.9423533121499585 2.4
    endloop
  endfacet
  facet normal 0.5141027441932204 -0.8577286100002727 0
    outer loop
      vertex 10.666591811600028 4.24049502274298 0
      vertex 11.095876642187413 4.49779844817661 2.4
      vertex 10.666591811600028 4.24049502274298 2.4
    endloop
  endfacet
  facet normal 0.4275550934302836 -0.9039892931234427 0
    outer loop
      vertex 11.095876642187413 4.49779844817661 0
      vertex 11.548314494938042 4.711785615807562 2.4
      vertex 11.095876642187413 4.49779844817661 2.4
    endloop
  endfacet
  facet normal -0.9987954562051724 -0.04906767432741798 0
    outer loop
      vertex 18.575442106028206 0.49988741568075906 0
      vertex 18.6 0 2.4
      vertex 18.575442106028206 0.49988741568075906 2.4
    endloop
  endfacet
  facet normal -0.9891765099647807 -0.14673047445536377 0
    outer loop
      vertex 18.502004930056476 0.994960642282254 0
      vertex 18.575442106028206 0.49988741568075906 2.4
      vertex 18.502004930056476 0.994960642282254 2.4
    endloop
  endfacet
  facet normal -0.9700312531945434 -0.24298017990326612 0
    outer loop
      vertex 18.380395712234264 1.4804518539977578 0
      vertex 18.502004930056476 0.994960642282254 2.4
      vertex 18.380395712234264 1.4804518539977578 2.4
    endloop
  endfacet
  facet normal -0.9039892931234417 -0.4275550934302856 0
    outer loop
      vertex 17.99779844817661 2.404123357812588 0
      vertex 18.211785615807564 1.9516855050619577 2.4
      vertex 17.99779844817661 2.404123357812588 2.4
    endloop
  endfacet
  facet normal -0.9415440651830222 -0.3368898533922161 0
    outer loop
      vertex 18.211785615807564 1.9516855050619577 0
      vertex 18.380395712234264 1.4804518539977578 2.4
      vertex 18.211785615807564 1.9516855050619577 2.4
    endloop
  endfacet
  facet normal -0.7409511253549597 -0.6715589548470178 0
    outer loop
      vertex 17.106244584051392 3.6062445840513924 0
      vertex 17.442353312149958 3.235405749234592 2.4
      vertex 17.106244584051392 3.6062445840513924 2.4
    endloop
  endfacet
  facet normal -0.4275550934302836 -0.9039892931234427 0
    outer loop
      vertex 15.451685505061958 4.711785615807562 0
      vertex 15.904123357812587 4.49779844817661 2.4
      vertex 15.451685505061958 4.711785615807562 2.4
    endloop
  endfacet
  facet normal -0.5141027441932204 -0.8577286100002727 0
    outer loop
      vertex 15.904123357812587 4.49779844817661 0
      vertex 16.33340818839997 4.24049502274298 2.4
      vertex 15.904123357812587 4.49779844817661 2.4
    endloop
  endfacet
  facet normal -0.6715589548470173 -0.74095112535496 0
    outer loop
      vertex 16.73540574923459 3.9423533121499585 0
      vertex 17.106244584051392 3.6062445840513924 2.4
      vertex 16.73540574923459 3.9423533121499585 2.4
    endloop
  endfacet
  facet normal -0.5956993044924338 -0.8032075314806446 0
    outer loop
      vertex 16.33340818839997 4.24049502274298 0
      vertex 16.73540574923459 3.9423533121499585 2.4
      vertex 16.33340818839997 4.24049502274298 2.4
    endloop
  endfacet
  facet normal -0.857728610000272 -0.5141027441932217 0
    outer loop
      vertex 17.74049502274298 2.833408188399971 0
      vertex 17.99779844817661 2.404123357812588 2.4
      vertex 17.74049502274298 2.833408188399971 2.4
    endloop
  endfacet
  facet normal -0.8032075314806452 -0.5956993044924331 0
    outer loop
      vertex 17.442353312149958 3.235405749234592 0
      vertex 17.74049502274298 2.833408188399971 2.4
      vertex 17.442353312149958 3.235405749234592 2.4
    endloop
  endfacet
  facet normal 0.33688985339221933 -0.941544065183021 0
    outer loop
      vertex 11.548314494938042 4.711785615807562 0
      vertex 12.019548146002242 4.8803957122342645 2.4
      vertex 11.548314494938042 4.711785615807562 2.4
    endloop
  endfacet
  facet normal 0.24298017990326456 -0.9700312531945438 0
    outer loop
      vertex 12.019548146002242 4.8803957122342645 0
      vertex 12.505039357717745 5.002004930056475 2.4
      vertex 12.019548146002242 4.8803957122342645 2.4
    endloop
  endfacet
  facet normal 0.1467304744553616 -0.9891765099647809 0
    outer loop
      vertex 12.505039357717745 5.002004930056475 0
      vertex 13.000112584319242 5.075442106028204 2.4
      vertex 12.505039357717745 5.002004930056475 2.4
    endloop
  endfacet
  facet normal 0.04906767432741804 -0.9987954562051724 0
    outer loop
      vertex 13.000112584319242 5.075442106028204 0
      vertex 13.5 5.1 2.4
      vertex 13.000112584319242 5.075442106028204 2.4
    endloop
  endfacet
  facet normal -0.04906767432741804 -0.9987954562051724 0
    outer loop
      vertex 13.5 5.1 0
      vertex 13.999887415680758 5.075442106028204 2.4
      vertex 13.5 5.1 2.4
    endloop
  endfacet
  facet normal -0.1467304744553616 -0.9891765099647809 0
    outer loop
      vertex 13.999887415680758 5.075442106028204 0
      vertex 14.494960642282255 5.002004930056475 2.4
      vertex 13.999887415680758 5.075442106028204 2.4
    endloop
  endfacet
  facet normal -0.24298017990326456 -0.9700312531945438 0
    outer loop
      vertex 14.494960642282255 5.002004930056475 0
      vertex 14.980451853997758 4.8803957122342645 2.4
      vertex 14.494960642282255 5.002004930056475 2.4
    endloop
  endfacet
  facet normal -0.33688985339221933 -0.941544065183021 0
    outer loop
      vertex 14.980451853997758 4.8803957122342645 0
      vertex 15.451685505061958 4.711785615807562 2.4
      vertex 14.980451853997758 4.8803957122342645 2.4
    endloop
  endfacet
  facet normal 1 0 0
    outer loop
      vertex -14.208020001649857 -11.668719999492168 0.7000000000000001
      vertex -14.208020001649857 -12.330600000917912 0
      vertex -14.208020001649857 -11.668719999492168 0
    endloop
  endfacet
  facet normal 0 1 0
    outer loop
      vertex -14.208020001649857 -12.330600000917912 0.7000000000000001
      vertex -12.797499999403954 -12.330600000917912 0
      vertex -14.208020001649857 -12.330600000917912 0
    endloop
  endfacet
  facet normal -1 0 0
    outer loop
      vertex -12.797499999403954 -12.330600000917912 0.7000000000000001
      vertex -12.797499999403954 -11.668719999492168 0
      vertex -12.797499999403954 -12.330600000917912 0
    endloop
  endfacet
  facet normal 1 0 0
    outer loop
      vertex -14.208020001649857 -12.330600000917912 0.7000000000000001
      vertex -14.208020001649857 -12.330600000917912 0
      vertex -14.208020001649857 -11.668719999492168 0.7000000000000001
    endloop
  endfacet
  facet normal 0 1 0
    outer loop
      vertex -14.208020001649857 -12.330600000917912 0.7000000000000001
      vertex -12.797499999403954 -12.330600000917912 0.7000000000000001
      vertex -12.797499999403954 -12.330600000917912 0
    endloop
  endfacet
  facet normal -1 0 0
    outer loop
      vertex -12.797499999403954 -12.330600000917912 0.7000000000000001
      vertex -12.797499999403954 -11.668719999492168 0.7000000000000001
      vertex -12.797499999403954 -11.668719999492168 0
    endloop
  endfacet
  facet normal 0 -1 0
    outer loop
      vertex -12.797499999403954 -11.668719999492168 0.7000000000000001
      vertex -14.208020001649857 -11.668719999492168 0
      vertex -12.797499999403954 -11.668719999492168 0
    endloop
  endfacet
  facet normal 0 -1 0
    outer loop
      vertex -14.208020001649857 -11.668719999492168 0.7000000000000001
      vertex -14.208020001649857 -11.668719999492168 0
      vertex -12.797499999403954 -11.668719999492168 0.7000000000000001
    endloop
  endfacet
  facet normal 0 0 -1
    outer loop
      vertex -14.208020001649857 -12.330600000917912 0.7000000000000001
      vertex -14.208020001649857 -11.668719999492168 0.7000000000000001
      vertex -12.797499999403954 -11.668719999492168 0.7000000000000001
    endloop
  endfacet
  facet normal 0 0 -1
    outer loop
      vertex -14.208020001649857 -12.330600000917912 0.7000000000000001
      vertex -12.797499999403954 -11.668719999492168 0.7000000000000001
      vertex -12.797499999403954 -12.330600000917912 0.7000000000000001
    endloop
  endfacet
  facet normal 0 1 0
    outer loop
      vertex 12.111100003123283 -12.303640000522137 0.7000000000000001
      vertex 13.193379998207092 -12.303640000522137 0
      vertex 12.111100003123283 -12.303640000522137 0
    endloop
  endfacet
  facet normal 1 0 0
    outer loop
      vertex 12.111100003123283 -11.696039997041225 0.7000000000000001
      vertex 12.111100003123283 -12.303640000522137 0
      vertex 12.111100003123283 -11.696039997041225 0
    endloop
  endfacet
  facet normal 0 1 0
    outer loop
      vertex 13.193379998207092 -13.41031999886036 0.7000000000000001
      vertex 13.806419998407364 -13.41031999886036 0
      vertex 13.193379998207092 -13.41031999886036 0
    endloop
  endfacet
  facet normal 1 0 0
    outer loop
      vertex 13.193379998207092 -12.303640000522137 0.7000000000000001
      vertex 13.193379998207092 -13.41031999886036 0
      vertex 13.193379998207092 -12.303640000522137 0
    endloop
  endfacet
  facet normal -1 0 0
    outer loop
      vertex 13.806419998407364 -13.41031999886036 0.7000000000000001
      vertex 13.806419998407364 -12.303640000522137 0
      vertex 13.806419998407364 -13.41031999886036 0
    endloop
  endfacet
  facet normal 0 1 0
    outer loop
      vertex 13.806419998407364 -12.303640000522137 0.7000000000000001
      vertex 14.89682000130415 -12.303640000522137 0
      vertex 13.806419998407364 -12.303640000522137 0
    endloop
  endfacet
  facet normal -1 0 0
    outer loop
      vertex 14.89682000130415 -12.303640000522137 0.7000000000000001
      vertex 14.89682000130415 -11.696039997041225 0
      vertex 14.89682000130415 -12.303640000522137 0
    endloop
  endfacet
  facet normal 1 0 0
    outer loop
      vertex 12.111100003123283 -12.303640000522137 0.7000000000000001
      vertex 12.111100003123283 -12.303640000522137 0
      vertex 12.111100003123283 -11.696039997041225 0.7000000000000001
    endloop
  endfacet
  facet normal 0 1 0
    outer loop
      vertex 13.193379998207092 -13.41031999886036 0.7000000000000001
      vertex 13.806419998407364 -13.41031999886036 0.7000000000000001
      vertex 13.806419998407364 -13.41031999886036 0
    endloop
  endfacet
  facet normal 1 0 0
    outer loop
      vertex 13.193379998207092 -13.41031999886036 0.7000000000000001
      vertex 13.193379998207092 -13.41031999886036 0
      vertex 13.193379998207092 -12.303640000522137 0.7000000000000001
    endloop
  endfacet
  facet normal 0 1 0
    outer loop
      vertex 12.111100003123283 -12.303640000522137 0.7000000000000001
      vertex 13.193379998207092 -12.303640000522137 0.7000000000000001
      vertex 13.193379998207092 -12.303640000522137 0
    endloop
  endfacet
  facet normal -1 0 0
    outer loop
      vertex 13.806419998407364 -13.41031999886036 0.7000000000000001
      vertex 13.806419998407364 -12.303640000522137 0.7000000000000001
      vertex 13.806419998407364 -12.303640000522137 0
    endloop
  endfacet
  facet normal 0 1 0
    outer loop
      vertex 13.806419998407364 -12.303640000522137 0.7000000000000001
      vertex 14.89682000130415 -12.303640000522137 0.7000000000000001
      vertex 14.89682000130415 -12.303640000522137 0
    endloop
  endfacet
  facet normal -1 0 0
    outer loop
      vertex 14.89682000130415 -12.303640000522137 0.7000000000000001
      vertex 14.89682000130415 -11.696039997041225 0.7000000000000001
      vertex 14.89682000130415 -11.696039997041225 0
    endloop
  endfacet
  facet normal 0 -1 0
    outer loop
      vertex 13.193379998207092 -11.696039997041225 0.7000000000000001
      vertex 12.111100003123283 -11.696039997041225 0
      vertex 13.193379998207092 -11.696039997041225 0
    endloop
  endfacet
  facet normal 1 0 0
    outer loop
      vertex 13.193379998207092 -10.589319996535778 0.7000000000000001
      vertex 13.193379998207092 -11.696039997041225 0
      vertex 13.193379998207092 -10.589319996535778 0
    endloop
  endfacet
  facet normal -1 0 0
    outer loop
      vertex 13.806419998407364 -11.696039997041225 0.7000000000000001
      vertex 13.806419998407364 -10.589319996535778 0
      vertex 13.806419998407364 -11.696039997041225 0
    endloop
  endfacet
  facet normal 0 -1 0
    outer loop
      vertex 14.89682000130415 -11.696039997041225 0.7000000000000001
      vertex 13.806419998407364 -11.696039997041225 0
      vertex 14.89682000130415 -11.696039997041225 0
    endloop
  endfacet
  facet normal 0 -1 0
    outer loop
      vertex 13.806419998407364 -10.589319996535778 0.7000000000000001
      vertex 13.193379998207092 -10.589319996535778 0
      vertex 13.806419998407364 -10.589319996535778 0
    endloop
  endfacet
  facet normal 0 -1 0
    outer loop
      vertex 12.111100003123283 -11.696039997041225 0.7000000000000001
      vertex 12.111100003123283 -11.696039997041225 0
      vertex 13.193379998207092 -11.696039997041225 0.7000000000000001
    endloop
  endfacet
  facet normal 1 0 0
    outer loop
      vertex 13.193379998207092 -11.696039997041225 0.7000000000000001
      vertex 13.193379998207092 -11.696039997041225 0
      vertex 13.193379998207092 -10.589319996535778 0.7000000000000001
    endloop
  endfacet
  facet normal 0 -1 0
    outer loop
      vertex 13.806419998407364 -11.696039997041225 0.7000000000000001
      vertex 13.806419998407364 -11.696039997041225 0
      vertex 14.89682000130415 -11.696039997041225 0.7000000000000001
    endloop
  endfacet
  facet normal -1 0 0
    outer loop
      vertex 13.806419998407364 -11.696039997041225 0.7000000000000001
      vertex 13.806419998407364 -10.589319996535778 0.7000000000000001
      vertex 13.806419998407364 -10.589319996535778 0
    endloop
  endfacet
  facet normal 0 -1 0
    outer loop
      vertex 13.193379998207092 -10.589319996535778 0.7000000000000001
      vertex 13.193379998207092 -10.589319996535778 0
      vertex 13.806419998407364 -10.589319996535778 0.7000000000000001
    endloop
  endfacet
  facet normal 0 0 -1
    outer loop
      vertex 12.111100003123283 -12.303640000522137 0.7000000000000001
      vertex 12.111100003123283 -11.696039997041225 0.7000000000000001
      vertex 13.193379998207092 -11.696039997041225 0.7000000000000001
    endloop
  endfacet
  facet normal 0 0 -1
    outer loop
      vertex 13.193379998207092 -13.41031999886036 0.7000000000000001
      vertex 13.193379998207092 -12.303640000522137 0.7000000000000001
      vertex 13.806419998407364 -13.41031999886036 0.7000000000000001
    endloop
  endfacet
  facet normal 0 0 -1
    outer loop
      vertex 13.806419998407364 -13.41031999886036 0.7000000000000001
      vertex 13.193379998207092 -12.303640000522137 0.7000000000000001
      vertex 13.806419998407364 -12.303640000522137 0.7000000000000001
    endloop
  endfacet
  facet normal 0 0 -1
    outer loop
      vertex 12.111100003123283 -12.303640000522137 0.7000000000000001
      vertex 13.193379998207092 -11.696039997041225 0.7000000000000001
      vertex 13.193379998207092 -12.303640000522137 0.7000000000000001
    endloop
  endfacet
  facet normal 0 0 -1
    outer loop
      vertex 13.193379998207092 -12.303640000522137 0.7000000000000001
      vertex 13.193379998207092 -11.696039997041225 0.7000000000000001
      vertex 13.806419998407364 -12.303640000522137 0.7000000000000001
    endloop
  endfacet
  facet normal 0 0 -1
    outer loop
      vertex 13.806419998407364 -12.303640000522137 0.7000000000000001
      vertex 13.193379998207092 -11.696039997041225 0.7000000000000001
      vertex 13.806419998407364 -11.696039997041225 0.7000000000000001
    endloop
  endfacet
  facet normal 0 0 -1
    outer loop
      vertex 13.806419998407364 -12.303640000522137 0.7000000000000001
      vertex 13.806419998407364 -11.696039997041225 0.7000000000000001
      vertex 14.89682000130415 -11.696039997041225 0.7000000000000001
    endloop
  endfacet
  facet normal 0 0 -1
    outer loop
      vertex 13.806419998407364 -12.303640000522137 0.7000000000000001
      vertex 14.89682000130415 -11.696039997041225 0.7000000000000001
      vertex 14.89682000130415 -12.303640000522137 0.7000000000000001
    endloop
  endfacet
  facet normal 0 0 -1
    outer loop
      vertex 13.193379998207092 -11.696039997041225 0.7000000000000001
      vertex 13.193379998207092 -10.589319996535778 0.7000000000000001
      vertex 13.806419998407364 -11.696039997041225 0.7000000000000001
    endloop
  endfacet
  facet normal 0 0 -1
    outer loop
      vertex 13.806419998407364 -11.696039997041225 0.7000000000000001
      vertex 13.193379998207092 -10.589319996535778 0.7000000000000001
      vertex 13.806419998407364 -10.589319996535778 0.7000000000000001
    endloop
  endfacet
endsolid OpenSCAD_Model
